order_id,order_date,region,country,product,category,quantity,unit_price,discount,revenue,customer_segment,channel,sales_rep,returned
SO-100206,2023-01-01,APAC,Japan,Ink Bottle Sepia 50ml,Ink,3,18,0,45.9,Small Business,Online,D. Rossi,false
SO-100811,2023-01-01,LATAM,Brazil,Leather Journal Cover,Accessories,1,42,0.05,33.92,Enterprise,Retail,H. Silva,false
SO-100968,2023-01-01,LATAM,Brazil,Fountain Pen Classic,Writing,2,48,0,81.6,Consumer,Online,C. Nakamura,false
SO-102443,2023-01-01,EU,Netherlands,Leather Journal Cover,Accessories,2,42,0,71.4,Small Business,Retail,G. Patel,false
SO-103229,2023-01-01,APAC,Australia,Quill Notebook A4,Stationery,1,16,0,13.6,Consumer,Online,D. Rossi,false
SO-103469,2023-01-01,EU,Spain,Gel Pen 5-pack,Writing,3,9.9,0.2,20.2,Consumer,Online,A. Okafor,false
SO-104807,2023-01-01,EU,Netherlands,Ink Bottle Sepia 50ml,Ink,1,18,0,15.3,Consumer,Online,H. Silva,true
SO-105362,2023-01-01,NA,Mexico,Quill Notebook A4,Stationery,1,16,0,13.6,Consumer,Online,C. Nakamura,false
SO-105366,2023-01-01,APAC,Singapore,Monitor Riser Oak,Desk,1,64,0,54.4,Consumer,Online,A. Okafor,false
SO-100436,2023-01-02,LATAM,Brazil,Monitor Riser Oak,Desk,2,64,0.05,103.36,Consumer,Retail,F. Moreau,false
SO-100561,2023-01-02,EU,Netherlands,Quill Notebook A5,Stationery,1,12.5,0.1,9.56,Consumer,Online,G. Patel,false
SO-100998,2023-01-02,APAC,Japan,Fountain Pen Brass,Writing,1,79,0,67.15,Small Business,Wholesale,F. Moreau,false
SO-101473,2023-01-02,EU,Spain,Desk Mat Linen,Desk,3,34,0,86.7,Small Business,Online,B. Lindqvist,false
SO-102492,2023-01-02,APAC,Singapore,Fountain Pen Classic,Writing,1,48,0.05,38.76,Consumer,Retail,G. Patel,false
SO-102697,2023-01-02,LATAM,Argentina,Calligraphy Starter Kit,Writing,1,58,0.05,46.83,Consumer,Online,G. Patel,false
SO-104762,2023-01-02,APAC,India,Quill Notebook A4,Stationery,3,16,0,40.8,Consumer,Retail,A. Okafor,false
SO-105109,2023-01-02,LATAM,Brazil,Ink Bottle Sepia 50ml,Ink,1,18,0.1,13.77,Consumer,Online,F. Moreau,false
SO-105788,2023-01-02,APAC,Singapore,Ink Bottle Sepia 50ml,Ink,1,18,0,15.3,Small Business,Online,A. Okafor,false
SO-105991,2023-01-02,MEA,South Africa,Desk Mat Linen,Desk,1,34,0.05,27.46,Consumer,Retail,H. Silva,false
SO-100645,2023-01-03,EU,United Kingdom,Leather Journal Cover,Accessories,5,42,0,178.5,Small Business,Retail,F. Moreau,false
SO-101901,2023-01-03,LATAM,Argentina,Planner 2024,Stationery,5,24,0.05,96.9,Small Business,Retail,D. Rossi,false
SO-102714,2023-01-03,EU,Netherlands,Desk Mat Linen,Desk,1,34,0.05,27.46,Consumer,Retail,D. Rossi,false
SO-102812,2023-01-03,NA,Mexico,Ink Cartridge Midnight,Ink,1,6.5,0,5.53,Consumer,Online,F. Moreau,false
SO-103775,2023-01-03,NA,Canada,Desk Mat Linen,Desk,1,34,0.2,23.12,Consumer,Online,H. Silva,false
SO-105299,2023-01-03,APAC,Australia,Planner 2024,Stationery,1,24,0,20.4,Consumer,Online,F. Moreau,false
SO-101489,2023-01-04,NA,Canada,Pen Case Canvas,Accessories,1,22,0,18.7,Small Business,Online,E. Haddad,false
SO-104164,2023-01-04,EU,France,Desk Mat Linen,Desk,2,34,0,57.8,Consumer,Retail,E. Haddad,false
SO-104751,2023-01-04,NA,United States,Planner 2024,Stationery,5,24,0.1,91.8,Small Business,Online,A. Okafor,false
SO-105689,2023-01-04,NA,Mexico,Sticky Notes Pastel,Stationery,5,5.5,0.2,18.7,Consumer,Online,G. Patel,false
SO-100750,2023-01-05,LATAM,Brazil,Monitor Riser Oak,Desk,1,64,0.1,48.96,Consumer,Online,B. Lindqvist,false
SO-102674,2023-01-05,EU,United Kingdom,Gel Pen 5-pack,Writing,1,9.9,0.05,7.99,Consumer,Wholesale,B. Lindqvist,false
SO-102722,2023-01-05,EU,United Kingdom,Fountain Pen Brass,Writing,1,79,0.1,60.44,Enterprise,Online,D. Rossi,false
SO-103335,2023-01-05,NA,Mexico,Sticky Notes Pastel,Stationery,1,5.5,0,4.68,Consumer,Retail,E. Haddad,false
SO-103523,2023-01-05,NA,Mexico,Quill Notebook A5,Stationery,2,12.5,0.05,20.19,Small Business,Wholesale,C. Nakamura,false
SO-104979,2023-01-05,EU,Netherlands,Pen Case Canvas,Accessories,1,22,0.1,16.83,Small Business,Online,F. Moreau,false
SO-105422,2023-01-05,EU,United Kingdom,Quill Notebook A5,Stationery,2,12.5,0,21.25,Consumer,Online,C. Nakamura,false
SO-105720,2023-01-05,APAC,Australia,Ink Bottle Sepia 50ml,Ink,3,18,0,45.9,Small Business,Online,B. Lindqvist,false
SO-101461,2023-01-06,MEA,Kenya,Quill Notebook A4,Stationery,1,16,0,13.6,Small Business,Retail,B. Lindqvist,false
SO-101850,2023-01-06,MEA,Kenya,Ink Cartridge Midnight,Ink,2,6.5,0,11.05,Consumer,Online,D. Rossi,true
SO-102653,2023-01-06,LATAM,Chile,Pen Stand Walnut,Desk,3,29,0,73.95,Consumer,Online,D. Rossi,false
SO-102865,2023-01-06,APAC,Singapore,Fountain Pen Brass,Writing,3,79,0,201.45,Consumer,Online,H. Silva,false
SO-102993,2023-01-06,LATAM,Brazil,Quill Notebook A4,Stationery,1,16,0,13.6,Consumer,Online,D. Rossi,false
SO-103043,2023-01-06,NA,Mexico,Desk Mat Linen,Desk,1,34,0.05,27.46,Small Business,Online,B. Lindqvist,false
SO-103097,2023-01-06,APAC,Australia,Sticky Notes Pastel,Stationery,1,5.5,0,4.68,Small Business,Retail,A. Okafor,false
SO-104518,2023-01-06,APAC,India,Monitor Riser Oak,Desk,1,64,0.05,51.68,Consumer,Online,C. Nakamura,false
SO-104543,2023-01-06,MEA,United Arab Emirates,Quill Notebook A5,Stationery,3,12.5,0.1,28.69,Small Business,Retail,G. Patel,false
SO-105852,2023-01-06,MEA,United Arab Emirates,Desk Mat Linen,Desk,3,34,0,86.7,Consumer,Online,B. Lindqvist,false
SO-101027,2023-01-07,LATAM,Brazil,Sticky Notes Pastel,Stationery,2,5.5,0,9.35,Consumer,Online,B. Lindqvist,false
SO-101278,2023-01-07,APAC,Singapore,Fountain Pen Brass,Writing,1,79,0.1,60.44,Small Business,Online,D. Rossi,false
SO-101291,2023-01-07,MEA,Kenya,Leather Journal Cover,Accessories,1,42,0,35.7,Small Business,Retail,G. Patel,false
SO-102712,2023-01-07,LATAM,Brazil,Quill Notebook A4,Stationery,1,16,0,13.6,Consumer,Retail,B. Lindqvist,false
SO-102970,2023-01-07,LATAM,Brazil,Ink Bottle Sepia 50ml,Ink,1,18,0,15.3,Consumer,Online,E. Haddad,false
SO-104884,2023-01-07,APAC,India,Ink Bottle Sepia 50ml,Ink,3,18,0,45.9,Consumer,Wholesale,F. Moreau,false
SO-105159,2023-01-07,APAC,Australia,Pen Stand Walnut,Desk,1,29,0,24.65,Consumer,Online,B. Lindqvist,false
SO-105715,2023-01-07,APAC,Australia,Fountain Pen Brass,Writing,10,79,0,671.5,Enterprise,Retail,G. Patel,false
SO-105921,2023-01-07,MEA,United Arab Emirates,Sticky Notes Pastel,Stationery,5,5.5,0,23.38,Small Business,Online,H. Silva,false
SO-100343,2023-01-08,EU,France,Calligraphy Starter Kit,Writing,1,58,0.05,46.83,Consumer,Online,A. Okafor,false
SO-100536,2023-01-08,APAC,India,Ink Bottle Sepia 50ml,Ink,1,18,0,15.3,Small Business,Retail,B. Lindqvist,false
SO-101699,2023-01-08,APAC,India,Planner 2024,Stationery,1,24,0,20.4,Consumer,Retail,B. Lindqvist,false
SO-101861,2023-01-08,NA,Canada,Pen Case Canvas,Accessories,2,22,0.05,35.53,Consumer,Retail,F. Moreau,false
SO-102037,2023-01-08,NA,Canada,Pen Stand Walnut,Desk,5,29,0.05,117.09,Consumer,Online,G. Patel,false
SO-102108,2023-01-08,EU,France,Quill Notebook A4,Stationery,1,16,0,13.6,Small Business,Retail,F. Moreau,false
SO-103312,2023-01-08,LATAM,Argentina,Planner 2024,Stationery,2,24,0,40.8,Consumer,Online,C. Nakamura,false
SO-104953,2023-01-08,EU,Germany,Pen Stand Walnut,Desk,1,29,0.05,23.42,Small Business,Online,F. Moreau,false
SO-101782,2023-01-09,APAC,Singapore,Quill Notebook A4,Stationery,1,16,0,13.6,Enterprise,Retail,F. Moreau,false
SO-103589,2023-01-09,APAC,Australia,Leather Journal Cover,Accessories,3,42,0.1,96.39,Consumer,Retail,C. Nakamura,false
SO-104431,2023-01-09,EU,United Kingdom,Ink Cartridge Midnight,Ink,1,6.5,0,5.53,Consumer,Online,G. Patel,true
SO-104875,2023-01-09,LATAM,Argentina,Gel Pen 5-pack,Writing,1,9.9,0.2,6.73,Small Business,Retail,H. Silva,false
SO-105895,2023-01-09,APAC,India,Gel Pen 5-pack,Writing,2,9.9,0.05,15.99,Consumer,Online,D. Rossi,false
SO-100358,2023-01-10,MEA,United Arab Emirates,Ink Bottle Sepia 50ml,Ink,10,18,0,153,Consumer,Online,F. Moreau,false
SO-100360,2023-01-10,NA,Canada,Pen Case Canvas,Accessories,1,22,0,18.7,Small Business,Online,C. Nakamura,false
SO-102051,2023-01-10,LATAM,Chile,Pen Stand Walnut,Desk,2,29,0,49.3,Small Business,Online,H. Silva,false
SO-102672,2023-01-10,LATAM,Chile,Pen Case Canvas,Accessories,5,22,0,93.5,Consumer,Retail,H. Silva,false
SO-103647,2023-01-10,APAC,Australia,Calligraphy Starter Kit,Writing,3,58,0,147.9,Consumer,Online,C. Nakamura,false
SO-103730,2023-01-10,EU,Germany,Fountain Pen Brass,Writing,5,79,0.05,318.96,Small Business,Online,B. Lindqvist,false
SO-104677,2023-01-10,LATAM,Brazil,Sticky Notes Pastel,Stationery,2,5.5,0.05,8.88,Small Business,Online,E. Haddad,false
SO-104887,2023-01-10,APAC,India,Fountain Pen Brass,Writing,1,79,0.1,60.44,Small Business,Online,C. Nakamura,false
SO-104906,2023-01-10,APAC,Australia,Monitor Riser Oak,Desk,3,64,0,163.2,Small Business,Online,C. Nakamura,false
SO-102050,2023-01-11,NA,Canada,Pen Stand Walnut,Desk,3,29,0,73.95,Small Business,Online,C. Nakamura,false
SO-103895,2023-01-11,EU,France,Gel Pen 5-pack,Writing,2,9.9,0,16.83,Consumer,Wholesale,G. Patel,false
SO-104188,2023-01-11,EU,France,Ink Cartridge Midnight,Ink,1,6.5,0,5.53,Consumer,Online,E. Haddad,false
SO-104522,2023-01-11,NA,Mexico,Gel Pen 5-pack,Writing,2,9.9,0,16.83,Consumer,Retail,A. Okafor,false
SO-105636,2023-01-11,LATAM,Brazil,Planner 2024,Stationery,1,24,0.1,18.36,Small Business,Wholesale,A. Okafor,true
SO-100391,2023-01-12,LATAM,Brazil,Monitor Riser Oak,Desk,2,64,0,108.8,Consumer,Wholesale,B. Lindqvist,false
SO-101344,2023-01-12,NA,United States,Fountain Pen Classic,Writing,2,48,0.05,77.52,Small Business,Retail,E. Haddad,false
SO-101631,2023-01-12,LATAM,Chile,Leather Journal Cover,Accessories,2,42,0,71.4,Enterprise,Online,F. Moreau,false
SO-102121,2023-01-12,LATAM,Brazil,Sticky Notes Pastel,Stationery,1,5.5,0,4.68,Consumer,Wholesale,H. Silva,true
SO-104670,2023-01-12,EU,Netherlands,Quill Notebook A4,Stationery,2,16,0.05,25.84,Small Business,Online,A. Okafor,false
SO-105072,2023-01-12,APAC,Japan,Desk Mat Linen,Desk,2,34,0.05,54.91,Consumer,Retail,B. Lindqvist,false
SO-105318,2023-01-12,NA,Mexico,Sticky Notes Pastel,Stationery,1,5.5,0.05,4.44,Small Business,Online,F. Moreau,false
SO-105423,2023-01-12,EU,Germany,Quill Notebook A5,Stationery,1,12.5,0,10.63,Small Business,Online,H. Silva,false
SO-105875,2023-01-12,MEA,Kenya,Quill Notebook A5,Stationery,1,12.5,0.1,9.56,Enterprise,Wholesale,F. Moreau,true
SO-100329,2023-01-13,MEA,United Arab Emirates,Sticky Notes Pastel,Stationery,1,5.5,0,4.68,Consumer,Online,D. Rossi,false
SO-100880,2023-01-13,MEA,United Arab Emirates,Planner 2024,Stationery,2,24,0,40.8,Small Business,Online,C. Nakamura,false
SO-101575,2023-01-13,NA,United States,Quill Notebook A4,Stationery,2,16,0,27.2,Consumer,Online,E. Haddad,false
SO-101770,2023-01-13,LATAM,Argentina,Desk Mat Linen,Desk,1,34,0,28.9,Small Business,Online,G. Patel,false
SO-102216,2023-01-13,LATAM,Chile,Ink Cartridge Midnight,Ink,1,6.5,0.1,4.97,Consumer,Online,B. Lindqvist,false
SO-104222,2023-01-13,MEA,United Arab Emirates,Quill Notebook A4,Stationery,2,16,0,27.2,Consumer,Retail,G. Patel,false
SO-104278,2023-01-13,EU,France,Leather Journal Cover,Accessories,1,42,0,35.7,Small Business,Online,F. Moreau,false
SO-104315,2023-01-13,EU,France,Fountain Pen Classic,Writing,2,48,0.05,77.52,Small Business,Online,B. Lindqvist,false
SO-105563,2023-01-13,APAC,Japan,Gel Pen 5-pack,Writing,1,9.9,0.1,7.57,Consumer,Wholesale,G. Patel,false
SO-100664,2023-01-14,LATAM,Chile,Desk Mat Linen,Desk,3,34,0.2,69.36,Small Business,Retail,D. Rossi,false
SO-101610,2023-01-14,NA,Canada,Calligraphy Starter Kit,Writing,1,58,0,49.3,Small Business,Online,F. Moreau,false
SO-101721,2023-01-14,EU,France,Gel Pen 5-pack,Writing,2,9.9,0.1,15.15,Consumer,Online,D. Rossi,false
SO-102100,2023-01-14,NA,Canada,Ink Bottle Sepia 50ml,Ink,1,18,0,15.3,Consumer,Online,H. Silva,false
SO-102902,2023-01-14,EU,United Kingdom,Desk Mat Linen,Desk,5,34,0.05,137.28,Consumer,Online,B. Lindqvist,false
SO-103413,2023-01-14,APAC,Singapore,Ink Bottle Sepia 50ml,Ink,5,18,0.1,68.85,Consumer,Retail,G. Patel,false
SO-103464,2023-01-14,APAC,India,Quill Notebook A5,Stationery,2,12.5,0,21.25,Consumer,Online,G. Patel,false
SO-104127,2023-01-14,APAC,Japan,Gel Pen 5-pack,Writing,2,9.9,0,16.83,Consumer,Retail,E. Haddad,false
SO-104173,2023-01-14,NA,Mexico,Quill Notebook A5,Stationery,3,12.5,0.05,30.28,Consumer,Wholesale,D. Rossi,false
SO-105582,2023-01-14,LATAM,Brazil,Quill Notebook A4,Stationery,2,16,0.05,25.84,Consumer,Online,D. Rossi,false
SO-101355,2023-01-15,MEA,South Africa,Quill Notebook A5,Stationery,2,12.5,0.05,20.19,Small Business,Online,D. Rossi,false
SO-102892,2023-01-15,MEA,United Arab Emirates,Quill Notebook A4,Stationery,1,16,0,13.6,Consumer,Online,H. Silva,false
SO-103799,2023-01-15,LATAM,Chile,Desk Mat Linen,Desk,3,34,0.05,82.37,Small Business,Retail,D. Rossi,false
SO-104248,2023-01-15,EU,France,Ink Bottle Sepia 50ml,Ink,3,18,0,45.9,Small Business,Retail,F. Moreau,false
SO-104552,2023-01-15,EU,United Kingdom,Ink Bottle Sepia 50ml,Ink,1,18,0,15.3,Small Business,Retail,B. Lindqvist,false
SO-104644,2023-01-15,MEA,Kenya,Calligraphy Starter Kit,Writing,1,58,0,49.3,Consumer,Online,B. Lindqvist,false
SO-104865,2023-01-15,APAC,Australia,Quill Notebook A5,Stationery,1,12.5,0.1,9.56,Consumer,Online,A. Okafor,false
SO-105728,2023-01-15,APAC,Singapore,Quill Notebook A4,Stationery,3,16,0.05,38.76,Small Business,Online,F. Moreau,false
SO-100486,2023-01-16,EU,Netherlands,Monitor Riser Oak,Desk,3,64,0.05,155.04,Consumer,Wholesale,A. Okafor,false
SO-100583,2023-01-16,EU,Germany,Monitor Riser Oak,Desk,1,64,0,54.4,Small Business,Online,H. Silva,false
SO-101168,2023-01-16,LATAM,Argentina,Quill Notebook A5,Stationery,2,12.5,0.05,20.19,Small Business,Online,D. Rossi,false
SO-102204,2023-01-16,APAC,Singapore,Ink Cartridge Midnight,Ink,1,6.5,0,5.53,Small Business,Retail,C. Nakamura,false
SO-103322,2023-01-16,MEA,Kenya,Ink Cartridge Midnight,Ink,3,6.5,0.05,15.75,Small Business,Retail,B. Lindqvist,false
SO-105178,2023-01-16,EU,Germany,Sticky Notes Pastel,Stationery,3,5.5,0,14.03,Consumer,Online,B. Lindqvist,false
SO-100627,2023-01-17,EU,Netherlands,Quill Notebook A4,Stationery,3,16,0.05,38.76,Consumer,Retail,D. Rossi,false
SO-100792,2023-01-17,NA,Canada,Planner 2024,Stationery,1,24,0,20.4,Consumer,Retail,H. Silva,true
SO-101620,2023-01-17,LATAM,Argentina,Leather Journal Cover,Accessories,2,42,0,71.4,Enterprise,Retail,F. Moreau,false
SO-103150,2023-01-17,LATAM,Argentina,Planner 2024,Stationery,1,24,0.1,18.36,Consumer,Online,H. Silva,false
SO-103565,2023-01-17,MEA,Kenya,Quill Notebook A5,Stationery,2,12.5,0,21.25,Consumer,Online,B. Lindqvist,false
SO-103653,2023-01-17,MEA,United Arab Emirates,Leather Journal Cover,Accessories,2,42,0.05,67.83,Consumer,Online,G. Patel,false
SO-104048,2023-01-17,NA,Mexico,Pen Case Canvas,Accessories,5,22,0,93.5,Small Business,Retail,H. Silva,false
SO-105108,2023-01-17,APAC,Singapore,Monitor Riser Oak,Desk,1,64,0,54.4,Consumer,Retail,F. Moreau,false
SO-105810,2023-01-17,APAC,Japan,Quill Notebook A4,Stationery,3,16,0.2,32.64,Consumer,Online,G. Patel,true
SO-103294,2023-01-18,APAC,India,Planner 2024,Stationery,1,24,0,20.4,Small Business,Online,C. Nakamura,false
SO-103685,2023-01-18,LATAM,Argentina,Sticky Notes Pastel,Stationery,3,5.5,0,14.03,Small Business,Online,F. Moreau,false
SO-103939,2023-01-18,MEA,Kenya,Pen Stand Walnut,Desk,2,29,0.05,46.83,Consumer,Online,B. Lindqvist,false
SO-104701,2023-01-18,APAC,Japan,Fountain Pen Brass,Writing,5,79,0,335.75,Small Business,Online,E. Haddad,false
SO-105445,2023-01-18,NA,Canada,Ink Cartridge Midnight,Ink,1,6.5,0,5.53,Consumer,Online,B. Lindqvist,false
SO-105569,2023-01-18,LATAM,Argentina,Calligraphy Starter Kit,Writing,1,58,0.05,46.83,Consumer,Online,D. Rossi,false
SO-100164,2023-01-19,MEA,South Africa,Ink Bottle Sepia 50ml,Ink,1,18,0.2,12.24,Consumer,Online,D. Rossi,true
SO-100237,2023-01-19,EU,Netherlands,Quill Notebook A4,Stationery,2,16,0.05,25.84,Small Business,Online,G. Patel,false
SO-100359,2023-01-19,NA,Canada,Planner 2024,Stationery,2,24,0.05,38.76,Consumer,Retail,E. Haddad,false
SO-101087,2023-01-19,MEA,South Africa,Fountain Pen Brass,Writing,10,79,0,671.5,Consumer,Online,D. Rossi,true
SO-101532,2023-01-19,APAC,Singapore,Quill Notebook A5,Stationery,1,12.5,0,10.63,Consumer,Online,H. Silva,false
SO-101768,2023-01-19,NA,Mexico,Ink Bottle Sepia 50ml,Ink,2,18,0,30.6,Small Business,Online,A. Okafor,false
SO-102038,2023-01-19,EU,France,Quill Notebook A5,Stationery,1,12.5,0,10.63,Consumer,Wholesale,H. Silva,false
SO-102628,2023-01-19,APAC,India,Planner 2024,Stationery,2,24,0.05,38.76,Enterprise,Retail,A. Okafor,false
SO-103149,2023-01-19,LATAM,Argentina,Desk Mat Linen,Desk,1,34,0,28.9,Small Business,Online,A. Okafor,false
SO-103444,2023-01-19,APAC,Australia,Desk Mat Linen,Desk,3,34,0,86.7,Consumer,Wholesale,B. Lindqvist,false
SO-103879,2023-01-19,NA,Canada,Ink Bottle Sepia 50ml,Ink,2,18,0,30.6,Small Business,Online,D. Rossi,false
SO-104475,2023-01-19,MEA,South Africa,Desk Mat Linen,Desk,2,34,0.1,52.02,Consumer,Online,B. Lindqvist,false
SO-104544,2023-01-19,APAC,Singapore,Pen Case Canvas,Accessories,1,22,0.1,16.83,Consumer,Retail,F. Moreau,false
SO-105310,2023-01-19,LATAM,Chile,Ink Cartridge Midnight,Ink,1,6.5,0,5.53,Small Business,Retail,H. Silva,false
SO-100073,2023-01-20,LATAM,Chile,Desk Mat Linen,Desk,1,34,0,28.9,Consumer,Online,G. Patel,false
SO-101695,2023-01-20,APAC,Australia,Quill Notebook A5,Stationery,2,12.5,0,21.25,Consumer,Online,H. Silva,false
SO-101895,2023-01-20,LATAM,Brazil,Quill Notebook A5,Stationery,1,12.5,0,10.63,Small Business,Retail,C. Nakamura,true
SO-102754,2023-01-20,MEA,South Africa,Quill Notebook A5,Stationery,3,12.5,0.1,28.69,Small Business,Retail,E. Haddad,false
SO-103201,2023-01-20,LATAM,Brazil,Monitor Riser Oak,Desk,3,64,0,163.2,Small Business,Retail,D. Rossi,false
SO-103291,2023-01-20,NA,Canada,Sticky Notes Pastel,Stationery,2,5.5,0.05,8.88,Consumer,Online,B. Lindqvist,false
SO-104195,2023-01-20,NA,Mexico,Fountain Pen Classic,Writing,2,48,0,81.6,Consumer,Retail,H. Silva,false
SO-105536,2023-01-20,MEA,United Arab Emirates,Fountain Pen Classic,Writing,2,48,0,81.6,Enterprise,Wholesale,F. Moreau,false
SO-101605,2023-01-21,NA,United States,Fountain Pen Brass,Writing,10,79,0.05,637.92,Enterprise,Online,E. Haddad,false
SO-101946,2023-01-21,MEA,South Africa,Calligraphy Starter Kit,Writing,3,58,0.05,140.51,Consumer,Retail,H. Silva,false
SO-102630,2023-01-21,LATAM,Argentina,Calligraphy Starter Kit,Writing,5,58,0,246.5,Small Business,Online,B. Lindqvist,false
SO-100874,2023-01-22,NA,Canada,Sticky Notes Pastel,Stationery,2,5.5,0,9.35,Consumer,Retail,H. Silva,false
SO-100983,2023-01-22,LATAM,Brazil,Pen Case Canvas,Accessories,5,22,0,93.5,Consumer,Online,A. Okafor,false
SO-101187,2023-01-22,NA,United States,Pen Case Canvas,Accessories,2,22,0,37.4,Small Business,Online,C. Nakamura,false
SO-101310,2023-01-22,EU,United Kingdom,Leather Journal Cover,Accessories,2,42,0,71.4,Consumer,Retail,B. Lindqvist,false
SO-101320,2023-01-22,LATAM,Brazil,Gel Pen 5-pack,Writing,1,9.9,0,8.42,Consumer,Online,D. Rossi,false
SO-102163,2023-01-22,LATAM,Brazil,Pen Case Canvas,Accessories,1,22,0,18.7,Small Business,Retail,C. Nakamura,false
SO-102170,2023-01-22,LATAM,Argentina,Ink Bottle Sepia 50ml,Ink,1,18,0,15.3,Consumer,Online,H. Silva,false
SO-103137,2023-01-22,APAC,Japan,Quill Notebook A4,Stationery,1,16,0.05,12.92,Consumer,Online,G. Patel,false
SO-103153,2023-01-22,LATAM,Chile,Planner 2024,Stationery,1,24,0,20.4,Consumer,Retail,H. Silva,false
SO-105319,2023-01-22,EU,Spain,Ink Bottle Sepia 50ml,Ink,2,18,0,30.6,Small Business,Online,H. Silva,false
SO-100023,2023-01-23,APAC,Australia,Ink Cartridge Midnight,Ink,1,6.5,0,5.53,Consumer,Online,B. Lindqvist,true
SO-103643,2023-01-23,EU,France,Leather Journal Cover,Accessories,2,42,0.05,67.83,Consumer,Online,A. Okafor,false
SO-103716,2023-01-23,NA,United States,Quill Notebook A5,Stationery,1,12.5,0.05,10.09,Enterprise,Wholesale,D. Rossi,false
SO-104633,2023-01-23,MEA,Kenya,Fountain Pen Brass,Writing,1,79,0,67.15,Consumer,Online,B. Lindqvist,false
SO-100660,2023-01-24,EU,Germany,Desk Mat Linen,Desk,1,34,0,28.9,Small Business,Retail,C. Nakamura,false
SO-102111,2023-01-24,MEA,Kenya,Gel Pen 5-pack,Writing,2,9.9,0.05,15.99,Small Business,Retail,G. Patel,false
SO-102176,2023-01-24,APAC,Australia,Leather Journal Cover,Accessories,2,42,0,71.4,Small Business,Online,G. Patel,false
SO-103030,2023-01-24,MEA,Kenya,Pen Stand Walnut,Desk,1,29,0.1,22.19,Consumer,Online,C. Nakamura,false
SO-103454,2023-01-24,EU,France,Gel Pen 5-pack,Writing,2,9.9,0.1,15.15,Consumer,Wholesale,C. Nakamura,false
SO-103535,2023-01-24,NA,Mexico,Planner 2024,Stationery,1,24,0.05,19.38,Consumer,Retail,H. Silva,false
SO-104581,2023-01-24,NA,United States,Fountain Pen Brass,Writing,2,79,0.05,127.59,Small Business,Online,G. Patel,false
SO-102399,2023-01-25,MEA,Kenya,Leather Journal Cover,Accessories,10,42,0.05,339.15,Consumer,Retail,C. Nakamura,false
SO-103009,2023-01-25,APAC,Australia,Pen Case Canvas,Accessories,3,22,0,56.1,Enterprise,Online,G. Patel,false
SO-103398,2023-01-25,EU,France,Quill Notebook A4,Stationery,1,16,0.2,10.88,Consumer,Retail,F. Moreau,false
SO-103885,2023-01-25,NA,Mexico,Leather Journal Cover,Accessories,1,42,0.1,32.13,Consumer,Online,D. Rossi,false
SO-100490,2023-01-26,EU,France,Calligraphy Starter Kit,Writing,10,58,0,493,Small Business,Online,B. Lindqvist,false
SO-102197,2023-01-26,NA,Mexico,Quill Notebook A4,Stationery,1,16,0,13.6,Consumer,Online,G. Patel,false
SO-104046,2023-01-26,LATAM,Brazil,Monitor Riser Oak,Desk,1,64,0,54.4,Consumer,Online,E. Haddad,false
SO-105240,2023-01-26,MEA,United Arab Emirates,Leather Journal Cover,Accessories,1,42,0.05,33.92,Consumer,Online,H. Silva,false
SO-100251,2023-01-27,APAC,Australia,Quill Notebook A5,Stationery,1,12.5,0,10.63,Small Business,Retail,A. Okafor,false
SO-100444,2023-01-27,MEA,Kenya,Gel Pen 5-pack,Writing,3,9.9,0.05,23.98,Consumer,Retail,H. Silva,false
SO-101525,2023-01-27,MEA,United Arab Emirates,Monitor Riser Oak,Desk,3,64,0.05,155.04,Small Business,Online,G. Patel,true
SO-102853,2023-01-27,APAC,Singapore,Leather Journal Cover,Accessories,2,42,0,71.4,Small Business,Retail,H. Silva,false
SO-103285,2023-01-27,EU,France,Planner 2024,Stationery,1,24,0,20.4,Small Business,Retail,D. Rossi,false
SO-105216,2023-01-27,MEA,South Africa,Quill Notebook A4,Stationery,3,16,0,40.8,Consumer,Retail,D. Rossi,false
SO-105687,2023-01-27,NA,United States,Fountain Pen Brass,Writing,2,79,0.2,107.44,Consumer,Online,H. Silva,false
SO-105730,2023-01-27,MEA,Kenya,Fountain Pen Classic,Writing,3,48,0,122.4,Small Business,Online,D. Rossi,false
SO-100036,2023-01-28,LATAM,Argentina,Sticky Notes Pastel,Stationery,1,5.5,0.05,4.44,Enterprise,Wholesale,G. Patel,false
SO-100170,2023-01-28,APAC,Singapore,Pen Case Canvas,Accessories,2,22,0.1,33.66,Small Business,Online,D. Rossi,false
SO-100263,2023-01-28,EU,Spain,Ink Cartridge Midnight,Ink,1,6.5,0,5.53,Consumer,Online,G. Patel,false
SO-100625,2023-01-28,APAC,Japan,Pen Case Canvas,Accessories,5,22,0,93.5,Small Business,Retail,A. Okafor,false
SO-101417,2023-01-28,MEA,United Arab Emirates,Leather Journal Cover,Accessories,2,42,0,71.4,Consumer,Online,A. Okafor,false
SO-101438,2023-01-28,EU,United Kingdom,Desk Mat Linen,Desk,2,34,0.05,54.91,Consumer,Retail,H. Silva,false
SO-103073,2023-01-28,LATAM,Chile,Sticky Notes Pastel,Stationery,2,5.5,0.1,8.42,Small Business,Online,A. Okafor,false
SO-103495,2023-01-28,LATAM,Argentina,Quill Notebook A4,Stationery,1,16,0,13.6,Consumer,Online,A. Okafor,false
SO-104265,2023-01-28,APAC,India,Gel Pen 5-pack,Writing,1,9.9,0,8.42,Consumer,Online,C. Nakamura,false
SO-105040,2023-01-28,MEA,South Africa,Quill Notebook A4,Stationery,2,16,0,27.2,Small Business,Online,B. Lindqvist,false
SO-105896,2023-01-28,EU,France,Monitor Riser Oak,Desk,2,64,0,108.8,Small Business,Online,B. Lindqvist,false
SO-101105,2023-01-29,EU,Spain,Desk Mat Linen,Desk,3,34,0,86.7,Small Business,Online,F. Moreau,false
SO-102436,2023-01-29,EU,Netherlands,Ink Cartridge Midnight,Ink,1,6.5,0,5.53,Small Business,Online,G. Patel,true
SO-103115,2023-01-29,LATAM,Argentina,Pen Case Canvas,Accessories,10,22,0,187,Consumer,Online,B. Lindqvist,false
SO-103368,2023-01-29,APAC,Singapore,Monitor Riser Oak,Desk,1,64,0.1,48.96,Consumer,Online,F. Moreau,false
SO-103988,2023-01-29,NA,United States,Quill Notebook A4,Stationery,2,16,0,27.2,Small Business,Retail,A. Okafor,false
SO-105457,2023-01-29,MEA,United Arab Emirates,Ink Cartridge Midnight,Ink,2,6.5,0,11.05,Consumer,Online,C. Nakamura,false
SO-105688,2023-01-29,MEA,Kenya,Ink Cartridge Midnight,Ink,5,6.5,0.05,26.24,Small Business,Wholesale,F. Moreau,false
SO-105892,2023-01-29,NA,Canada,Leather Journal Cover,Accessories,3,42,0,107.1,Consumer,Retail,F. Moreau,false
SO-100049,2023-01-30,MEA,South Africa,Monitor Riser Oak,Desk,1,64,0.05,51.68,Small Business,Online,H. Silva,false
SO-100107,2023-01-30,LATAM,Argentina,Ink Cartridge Midnight,Ink,1,6.5,0,5.53,Small Business,Retail,A. Okafor,false
SO-100712,2023-01-30,EU,France,Pen Case Canvas,Accessories,2,22,0.05,35.53,Small Business,Online,G. Patel,false
SO-101531,2023-01-30,NA,Mexico,Sticky Notes Pastel,Stationery,2,5.5,0,9.35,Small Business,Online,G. Patel,false
SO-101716,2023-01-30,NA,Mexico,Calligraphy Starter Kit,Writing,1,58,0,49.3,Consumer,Online,D. Rossi,false
SO-101892,2023-01-30,LATAM,Chile,Quill Notebook A4,Stationery,5,16,0.1,61.2,Consumer,Retail,B. Lindqvist,false
SO-102330,2023-01-30,APAC,India,Fountain Pen Brass,Writing,3,79,0,201.45,Consumer,Online,H. Silva,false
SO-102791,2023-01-30,LATAM,Brazil,Leather Journal Cover,Accessories,2,42,0.1,64.26,Consumer,Retail,E. Haddad,false
SO-102886,2023-01-30,MEA,South Africa,Ink Cartridge Midnight,Ink,3,6.5,0.05,15.75,Consumer,Wholesale,F. Moreau,false
SO-103326,2023-01-30,EU,Netherlands,Leather Journal Cover,Accessories,1,42,0.1,32.13,Small Business,Online,H. Silva,false
SO-105643,2023-01-30,NA,Mexico,Leather Journal Cover,Accessories,3,42,0.05,101.74,Consumer,Retail,E. Haddad,false
SO-100942,2023-01-31,APAC,Japan,Quill Notebook A4,Stationery,1,16,0,13.6,Consumer,Online,C. Nakamura,false
SO-102228,2023-01-31,APAC,Australia,Quill Notebook A5,Stationery,2,12.5,0,21.25,Consumer,Online,H. Silva,false
SO-102875,2023-01-31,LATAM,Argentina,Pen Case Canvas,Accessories,3,22,0,56.1,Small Business,Retail,B. Lindqvist,false
SO-103140,2023-01-31,NA,Canada,Sticky Notes Pastel,Stationery,3,5.5,0,14.03,Small Business,Retail,H. Silva,false
SO-103458,2023-01-31,APAC,Australia,Monitor Riser Oak,Desk,1,64,0,54.4,Consumer,Online,H. Silva,true
SO-103492,2023-01-31,MEA,Kenya,Quill Notebook A5,Stationery,1,12.5,0.1,9.56,Enterprise,Online,A. Okafor,false
SO-104300,2023-01-31,EU,Spain,Ink Cartridge Midnight,Ink,1,6.5,0,5.53,Consumer,Retail,D. Rossi,false
SO-100183,2023-02-01,APAC,Japan,Fountain Pen Classic,Writing,5,48,0,240,Consumer,Retail,A. Okafor,false
SO-100491,2023-02-01,NA,Mexico,Ink Cartridge Midnight,Ink,3,6.5,0,19.5,Enterprise,Online,H. Silva,false
SO-101545,2023-02-01,EU,Spain,Monitor Riser Oak,Desk,2,64,0.1,115.2,Small Business,Online,C. Nakamura,false
SO-102058,2023-02-01,MEA,United Arab Emirates,Ink Bottle Sepia 50ml,Ink,2,18,0.05,34.2,Consumer,Online,F. Moreau,false
SO-102184,2023-02-01,NA,Mexico,Quill Notebook A5,Stationery,1,12.5,0.05,11.88,Small Business,Wholesale,D. Rossi,false
SO-102690,2023-02-01,NA,Canada,Planner 2024,Stationery,1,24,0.05,22.8,Enterprise,Online,F. Moreau,true
SO-103096,2023-02-01,NA,Canada,Fountain Pen Classic,Writing,3,48,0.05,136.8,Small Business,Online,G. Patel,false
SO-103395,2023-02-01,EU,France,Gel Pen 5-pack,Writing,3,9.9,0.1,26.73,Small Business,Wholesale,B. Lindqvist,false
SO-104798,2023-02-01,MEA,United Arab Emirates,Sticky Notes Pastel,Stationery,1,5.5,0.05,5.23,Small Business,Retail,D. Rossi,true
SO-105453,2023-02-01,LATAM,Argentina,Gel Pen 5-pack,Writing,2,9.9,0,19.8,Consumer,Online,A. Okafor,false
SO-100621,2023-02-02,MEA,Kenya,Gel Pen 5-pack,Writing,2,9.9,0,19.8,Consumer,Online,G. Patel,false
SO-101362,2023-02-02,EU,United Kingdom,Pen Stand Walnut,Desk,1,29,0,29,Consumer,Online,E. Haddad,false
SO-101468,2023-02-02,NA,Mexico,Ink Cartridge Midnight,Ink,5,6.5,0.05,30.88,Small Business,Online,H. Silva,false
SO-101935,2023-02-02,EU,Spain,Leather Journal Cover,Accessories,3,42,0.05,119.7,Enterprise,Retail,G. Patel,false
SO-102510,2023-02-02,EU,Netherlands,Monitor Riser Oak,Desk,1,64,0,64,Small Business,Wholesale,A. Okafor,false
SO-102550,2023-02-02,EU,Spain,Monitor Riser Oak,Desk,3,64,0.05,182.4,Small Business,Online,B. Lindqvist,false
SO-101135,2023-02-03,MEA,Kenya,Quill Notebook A4,Stationery,3,16,0.1,43.2,Consumer,Wholesale,G. Patel,false
SO-101144,2023-02-03,MEA,United Arab Emirates,Desk Mat Linen,Desk,2,34,0.05,64.6,Consumer,Online,C. Nakamura,false
SO-101553,2023-02-03,MEA,United Arab Emirates,Quill Notebook A4,Stationery,1,16,0,16,Consumer,Online,E. Haddad,false
SO-101670,2023-02-03,APAC,Australia,Fountain Pen Brass,Writing,5,79,0,395,Consumer,Online,B. Lindqvist,false
SO-101801,2023-02-03,NA,Mexico,Calligraphy Starter Kit,Writing,1,58,0,58,Consumer,Online,A. Okafor,false
SO-102042,2023-02-03,LATAM,Brazil,Ink Bottle Sepia 50ml,Ink,1,18,0,18,Consumer,Wholesale,C. Nakamura,true
SO-102811,2023-02-03,LATAM,Brazil,Pen Case Canvas,Accessories,3,22,0,66,Consumer,Online,G. Patel,false
SO-103340,2023-02-03,LATAM,Argentina,Quill Notebook A5,Stationery,2,12.5,0,25,Consumer,Wholesale,A. Okafor,false
SO-103875,2023-02-03,NA,Canada,Pen Stand Walnut,Desk,3,29,0,87,Consumer,Online,H. Silva,false
SO-104982,2023-02-03,LATAM,Argentina,Pen Case Canvas,Accessories,3,22,0.1,59.4,Enterprise,Online,E. Haddad,false
SO-105185,2023-02-03,APAC,Singapore,Quill Notebook A5,Stationery,10,12.5,0.05,118.75,Consumer,Online,H. Silva,false
SO-105460,2023-02-03,MEA,Kenya,Quill Notebook A5,Stationery,5,12.5,0,62.5,Consumer,Online,A. Okafor,false
SO-105912,2023-02-03,LATAM,Brazil,Ink Cartridge Midnight,Ink,10,6.5,0,65,Small Business,Retail,A. Okafor,false
SO-100181,2023-02-04,EU,France,Quill Notebook A5,Stationery,1,12.5,0.1,11.25,Small Business,Retail,H. Silva,false
SO-100316,2023-02-04,MEA,Kenya,Quill Notebook A5,Stationery,1,12.5,0,12.5,Consumer,Retail,E. Haddad,false
SO-100655,2023-02-04,LATAM,Chile,Pen Stand Walnut,Desk,1,29,0,29,Small Business,Retail,B. Lindqvist,false
SO-105047,2023-02-04,MEA,United Arab Emirates,Fountain Pen Brass,Writing,1,79,0,79,Consumer,Wholesale,C. Nakamura,false
SO-105294,2023-02-04,NA,United States,Sticky Notes Pastel,Stationery,2,5.5,0,11,Consumer,Retail,C. Nakamura,false
SO-100220,2023-02-05,EU,Spain,Fountain Pen Brass,Writing,1,79,0.05,75.05,Enterprise,Retail,F. Moreau,false
SO-100781,2023-02-05,NA,United States,Ink Cartridge Midnight,Ink,2,6.5,0.1,11.7,Consumer,Online,E. Haddad,false
SO-100842,2023-02-05,MEA,United Arab Emirates,Gel Pen 5-pack,Writing,1,9.9,0,9.9,Consumer,Online,D. Rossi,false
SO-102311,2023-02-05,MEA,South Africa,Fountain Pen Brass,Writing,1,79,0.05,75.05,Consumer,Online,G. Patel,false
SO-102682,2023-02-05,EU,Spain,Ink Cartridge Midnight,Ink,1,6.5,0,6.5,Enterprise,Online,A. Okafor,false
SO-103700,2023-02-05,NA,Canada,Quill Notebook A5,Stationery,5,12.5,0,62.5,Consumer,Online,E. Haddad,false
SO-103733,2023-02-05,APAC,Japan,Fountain Pen Classic,Writing,1,48,0,48,Consumer,Online,B. Lindqvist,false
SO-104483,2023-02-05,MEA,Kenya,Sticky Notes Pastel,Stationery,3,5.5,0,16.5,Small Business,Online,G. Patel,false
SO-104641,2023-02-05,MEA,Kenya,Gel Pen 5-pack,Writing,5,9.9,0.1,44.55,Small Business,Retail,H. Silva,false
SO-105076,2023-02-05,MEA,United Arab Emirates,Ink Cartridge Midnight,Ink,1,6.5,0,6.5,Consumer,Online,E. Haddad,false
SO-100836,2023-02-06,NA,United States,Monitor Riser Oak,Desk,3,64,0,192,Consumer,Retail,B. Lindqvist,false
SO-100902,2023-02-06,MEA,United Arab Emirates,Planner 2024,Stationery,2,24,0.05,45.6,Consumer,Online,G. Patel,false
SO-101711,2023-02-06,MEA,United Arab Emirates,Leather Journal Cover,Accessories,5,42,0,210,Small Business,Wholesale,A. Okafor,false
SO-101719,2023-02-06,NA,Mexico,Ink Cartridge Midnight,Ink,1,6.5,0,6.5,Consumer,Online,E. Haddad,false
SO-101891,2023-02-06,APAC,Australia,Ink Cartridge Midnight,Ink,1,6.5,0,6.5,Consumer,Wholesale,A. Okafor,false
SO-103197,2023-02-06,LATAM,Argentina,Calligraphy Starter Kit,Writing,2,58,0,116,Consumer,Online,C. Nakamura,false
SO-103233,2023-02-06,APAC,Japan,Sticky Notes Pastel,Stationery,3,5.5,0,16.5,Small Business,Online,H. Silva,false
SO-103992,2023-02-06,EU,France,Ink Cartridge Midnight,Ink,2,6.5,0,13,Consumer,Online,F. Moreau,false
SO-104180,2023-02-06,APAC,India,Calligraphy Starter Kit,Writing,1,58,0,58,Small Business,Online,G. Patel,false
SO-105221,2023-02-06,MEA,Kenya,Leather Journal Cover,Accessories,2,42,0,84,Consumer,Wholesale,G. Patel,false
SO-105477,2023-02-06,NA,Mexico,Sticky Notes Pastel,Stationery,3,5.5,0.1,14.85,Consumer,Online,F. Moreau,false
SO-101634,2023-02-07,LATAM,Brazil,Fountain Pen Classic,Writing,1,48,0.05,45.6,Small Business,Retail,E. Haddad,false
SO-103216,2023-02-07,LATAM,Chile,Fountain Pen Brass,Writing,5,79,0.2,316,Consumer,Online,H. Silva,false
SO-103435,2023-02-07,EU,United Kingdom,Fountain Pen Classic,Writing,2,48,0,96,Consumer,Online,H. Silva,false
SO-103599,2023-02-07,NA,Canada,Desk Mat Linen,Desk,1,34,0.1,30.6,Small Business,Retail,G. Patel,false
SO-103837,2023-02-07,NA,Canada,Gel Pen 5-pack,Writing,3,9.9,0,29.7,Consumer,Online,E. Haddad,false
SO-105005,2023-02-07,NA,Mexico,Sticky Notes Pastel,Stationery,1,5.5,0.2,4.4,Small Business,Retail,A. Okafor,false
SO-105252,2023-02-07,LATAM,Chile,Desk Mat Linen,Desk,2,34,0.05,64.6,Consumer,Retail,E. Haddad,false
SO-105290,2023-02-07,MEA,South Africa,Gel Pen 5-pack,Writing,2,9.9,0.1,17.82,Small Business,Retail,H. Silva,false
SO-100382,2023-02-08,MEA,Kenya,Desk Mat Linen,Desk,3,34,0.05,96.9,Consumer,Online,D. Rossi,false
SO-104307,2023-02-08,MEA,South Africa,Leather Journal Cover,Accessories,1,42,0,42,Small Business,Online,D. Rossi,false
SO-104418,2023-02-08,EU,Germany,Pen Case Canvas,Accessories,10,22,0.2,176,Consumer,Online,E. Haddad,false
SO-100860,2023-02-09,APAC,Singapore,Ink Cartridge Midnight,Ink,1,6.5,0.1,5.85,Consumer,Retail,A. Okafor,false
SO-101506,2023-02-09,MEA,United Arab Emirates,Desk Mat Linen,Desk,1,34,0,34,Consumer,Online,E. Haddad,false
SO-103065,2023-02-09,EU,Spain,Quill Notebook A5,Stationery,2,12.5,0.05,23.75,Consumer,Online,H. Silva,false
SO-103258,2023-02-09,NA,Mexico,Pen Stand Walnut,Desk,3,29,0.1,78.3,Consumer,Retail,F. Moreau,false
SO-105490,2023-02-09,NA,United States,Quill Notebook A5,Stationery,2,12.5,0.05,23.75,Consumer,Online,A. Okafor,false
SO-100368,2023-02-10,EU,Germany,Quill Notebook A4,Stationery,10,16,0.1,144,Small Business,Retail,G. Patel,false
SO-100741,2023-02-10,LATAM,Chile,Gel Pen 5-pack,Writing,5,9.9,0.05,47.03,Consumer,Online,H. Silva,false
SO-100775,2023-02-10,APAC,Singapore,Desk Mat Linen,Desk,1,34,0.2,27.2,Small Business,Online,A. Okafor,false
SO-100928,2023-02-10,MEA,United Arab Emirates,Monitor Riser Oak,Desk,3,64,0,192,Consumer,Online,G. Patel,false
SO-103876,2023-02-10,LATAM,Chile,Fountain Pen Classic,Writing,2,48,0.1,86.4,Enterprise,Online,C. Nakamura,false
SO-104294,2023-02-10,EU,Netherlands,Quill Notebook A5,Stationery,1,12.5,0.05,11.88,Consumer,Online,F. Moreau,false
SO-104853,2023-02-10,LATAM,Brazil,Gel Pen 5-pack,Writing,1,9.9,0,9.9,Consumer,Retail,D. Rossi,false
SO-105161,2023-02-10,NA,United States,Ink Cartridge Midnight,Ink,1,6.5,0,6.5,Small Business,Online,G. Patel,false
SO-105441,2023-02-10,NA,Mexico,Quill Notebook A4,Stationery,2,16,0,32,Small Business,Wholesale,A. Okafor,false
SO-105772,2023-02-10,EU,Spain,Gel Pen 5-pack,Writing,2,9.9,0.1,17.82,Consumer,Online,B. Lindqvist,false
SO-100430,2023-02-11,MEA,South Africa,Monitor Riser Oak,Desk,2,64,0,128,Small Business,Retail,C. Nakamura,false
SO-101024,2023-02-11,NA,Canada,Gel Pen 5-pack,Writing,1,9.9,0.1,8.91,Enterprise,Online,F. Moreau,false
SO-102403,2023-02-11,NA,United States,Quill Notebook A5,Stationery,10,12.5,0,125,Small Business,Wholesale,G. Patel,false
SO-102418,2023-02-11,MEA,South Africa,Ink Bottle Sepia 50ml,Ink,3,18,0,54,Small Business,Retail,B. Lindqvist,false
SO-102524,2023-02-11,APAC,Singapore,Sticky Notes Pastel,Stationery,1,5.5,0.1,4.95,Small Business,Online,H. Silva,false
SO-104514,2023-02-11,LATAM,Argentina,Sticky Notes Pastel,Stationery,1,5.5,0,5.5,Enterprise,Online,F. Moreau,false
SO-105031,2023-02-11,EU,Germany,Leather Journal Cover,Accessories,2,42,0.05,79.8,Small Business,Retail,C. Nakamura,false
SO-105603,2023-02-11,APAC,Australia,Leather Journal Cover,Accessories,1,42,0,42,Consumer,Online,B. Lindqvist,false
SO-105627,2023-02-11,MEA,United Arab Emirates,Quill Notebook A4,Stationery,1,16,0.05,15.2,Consumer,Online,G. Patel,false
SO-100600,2023-02-12,NA,United States,Ink Bottle Sepia 50ml,Ink,1,18,0.05,17.1,Consumer,Online,C. Nakamura,false
SO-102060,2023-02-12,EU,United Kingdom,Planner 2024,Stationery,10,24,0.1,216,Small Business,Online,G. Patel,false
SO-102282,2023-02-12,APAC,Singapore,Pen Case Canvas,Accessories,2,22,0.1,39.6,Consumer,Wholesale,C. Nakamura,true
SO-102411,2023-02-12,MEA,South Africa,Planner 2024,Stationery,3,24,0,72,Small Business,Online,F. Moreau,false
SO-102866,2023-02-12,LATAM,Brazil,Fountain Pen Classic,Writing,1,48,0,48,Consumer,Wholesale,H. Silva,false
SO-102897,2023-02-12,LATAM,Chile,Pen Case Canvas,Accessories,3,22,0,66,Consumer,Online,F. Moreau,false
SO-104096,2023-02-12,APAC,Japan,Planner 2024,Stationery,1,24,0.05,22.8,Consumer,Online,H. Silva,false
SO-105924,2023-02-12,MEA,Kenya,Pen Case Canvas,Accessories,3,22,0,66,Consumer,Online,D. Rossi,false
SO-100618,2023-02-13,LATAM,Argentina,Fountain Pen Brass,Writing,2,79,0.1,142.2,Small Business,Online,B. Lindqvist,false
SO-101674,2023-02-13,LATAM,Brazil,Ink Bottle Sepia 50ml,Ink,1,18,0,18,Consumer,Online,D. Rossi,false
SO-104070,2023-02-13,MEA,Kenya,Fountain Pen Classic,Writing,5,48,0,240,Small Business,Retail,G. Patel,false
SO-104827,2023-02-13,LATAM,Brazil,Planner 2024,Stationery,2,24,0,48,Consumer,Wholesale,B. Lindqvist,false
SO-100177,2023-02-14,MEA,United Arab Emirates,Pen Case Canvas,Accessories,1,22,0.2,17.6,Small Business,Retail,G. Patel,false
SO-100710,2023-02-14,NA,United States,Pen Stand Walnut,Desk,2,29,0.05,55.1,Consumer,Online,H. Silva,false
SO-101738,2023-02-14,LATAM,Chile,Quill Notebook A4,Stationery,3,16,0,48,Enterprise,Retail,A. Okafor,false
SO-102000,2023-02-14,NA,Mexico,Fountain Pen Brass,Writing,2,79,0.1,142.2,Consumer,Retail,F. Moreau,false
SO-102150,2023-02-14,MEA,Kenya,Ink Bottle Sepia 50ml,Ink,1,18,0,18,Consumer,Online,G. Patel,false
SO-103916,2023-02-14,LATAM,Argentina,Fountain Pen Classic,Writing,1,48,0.1,43.2,Small Business,Online,H. Silva,false
SO-104657,2023-02-14,NA,Mexico,Fountain Pen Classic,Writing,1,48,0,48,Consumer,Wholesale,G. Patel,false
SO-100428,2023-02-15,NA,Mexico,Ink Bottle Sepia 50ml,Ink,1,18,0.05,17.1,Small Business,Retail,D. Rossi,false
SO-104811,2023-02-15,LATAM,Chile,Ink Bottle Sepia 50ml,Ink,1,18,0,18,Consumer,Online,E. Haddad,false
SO-105051,2023-02-15,NA,Mexico,Ink Cartridge Midnight,Ink,2,6.5,0,13,Small Business,Retail,E. Haddad,false
SO-105218,2023-02-15,APAC,India,Quill Notebook A4,Stationery,3,16,0,48,Small Business,Online,A. Okafor,false
SO-100297,2023-02-16,LATAM,Argentina,Desk Mat Linen,Desk,5,34,0.05,161.5,Small Business,Online,F. Moreau,false
SO-100867,2023-02-16,EU,Netherlands,Fountain Pen Brass,Writing,1,79,0,79,Small Business,Online,H. Silva,false
SO-100937,2023-02-16,LATAM,Brazil,Ink Bottle Sepia 50ml,Ink,3,18,0,54,Enterprise,Online,E. Haddad,false
SO-101068,2023-02-16,EU,Netherlands,Pen Stand Walnut,Desk,1,29,0.2,23.2,Consumer,Retail,G. Patel,false
SO-101124,2023-02-16,EU,Netherlands,Sticky Notes Pastel,Stationery,3,5.5,0,16.5,Consumer,Wholesale,G. Patel,false
SO-101211,2023-02-16,MEA,South Africa,Calligraphy Starter Kit,Writing,3,58,0.1,156.6,Small Business,Online,C. Nakamura,false
SO-102857,2023-02-16,APAC,Japan,Quill Notebook A4,Stationery,1,16,0,16,Consumer,Online,A. Okafor,false
SO-103590,2023-02-16,EU,Germany,Fountain Pen Classic,Writing,2,48,0.05,91.2,Consumer,Online,C. Nakamura,false
SO-104487,2023-02-16,LATAM,Argentina,Desk Mat Linen,Desk,1,34,0.05,32.3,Consumer,Retail,H. Silva,false
SO-104839,2023-02-16,NA,Canada,Fountain Pen Classic,Writing,2,48,0.1,86.4,Consumer,Online,G. Patel,false
SO-100783,2023-02-17,APAC,Singapore,Planner 2024,Stationery,3,24,0,72,Consumer,Online,E. Haddad,false
SO-101263,2023-02-17,LATAM,Argentina,Fountain Pen Classic,Writing,10,48,0,480,Small Business,Online,A. Okafor,false
SO-101360,2023-02-17,NA,Mexico,Fountain Pen Brass,Writing,10,79,0,790,Consumer,Wholesale,H. Silva,false
SO-101954,2023-02-17,MEA,South Africa,Sticky Notes Pastel,Stationery,1,5.5,0,5.5,Consumer,Online,F. Moreau,false
SO-102026,2023-02-17,NA,Mexico,Fountain Pen Brass,Writing,2,79,0,158,Small Business,Online,A. Okafor,false
SO-102227,2023-02-17,APAC,Australia,Desk Mat Linen,Desk,5,34,0.2,136,Enterprise,Online,B. Lindqvist,false
SO-102431,2023-02-17,LATAM,Chile,Ink Cartridge Midnight,Ink,1,6.5,0,6.5,Small Business,Wholesale,C. Nakamura,false
SO-103578,2023-02-17,LATAM,Argentina,Calligraphy Starter Kit,Writing,1,58,0.1,52.2,Small Business,Online,G. Patel,false
SO-103584,2023-02-17,MEA,South Africa,Pen Stand Walnut,Desk,5,29,0,145,Consumer,Retail,C. Nakamura,false
SO-103892,2023-02-17,MEA,United Arab Emirates,Quill Notebook A5,Stationery,2,12.5,0.05,23.75,Consumer,Online,C. Nakamura,false
SO-103907,2023-02-17,NA,United States,Ink Cartridge Midnight,Ink,1,6.5,0.1,5.85,Small Business,Online,G. Patel,false
SO-104527,2023-02-17,APAC,India,Fountain Pen Classic,Writing,2,48,0.1,86.4,Consumer,Online,F. Moreau,false
SO-104889,2023-02-17,APAC,Japan,Fountain Pen Classic,Writing,1,48,0,48,Enterprise,Online,G. Patel,false
SO-105759,2023-02-17,EU,Germany,Gel Pen 5-pack,Writing,1,9.9,0.05,9.4,Enterprise,Wholesale,D. Rossi,false
SO-100055,2023-02-18,APAC,Singapore,Ink Bottle Sepia 50ml,Ink,2,18,0,36,Consumer,Online,F. Moreau,false
SO-101857,2023-02-18,EU,United Kingdom,Gel Pen 5-pack,Writing,1,9.9,0,9.9,Small Business,Wholesale,C. Nakamura,false
SO-102152,2023-02-18,NA,Canada,Ink Bottle Sepia 50ml,Ink,3,18,0.1,48.6,Consumer,Wholesale,G. Patel,false
SO-103410,2023-02-18,NA,United States,Pen Case Canvas,Accessories,1,22,0.05,20.9,Small Business,Online,F. Moreau,false
SO-105773,2023-02-18,MEA,United Arab Emirates,Fountain Pen Brass,Writing,2,79,0,158,Consumer,Retail,E. Haddad,false
SO-100027,2023-02-19,LATAM,Chile,Gel Pen 5-pack,Writing,1,9.9,0.1,8.91,Consumer,Online,A. Okafor,false
SO-100681,2023-02-19,NA,Canada,Quill Notebook A4,Stationery,2,16,0.1,28.8,Enterprise,Retail,F. Moreau,false
SO-101078,2023-02-19,MEA,Kenya,Ink Bottle Sepia 50ml,Ink,3,18,0.1,48.6,Consumer,Online,G. Patel,false
SO-101285,2023-02-19,MEA,South Africa,Leather Journal Cover,Accessories,3,42,0.1,113.4,Consumer,Online,B. Lindqvist,false
SO-101384,2023-02-19,APAC,Australia,Pen Stand Walnut,Desk,3,29,0.1,78.3,Consumer,Online,D. Rossi,false
SO-102913,2023-02-19,NA,Mexico,Pen Case Canvas,Accessories,1,22,0,22,Consumer,Online,C. Nakamura,false
SO-103191,2023-02-19,NA,United States,Planner 2024,Stationery,1,24,0,24,Consumer,Online,B. Lindqvist,true
SO-103404,2023-02-19,EU,Netherlands,Fountain Pen Brass,Writing,1,79,0.05,75.05,Consumer,Retail,H. Silva,false
SO-105054,2023-02-19,NA,Mexico,Quill Notebook A4,Stationery,2,16,0,32,Small Business,Online,G. Patel,false
SO-105247,2023-02-19,MEA,Kenya,Leather Journal Cover,Accessories,5,42,0.1,189,Consumer,Wholesale,G. Patel,false
SO-105987,2023-02-19,EU,Spain,Pen Stand Walnut,Desk,5,29,0,145,Consumer,Wholesale,A. Okafor,false
SO-101522,2023-02-20,MEA,South Africa,Planner 2024,Stationery,3,24,0.05,68.4,Small Business,Retail,H. Silva,false
SO-101544,2023-02-20,EU,United Kingdom,Desk Mat Linen,Desk,1,34,0,34,Small Business,Retail,D. Rossi,false
SO-102561,2023-02-20,APAC,Singapore,Gel Pen 5-pack,Writing,1,9.9,0,9.9,Small Business,Retail,C. Nakamura,true
SO-104582,2023-02-20,EU,Spain,Planner 2024,Stationery,2,24,0,48,Small Business,Online,C. Nakamura,false
SO-105066,2023-02-20,EU,France,Sticky Notes Pastel,Stationery,1,5.5,0,5.5,Consumer,Retail,D. Rossi,false
SO-105480,2023-02-20,MEA,United Arab Emirates,Monitor Riser Oak,Desk,2,64,0.2,102.4,Consumer,Retail,H. Silva,false
SO-100630,2023-02-21,EU,Spain,Fountain Pen Classic,Writing,1,48,0,48,Enterprise,Retail,E. Haddad,false
SO-103107,2023-02-21,EU,United Kingdom,Fountain Pen Classic,Writing,3,48,0.2,115.2,Consumer,Online,C. Nakamura,false
SO-104824,2023-02-21,LATAM,Argentina,Ink Cartridge Midnight,Ink,2,6.5,0,13,Consumer,Online,C. Nakamura,false
SO-104925,2023-02-21,APAC,Singapore,Ink Bottle Sepia 50ml,Ink,2,18,0,36,Consumer,Retail,H. Silva,false
SO-104929,2023-02-21,EU,Germany,Fountain Pen Classic,Writing,1,48,0,48,Consumer,Online,F. Moreau,true
SO-105929,2023-02-21,EU,United Kingdom,Gel Pen 5-pack,Writing,2,9.9,0,19.8,Consumer,Online,D. Rossi,false
SO-105934,2023-02-21,LATAM,Chile,Leather Journal Cover,Accessories,2,42,0,84,Small Business,Online,C. Nakamura,false
SO-100212,2023-02-22,NA,United States,Leather Journal Cover,Accessories,1,42,0.05,39.9,Consumer,Wholesale,D. Rossi,false
SO-100633,2023-02-22,EU,Netherlands,Fountain Pen Brass,Writing,2,79,0.1,142.2,Small Business,Retail,C. Nakamura,false
SO-101298,2023-02-22,APAC,Japan,Gel Pen 5-pack,Writing,1,9.9,0.1,8.91,Enterprise,Retail,G. Patel,false
SO-101854,2023-02-22,LATAM,Argentina,Ink Bottle Sepia 50ml,Ink,1,18,0.05,17.1,Small Business,Online,E. Haddad,false
SO-102135,2023-02-22,MEA,United Arab Emirates,Quill Notebook A4,Stationery,10,16,0,160,Consumer,Online,A. Okafor,false
SO-102535,2023-02-22,LATAM,Chile,Sticky Notes Pastel,Stationery,2,5.5,0.1,9.9,Small Business,Online,E. Haddad,false
SO-102909,2023-02-22,MEA,United Arab Emirates,Calligraphy Starter Kit,Writing,1,58,0,58,Consumer,Online,E. Haddad,false
SO-103110,2023-02-22,EU,Germany,Fountain Pen Brass,Writing,10,79,0.1,711,Enterprise,Wholesale,C. Nakamura,false
SO-103227,2023-02-22,NA,Canada,Desk Mat Linen,Desk,5,34,0.05,161.5,Enterprise,Online,E. Haddad,false
SO-105213,2023-02-22,EU,Germany,Ink Cartridge Midnight,Ink,1,6.5,0.05,6.18,Consumer,Wholesale,G. Patel,false
SO-105801,2023-02-22,EU,France,Pen Stand Walnut,Desk,3,29,0.05,82.65,Small Business,Retail,C. Nakamura,false
SO-100483,2023-02-23,NA,Mexico,Quill Notebook A4,Stationery,2,16,0,32,Enterprise,Online,A. Okafor,false
SO-101668,2023-02-23,NA,United States,Calligraphy Starter Kit,Writing,3,58,0,174,Consumer,Wholesale,H. Silva,false
SO-102794,2023-02-23,NA,Canada,Desk Mat Linen,Desk,5,34,0.05,161.5,Consumer,Online,G. Patel,false
SO-102919,2023-02-23,MEA,Kenya,Planner 2024,Stationery,2,24,0,48,Enterprise,Online,F. Moreau,false
SO-104099,2023-02-23,APAC,Singapore,Leather Journal Cover,Accessories,3,42,0,126,Small Business,Retail,D. Rossi,false
SO-104207,2023-02-23,APAC,Japan,Sticky Notes Pastel,Stationery,1,5.5,0.05,5.23,Consumer,Online,A. Okafor,false
SO-104385,2023-02-23,EU,Germany,Monitor Riser Oak,Desk,3,64,0.05,182.4,Consumer,Online,E. Haddad,false
SO-104736,2023-02-23,APAC,Japan,Pen Case Canvas,Accessories,2,22,0,44,Small Business,Online,A. Okafor,false
SO-105285,2023-02-23,LATAM,Chile,Quill Notebook A5,Stationery,5,12.5,0.05,59.38,Consumer,Online,E. Haddad,false
SO-100613,2023-02-24,LATAM,Brazil,Leather Journal Cover,Accessories,5,42,0.05,199.5,Consumer,Online,E. Haddad,false
SO-100911,2023-02-24,EU,United Kingdom,Leather Journal Cover,Accessories,1,42,0,42,Consumer,Retail,C. Nakamura,false
SO-101259,2023-02-24,EU,United Kingdom,Leather Journal Cover,Accessories,2,42,0,84,Consumer,Online,D. Rossi,false
SO-102139,2023-02-24,APAC,Singapore,Gel Pen 5-pack,Writing,2,9.9,0.1,17.82,Enterprise,Online,E. Haddad,false
SO-102763,2023-02-24,MEA,South Africa,Fountain Pen Brass,Writing,10,79,0,790,Small Business,Retail,B. Lindqvist,false
SO-104155,2023-02-24,APAC,Australia,Leather Journal Cover,Accessories,3,42,0.05,119.7,Small Business,Online,D. Rossi,false
SO-104513,2023-02-24,APAC,Japan,Desk Mat Linen,Desk,10,34,0,340,Consumer,Retail,E. Haddad,false
SO-104978,2023-02-24,LATAM,Argentina,Leather Journal Cover,Accessories,1,42,0,42,Consumer,Online,C. Nakamura,false
SO-105990,2023-02-24,LATAM,Argentina,Fountain Pen Classic,Writing,3,48,0,144,Enterprise,Online,H. Silva,false
SO-100222,2023-02-25,MEA,South Africa,Leather Journal Cover,Accessories,1,42,0,42,Consumer,Online,D. Rossi,false
SO-100323,2023-02-25,LATAM,Brazil,Sticky Notes Pastel,Stationery,2,5.5,0,11,Small Business,Retail,F. Moreau,false
SO-101040,2023-02-25,EU,France,Fountain Pen Brass,Writing,2,79,0,158,Small Business,Online,F. Moreau,false
SO-102323,2023-02-25,APAC,Australia,Monitor Riser Oak,Desk,10,64,0,640,Consumer,Online,E. Haddad,false
SO-102955,2023-02-25,APAC,Japan,Monitor Riser Oak,Desk,5,64,0,320,Consumer,Online,C. Nakamura,false
SO-103838,2023-02-25,APAC,India,Fountain Pen Brass,Writing,5,79,0.1,355.5,Small Business,Retail,H. Silva,false
SO-104729,2023-02-25,MEA,Kenya,Pen Case Canvas,Accessories,1,22,0.1,19.8,Consumer,Retail,F. Moreau,false
SO-105775,2023-02-25,EU,Netherlands,Pen Stand Walnut,Desk,1,29,0,29,Small Business,Retail,H. Silva,false
SO-100209,2023-02-26,MEA,South Africa,Pen Case Canvas,Accessories,1,22,0,22,Consumer,Online,H. Silva,false
SO-100960,2023-02-26,NA,Mexico,Calligraphy Starter Kit,Writing,1,58,0,58,Small Business,Online,G. Patel,false
SO-101493,2023-02-26,APAC,India,Planner 2024,Stationery,3,24,0.05,68.4,Consumer,Online,G. Patel,false
SO-102305,2023-02-26,MEA,United Arab Emirates,Leather Journal Cover,Accessories,3,42,0,126,Consumer,Retail,G. Patel,false
SO-102681,2023-02-26,MEA,South Africa,Fountain Pen Brass,Writing,1,79,0,79,Consumer,Wholesale,B. Lindqvist,false
SO-103265,2023-02-26,MEA,Kenya,Leather Journal Cover,Accessories,3,42,0,126,Consumer,Retail,C. Nakamura,false
SO-104082,2023-02-26,NA,United States,Ink Bottle Sepia 50ml,Ink,2,18,0.05,34.2,Consumer,Online,E. Haddad,false
SO-105219,2023-02-26,APAC,Singapore,Ink Bottle Sepia 50ml,Ink,1,18,0.05,17.1,Small Business,Retail,G. Patel,false
SO-105755,2023-02-26,MEA,United Arab Emirates,Gel Pen 5-pack,Writing,1,9.9,0,9.9,Consumer,Online,D. Rossi,false
SO-100257,2023-02-27,MEA,South Africa,Monitor Riser Oak,Desk,1,64,0,64,Consumer,Online,C. Nakamura,false
SO-100667,2023-02-27,EU,Spain,Pen Case Canvas,Accessories,1,22,0,22,Enterprise,Online,A. Okafor,false
SO-102032,2023-02-27,MEA,Kenya,Pen Stand Walnut,Desk,1,29,0,29,Consumer,Online,H. Silva,false
SO-103846,2023-02-27,LATAM,Argentina,Pen Case Canvas,Accessories,1,22,0.1,19.8,Small Business,Retail,F. Moreau,false
SO-104448,2023-02-27,EU,Spain,Fountain Pen Classic,Writing,2,48,0.1,86.4,Consumer,Online,B. Lindqvist,false
SO-105870,2023-02-27,LATAM,Brazil,Planner 2024,Stationery,2,24,0,48,Small Business,Online,C. Nakamura,false
SO-105907,2023-02-27,APAC,Australia,Desk Mat Linen,Desk,1,34,0.2,27.2,Consumer,Online,C. Nakamura,false
SO-105958,2023-02-27,EU,France,Quill Notebook A4,Stationery,3,16,0,48,Consumer,Online,A. Okafor,false
SO-101037,2023-02-28,APAC,India,Quill Notebook A4,Stationery,2,16,0,32,Small Business,Retail,G. Patel,false
SO-101096,2023-02-28,MEA,Kenya,Fountain Pen Brass,Writing,2,79,0,158,Consumer,Online,G. Patel,false
SO-103430,2023-02-28,NA,United States,Gel Pen 5-pack,Writing,10,9.9,0,99,Consumer,Retail,B. Lindqvist,false
SO-104249,2023-02-28,LATAM,Brazil,Pen Stand Walnut,Desk,2,29,0.05,55.1,Enterprise,Online,G. Patel,false
SO-104532,2023-02-28,MEA,South Africa,Pen Case Canvas,Accessories,2,22,0,44,Consumer,Retail,H. Silva,false
SO-104819,2023-02-28,LATAM,Chile,Sticky Notes Pastel,Stationery,1,5.5,0.1,4.95,Small Business,Online,F. Moreau,false
SO-105386,2023-02-28,MEA,Kenya,Monitor Riser Oak,Desk,3,64,0,192,Consumer,Online,H. Silva,false
SO-105497,2023-02-28,MEA,Kenya,Fountain Pen Classic,Writing,1,48,0.2,38.4,Small Business,Retail,A. Okafor,false
SO-102904,2023-03-01,APAC,India,Ink Bottle Sepia 50ml,Ink,2,18,0,36,Enterprise,Online,B. Lindqvist,false
SO-102931,2023-03-01,NA,Canada,Planner 2024,Stationery,1,24,0,24,Consumer,Wholesale,G. Patel,false
SO-104024,2023-03-01,EU,Germany,Pen Stand Walnut,Desk,2,29,0.1,52.2,Small Business,Retail,H. Silva,false
SO-104505,2023-03-01,APAC,Singapore,Leather Journal Cover,Accessories,5,42,0.05,199.5,Consumer,Retail,F. Moreau,false
SO-104873,2023-03-01,NA,Canada,Ink Cartridge Midnight,Ink,1,6.5,0.05,6.18,Consumer,Online,F. Moreau,false
SO-105186,2023-03-01,MEA,United Arab Emirates,Calligraphy Starter Kit,Writing,1,58,0.05,55.1,Enterprise,Retail,D. Rossi,false
SO-105466,2023-03-01,NA,Mexico,Gel Pen 5-pack,Writing,2,9.9,0.2,15.84,Enterprise,Online,F. Moreau,false
SO-100702,2023-03-02,EU,Germany,Leather Journal Cover,Accessories,5,42,0,210,Consumer,Online,H. Silva,false
SO-101819,2023-03-02,EU,Netherlands,Quill Notebook A4,Stationery,2,16,0,32,Consumer,Retail,F. Moreau,false
SO-102924,2023-03-02,APAC,Australia,Monitor Riser Oak,Desk,1,64,0,64,Small Business,Retail,C. Nakamura,true
SO-103242,2023-03-02,EU,Netherlands,Pen Case Canvas,Accessories,2,22,0,44,Consumer,Online,B. Lindqvist,false
SO-103364,2023-03-02,NA,Canada,Pen Stand Walnut,Desk,2,29,0,58,Consumer,Online,H. Silva,false
SO-104570,2023-03-02,MEA,United Arab Emirates,Pen Case Canvas,Accessories,2,22,0.1,39.6,Enterprise,Online,F. Moreau,false
SO-105467,2023-03-02,NA,United States,Sticky Notes Pastel,Stationery,1,5.5,0.1,4.95,Consumer,Wholesale,G. Patel,false
SO-105805,2023-03-02,LATAM,Chile,Calligraphy Starter Kit,Writing,1,58,0,58,Consumer,Wholesale,G. Patel,false
SO-105947,2023-03-02,MEA,South Africa,Quill Notebook A4,Stationery,2,16,0,32,Consumer,Wholesale,A. Okafor,false
SO-101193,2023-03-03,EU,United Kingdom,Pen Case Canvas,Accessories,2,22,0,44,Enterprise,Retail,B. Lindqvist,false
SO-103497,2023-03-03,LATAM,Chile,Ink Bottle Sepia 50ml,Ink,3,18,0.05,51.3,Consumer,Online,E. Haddad,false
SO-104061,2023-03-03,LATAM,Brazil,Leather Journal Cover,Accessories,3,42,0,126,Enterprise,Online,C. Nakamura,false
SO-104185,2023-03-03,NA,Canada,Monitor Riser Oak,Desk,1,64,0,64,Consumer,Online,D. Rossi,false
SO-105514,2023-03-03,LATAM,Argentina,Leather Journal Cover,Accessories,1,42,0.05,39.9,Consumer,Retail,F. Moreau,false
SO-100003,2023-03-04,NA,Mexico,Pen Case Canvas,Accessories,2,22,0,44,Small Business,Retail,E. Haddad,false
SO-100440,2023-03-04,APAC,Australia,Pen Stand Walnut,Desk,5,29,0,145,Consumer,Online,C. Nakamura,false
SO-101546,2023-03-04,MEA,South Africa,Pen Case Canvas,Accessories,2,22,0,44,Small Business,Online,E. Haddad,false
SO-103080,2023-03-04,LATAM,Argentina,Desk Mat Linen,Desk,1,34,0,34,Consumer,Online,B. Lindqvist,false
SO-104258,2023-03-04,APAC,Japan,Quill Notebook A5,Stationery,1,12.5,0,12.5,Consumer,Retail,E. Haddad,true
SO-104555,2023-03-04,EU,Spain,Ink Bottle Sepia 50ml,Ink,1,18,0,18,Small Business,Online,C. Nakamura,false
SO-104558,2023-03-04,NA,Mexico,Monitor Riser Oak,Desk,1,64,0.05,60.8,Small Business,Retail,H. Silva,false
SO-104959,2023-03-04,EU,France,Ink Bottle Sepia 50ml,Ink,2,18,0,36,Small Business,Wholesale,D. Rossi,false
SO-105340,2023-03-04,MEA,South Africa,Sticky Notes Pastel,Stationery,3,5.5,0,16.5,Enterprise,Online,F. Moreau,false
SO-105691,2023-03-04,APAC,Singapore,Quill Notebook A5,Stationery,3,12.5,0.1,33.75,Enterprise,Online,E. Haddad,false
SO-100265,2023-03-05,EU,France,Fountain Pen Brass,Writing,1,79,0.2,63.2,Small Business,Online,C. Nakamura,false
SO-100318,2023-03-05,LATAM,Argentina,Fountain Pen Classic,Writing,1,48,0.05,45.6,Consumer,Retail,H. Silva,false
SO-100802,2023-03-05,MEA,Kenya,Leather Journal Cover,Accessories,2,42,0.05,79.8,Consumer,Online,E. Haddad,false
SO-101075,2023-03-05,EU,United Kingdom,Planner 2024,Stationery,3,24,0.2,57.6,Consumer,Online,C. Nakamura,false
SO-102397,2023-03-05,NA,Canada,Quill Notebook A5,Stationery,1,12.5,0.1,11.25,Consumer,Online,B. Lindqvist,false
SO-102915,2023-03-05,EU,Spain,Fountain Pen Brass,Writing,5,79,0,395,Small Business,Online,A. Okafor,false
SO-102942,2023-03-05,NA,Mexico,Fountain Pen Classic,Writing,3,48,0.2,115.2,Enterprise,Retail,B. Lindqvist,false
SO-102992,2023-03-05,MEA,Kenya,Quill Notebook A4,Stationery,5,16,0.05,76,Consumer,Retail,E. Haddad,false
SO-104028,2023-03-05,NA,Canada,Pen Case Canvas,Accessories,2,22,0.05,41.8,Consumer,Retail,E. Haddad,false
SO-105766,2023-03-05,LATAM,Chile,Pen Stand Walnut,Desk,1,29,0,29,Enterprise,Online,B. Lindqvist,false
SO-100032,2023-03-06,NA,United States,Fountain Pen Classic,Writing,3,48,0,144,Consumer,Retail,C. Nakamura,false
SO-100566,2023-03-06,MEA,United Arab Emirates,Quill Notebook A5,Stationery,2,12.5,0,25,Consumer,Online,B. Lindqvist,false
SO-101756,2023-03-06,NA,Canada,Desk Mat Linen,Desk,3,34,0.05,96.9,Small Business,Online,E. Haddad,false
SO-102226,2023-03-06,APAC,India,Pen Stand Walnut,Desk,2,29,0,58,Consumer,Retail,H. Silva,false
SO-104213,2023-03-06,LATAM,Brazil,Gel Pen 5-pack,Writing,3,9.9,0,29.7,Small Business,Online,F. Moreau,false
SO-104229,2023-03-06,NA,Mexico,Fountain Pen Brass,Writing,2,79,0.05,150.1,Consumer,Online,B. Lindqvist,false
SO-104866,2023-03-06,APAC,Japan,Monitor Riser Oak,Desk,1,64,0.1,57.6,Consumer,Retail,A. Okafor,false
SO-105089,2023-03-06,LATAM,Chile,Ink Cartridge Midnight,Ink,2,6.5,0,13,Enterprise,Retail,G. Patel,false
SO-101155,2023-03-07,MEA,South Africa,Ink Cartridge Midnight,Ink,10,6.5,0,65,Consumer,Retail,D. Rossi,false
SO-101267,2023-03-07,MEA,United Arab Emirates,Leather Journal Cover,Accessories,1,42,0,42,Consumer,Online,H. Silva,false
SO-101286,2023-03-07,LATAM,Argentina,Sticky Notes Pastel,Stationery,2,5.5,0.1,9.9,Consumer,Wholesale,C. Nakamura,false
SO-101742,2023-03-07,MEA,United Arab Emirates,Sticky Notes Pastel,Stationery,5,5.5,0,27.5,Consumer,Online,H. Silva,false
SO-102439,2023-03-07,LATAM,Brazil,Planner 2024,Stationery,1,24,0.05,22.8,Consumer,Wholesale,C. Nakamura,false
SO-102944,2023-03-07,EU,France,Desk Mat Linen,Desk,2,34,0,68,Consumer,Online,B. Lindqvist,false
SO-103053,2023-03-07,EU,United Kingdom,Sticky Notes Pastel,Stationery,2,5.5,0.1,9.9,Small Business,Online,F. Moreau,false
SO-103922,2023-03-07,LATAM,Brazil,Quill Notebook A4,Stationery,2,16,0.05,30.4,Consumer,Online,E. Haddad,false
SO-104602,2023-03-07,NA,Canada,Calligraphy Starter Kit,Writing,1,58,0,58,Consumer,Online,D. Rossi,false
SO-104692,2023-03-07,MEA,United Arab Emirates,Ink Cartridge Midnight,Ink,1,6.5,0.05,6.18,Consumer,Retail,A. Okafor,false
SO-105233,2023-03-07,NA,United States,Desk Mat Linen,Desk,1,34,0,34,Small Business,Retail,H. Silva,false
SO-105271,2023-03-07,APAC,Australia,Quill Notebook A4,Stationery,1,16,0,16,Consumer,Retail,A. Okafor,false
SO-105519,2023-03-07,EU,Germany,Sticky Notes Pastel,Stationery,1,5.5,0.1,4.95,Consumer,Online,E. Haddad,true
SO-101471,2023-03-08,LATAM,Brazil,Ink Cartridge Midnight,Ink,1,6.5,0.1,5.85,Consumer,Online,F. Moreau,false
SO-101987,2023-03-08,NA,Mexico,Ink Bottle Sepia 50ml,Ink,1,18,0,18,Small Business,Online,B. Lindqvist,false
SO-102900,2023-03-08,MEA,Kenya,Ink Bottle Sepia 50ml,Ink,2,18,0,36,Consumer,Online,A. Okafor,false
SO-103289,2023-03-08,APAC,Japan,Fountain Pen Brass,Writing,2,79,0,158,Consumer,Online,B. Lindqvist,false
SO-103894,2023-03-08,NA,Mexico,Sticky Notes Pastel,Stationery,1,5.5,0,5.5,Consumer,Online,G. Patel,false
SO-104585,2023-03-08,EU,Netherlands,Fountain Pen Brass,Writing,2,79,0,158,Consumer,Retail,A. Okafor,false
SO-105027,2023-03-08,EU,Spain,Gel Pen 5-pack,Writing,3,9.9,0,29.7,Consumer,Online,A. Okafor,false
SO-105676,2023-03-08,LATAM,Brazil,Planner 2024,Stationery,1,24,0,24,Consumer,Online,G. Patel,false
SO-100439,2023-03-09,EU,Netherlands,Ink Bottle Sepia 50ml,Ink,1,18,0,18,Consumer,Online,B. Lindqvist,false
SO-101628,2023-03-09,NA,Canada,Planner 2024,Stationery,1,24,0.05,22.8,Consumer,Online,H. Silva,false
SO-102450,2023-03-09,APAC,India,Desk Mat Linen,Desk,3,34,0.05,96.9,Small Business,Retail,H. Silva,false
SO-102946,2023-03-09,APAC,India,Fountain Pen Classic,Writing,2,48,0,96,Consumer,Online,A. Okafor,false
SO-103595,2023-03-09,MEA,United Arab Emirates,Gel Pen 5-pack,Writing,1,9.9,0,9.9,Consumer,Online,F. Moreau,false
SO-103908,2023-03-09,EU,United Kingdom,Leather Journal Cover,Accessories,1,42,0,42,Consumer,Online,F. Moreau,false
SO-104104,2023-03-09,APAC,Japan,Fountain Pen Classic,Writing,2,48,0,96,Enterprise,Online,B. Lindqvist,false
SO-105026,2023-03-09,APAC,India,Desk Mat Linen,Desk,1,34,0,34,Consumer,Online,F. Moreau,false
SO-105337,2023-03-09,EU,Netherlands,Planner 2024,Stationery,2,24,0.05,45.6,Small Business,Online,A. Okafor,false
SO-105559,2023-03-09,EU,France,Ink Cartridge Midnight,Ink,3,6.5,0,19.5,Consumer,Online,E. Haddad,false
SO-100557,2023-03-10,LATAM,Argentina,Pen Case Canvas,Accessories,2,22,0.05,41.8,Small Business,Online,H. Silva,false
SO-101398,2023-03-10,NA,Mexico,Planner 2024,Stationery,2,24,0,48,Consumer,Online,H. Silva,false
SO-101410,2023-03-10,LATAM,Argentina,Ink Cartridge Midnight,Ink,1,6.5,0.2,5.2,Consumer,Online,G. Patel,false
SO-101416,2023-03-10,LATAM,Chile,Ink Bottle Sepia 50ml,Ink,1,18,0.05,17.1,Consumer,Online,H. Silva,false
SO-101805,2023-03-10,NA,Mexico,Monitor Riser Oak,Desk,5,64,0,320,Small Business,Online,B. Lindqvist,false
SO-102241,2023-03-10,NA,Mexico,Sticky Notes Pastel,Stationery,1,5.5,0,5.5,Consumer,Online,G. Patel,false
SO-102498,2023-03-10,APAC,Singapore,Sticky Notes Pastel,Stationery,5,5.5,0,27.5,Enterprise,Retail,G. Patel,false
SO-103634,2023-03-10,APAC,Singapore,Planner 2024,Stationery,3,24,0,72,Consumer,Retail,G. Patel,false
SO-103709,2023-03-10,MEA,South Africa,Ink Cartridge Midnight,Ink,1,6.5,0.2,5.2,Consumer,Retail,C. Nakamura,false
SO-104130,2023-03-10,LATAM,Chile,Fountain Pen Classic,Writing,3,48,0,144,Consumer,Online,F. Moreau,false
SO-104412,2023-03-10,MEA,South Africa,Planner 2024,Stationery,1,24,0.05,22.8,Small Business,Online,H. Silva,false
SO-104524,2023-03-10,NA,Canada,Monitor Riser Oak,Desk,3,64,0.05,182.4,Consumer,Retail,C. Nakamura,false
SO-105425,2023-03-10,MEA,South Africa,Planner 2024,Stationery,2,24,0,48,Small Business,Online,E. Haddad,true
SO-105476,2023-03-10,MEA,Kenya,Gel Pen 5-pack,Writing,1,9.9,0,9.9,Consumer,Online,B. Lindqvist,false
SO-105549,2023-03-10,LATAM,Chile,Leather Journal Cover,Accessories,1,42,0,42,Small Business,Retail,A. Okafor,false
SO-105699,2023-03-10,NA,Canada,Quill Notebook A4,Stationery,1,16,0,16,Small Business,Online,D. Rossi,false
SO-102049,2023-03-11,LATAM,Argentina,Leather Journal Cover,Accessories,5,42,0,210,Small Business,Online,A. Okafor,false
SO-102809,2023-03-11,LATAM,Chile,Quill Notebook A5,Stationery,1,12.5,0,12.5,Small Business,Retail,B. Lindqvist,false
SO-103215,2023-03-11,APAC,Singapore,Desk Mat Linen,Desk,2,34,0.2,54.4,Small Business,Online,A. Okafor,false
SO-103801,2023-03-11,LATAM,Brazil,Leather Journal Cover,Accessories,2,42,0,84,Small Business,Online,F. Moreau,false
SO-100120,2023-03-12,APAC,Singapore,Desk Mat Linen,Desk,1,34,0.2,27.2,Small Business,Online,H. Silva,false
SO-100464,2023-03-12,MEA,Kenya,Sticky Notes Pastel,Stationery,1,5.5,0.05,5.23,Small Business,Online,D. Rossi,true
SO-103353,2023-03-12,LATAM,Chile,Ink Bottle Sepia 50ml,Ink,1,18,0,18,Consumer,Online,F. Moreau,false
SO-103959,2023-03-12,MEA,Kenya,Ink Cartridge Midnight,Ink,3,6.5,0.05,18.52,Consumer,Online,H. Silva,true
SO-105209,2023-03-12,MEA,Kenya,Sticky Notes Pastel,Stationery,1,5.5,0.1,4.95,Consumer,Wholesale,A. Okafor,false
SO-100369,2023-03-13,APAC,Australia,Gel Pen 5-pack,Writing,3,9.9,0,29.7,Small Business,Retail,A. Okafor,false
SO-100606,2023-03-13,MEA,South Africa,Pen Case Canvas,Accessories,1,22,0,22,Consumer,Online,A. Okafor,false
SO-101029,2023-03-13,APAC,Australia,Fountain Pen Classic,Writing,3,48,0.05,136.8,Consumer,Retail,B. Lindqvist,false
SO-101399,2023-03-13,LATAM,Chile,Ink Cartridge Midnight,Ink,1,6.5,0,6.5,Consumer,Online,A. Okafor,false
SO-101654,2023-03-13,MEA,Kenya,Desk Mat Linen,Desk,1,34,0,34,Consumer,Online,D. Rossi,false
SO-102317,2023-03-13,APAC,Japan,Desk Mat Linen,Desk,1,34,0.05,32.3,Enterprise,Wholesale,C. Nakamura,false
SO-102387,2023-03-13,NA,Canada,Fountain Pen Brass,Writing,1,79,0.05,75.05,Small Business,Online,F. Moreau,false
SO-102662,2023-03-13,APAC,Japan,Monitor Riser Oak,Desk,1,64,0.1,57.6,Enterprise,Online,H. Silva,false
SO-102670,2023-03-13,MEA,United Arab Emirates,Ink Bottle Sepia 50ml,Ink,1,18,0.05,17.1,Small Business,Wholesale,B. Lindqvist,false
SO-104832,2023-03-13,NA,Canada,Fountain Pen Classic,Writing,1,48,0,48,Consumer,Online,C. Nakamura,false
SO-105734,2023-03-13,LATAM,Brazil,Fountain Pen Classic,Writing,1,48,0,48,Consumer,Online,B. Lindqvist,false
SO-105944,2023-03-13,LATAM,Brazil,Planner 2024,Stationery,1,24,0.1,21.6,Enterprise,Online,A. Okafor,false
SO-100910,2023-03-14,MEA,United Arab Emirates,Quill Notebook A4,Stationery,2,16,0,32,Consumer,Online,F. Moreau,false
SO-100959,2023-03-14,NA,Canada,Desk Mat Linen,Desk,1,34,0.2,27.2,Small Business,Online,E. Haddad,false
SO-101488,2023-03-14,NA,Canada,Quill Notebook A4,Stationery,1,16,0,16,Consumer,Online,E. Haddad,false
SO-102281,2023-03-14,NA,Mexico,Leather Journal Cover,Accessories,3,42,0.05,119.7,Consumer,Retail,B. Lindqvist,false
SO-103387,2023-03-14,EU,Spain,Leather Journal Cover,Accessories,2,42,0,84,Consumer,Online,D. Rossi,false
SO-104453,2023-03-14,LATAM,Brazil,Calligraphy Starter Kit,Writing,1,58,0,58,Consumer,Online,C. Nakamura,false
SO-104669,2023-03-14,MEA,United Arab Emirates,Pen Stand Walnut,Desk,2,29,0.1,52.2,Consumer,Retail,B. Lindqvist,false
SO-104772,2023-03-14,APAC,Australia,Leather Journal Cover,Accessories,1,42,0,42,Small Business,Online,G. Patel,false
SO-100416,2023-03-15,EU,Spain,Quill Notebook A5,Stationery,2,12.5,0.05,23.75,Consumer,Online,D. Rossi,false
SO-102571,2023-03-15,NA,United States,Quill Notebook A5,Stationery,1,12.5,0,12.5,Small Business,Retail,B. Lindqvist,false
SO-104292,2023-03-15,NA,United States,Monitor Riser Oak,Desk,2,64,0,128,Small Business,Online,G. Patel,false
SO-104589,2023-03-15,MEA,Kenya,Desk Mat Linen,Desk,2,34,0,68,Small Business,Online,G. Patel,false
SO-105293,2023-03-15,EU,Germany,Quill Notebook A5,Stationery,1,12.5,0,12.5,Consumer,Wholesale,A. Okafor,false
SO-100208,2023-03-16,LATAM,Argentina,Pen Case Canvas,Accessories,1,22,0,22,Consumer,Online,A. Okafor,false
SO-101764,2023-03-16,NA,Canada,Quill Notebook A4,Stationery,2,16,0,32,Small Business,Online,D. Rossi,false
SO-102390,2023-03-16,EU,Netherlands,Fountain Pen Brass,Writing,3,79,0,237,Small Business,Online,E. Haddad,false
SO-102482,2023-03-16,LATAM,Argentina,Quill Notebook A4,Stationery,3,16,0.05,45.6,Small Business,Retail,G. Patel,false
SO-103119,2023-03-16,APAC,Australia,Quill Notebook A5,Stationery,5,12.5,0.1,56.25,Enterprise,Wholesale,E. Haddad,false
SO-104021,2023-03-16,MEA,Kenya,Pen Case Canvas,Accessories,3,22,0.1,59.4,Consumer,Wholesale,B. Lindqvist,false
SO-104085,2023-03-16,MEA,Kenya,Planner 2024,Stationery,1,24,0,24,Enterprise,Online,H. Silva,false
SO-104647,2023-03-16,EU,Germany,Leather Journal Cover,Accessories,2,42,0,84,Consumer,Online,H. Silva,false
SO-105626,2023-03-16,NA,United States,Fountain Pen Classic,Writing,1,48,0.05,45.6,Consumer,Online,F. Moreau,false
SO-100724,2023-03-17,MEA,United Arab Emirates,Monitor Riser Oak,Desk,3,64,0.1,172.8,Small Business,Retail,A. Okafor,false
SO-101007,2023-03-17,EU,Netherlands,Pen Stand Walnut,Desk,1,29,0.05,27.55,Consumer,Online,E. Haddad,false
SO-101095,2023-03-17,EU,Germany,Desk Mat Linen,Desk,2,34,0,68,Enterprise,Retail,G. Patel,false
SO-101325,2023-03-17,LATAM,Chile,Pen Stand Walnut,Desk,1,29,0,29,Consumer,Online,H. Silva,false
SO-101773,2023-03-17,LATAM,Argentina,Ink Bottle Sepia 50ml,Ink,2,18,0,36,Consumer,Online,E. Haddad,false
SO-101909,2023-03-17,EU,United Kingdom,Pen Stand Walnut,Desk,1,29,0.05,27.55,Consumer,Online,A. Okafor,false
SO-102409,2023-03-17,MEA,United Arab Emirates,Sticky Notes Pastel,Stationery,2,5.5,0,11,Small Business,Retail,E. Haddad,false
SO-102591,2023-03-17,LATAM,Brazil,Desk Mat Linen,Desk,1,34,0,34,Enterprise,Online,C. Nakamura,false
SO-103112,2023-03-17,LATAM,Argentina,Leather Journal Cover,Accessories,2,42,0,84,Consumer,Retail,A. Okafor,false
SO-103138,2023-03-17,LATAM,Argentina,Quill Notebook A5,Stationery,2,12.5,0.1,22.5,Small Business,Online,A. Okafor,false
SO-103575,2023-03-17,APAC,Japan,Monitor Riser Oak,Desk,5,64,0,320,Consumer,Online,D. Rossi,true
SO-103705,2023-03-17,LATAM,Chile,Monitor Riser Oak,Desk,5,64,0.2,256,Consumer,Retail,D. Rossi,false
SO-100158,2023-03-18,LATAM,Brazil,Fountain Pen Brass,Writing,1,79,0.1,71.1,Consumer,Online,A. Okafor,false
SO-101659,2023-03-18,NA,United States,Ink Bottle Sepia 50ml,Ink,1,18,0.1,16.2,Consumer,Online,A. Okafor,false
SO-101814,2023-03-18,NA,Canada,Ink Cartridge Midnight,Ink,2,6.5,0,13,Small Business,Online,G. Patel,false
SO-102124,2023-03-18,EU,United Kingdom,Quill Notebook A4,Stationery,2,16,0.1,28.8,Consumer,Online,F. Moreau,false
SO-102863,2023-03-18,EU,United Kingdom,Gel Pen 5-pack,Writing,10,9.9,0,99,Small Business,Retail,F. Moreau,false
SO-103507,2023-03-18,EU,Spain,Quill Notebook A5,Stationery,1,12.5,0.2,10,Consumer,Online,F. Moreau,true
SO-104202,2023-03-18,EU,Spain,Fountain Pen Classic,Writing,2,48,0,96,Small Business,Retail,H. Silva,true
SO-105517,2023-03-18,NA,Canada,Pen Stand Walnut,Desk,1,29,0.1,26.1,Small Business,Online,F. Moreau,false
SO-100762,2023-03-19,APAC,India,Planner 2024,Stationery,3,24,0.1,64.8,Small Business,Online,F. Moreau,false
SO-101638,2023-03-19,APAC,Japan,Planner 2024,Stationery,1,24,0.1,21.6,Consumer,Online,B. Lindqvist,false
SO-101841,2023-03-19,MEA,South Africa,Gel Pen 5-pack,Writing,1,9.9,0,9.9,Small Business,Online,E. Haddad,false
SO-102742,2023-03-19,MEA,United Arab Emirates,Fountain Pen Classic,Writing,2,48,0.2,76.8,Small Business,Online,B. Lindqvist,false
SO-102822,2023-03-19,MEA,Kenya,Fountain Pen Classic,Writing,1,48,0.05,45.6,Small Business,Online,F. Moreau,false
SO-103660,2023-03-19,LATAM,Argentina,Sticky Notes Pastel,Stationery,3,5.5,0,16.5,Small Business,Online,G. Patel,false
SO-104246,2023-03-19,APAC,Japan,Gel Pen 5-pack,Writing,2,9.9,0.1,17.82,Consumer,Retail,E. Haddad,false
SO-104369,2023-03-19,EU,Netherlands,Calligraphy Starter Kit,Writing,1,58,0.05,55.1,Consumer,Retail,A. Okafor,false
SO-104917,2023-03-19,LATAM,Brazil,Sticky Notes Pastel,Stationery,3,5.5,0,16.5,Small Business,Online,F. Moreau,false
SO-105305,2023-03-19,APAC,Singapore,Quill Notebook A4,Stationery,3,16,0,48,Consumer,Online,F. Moreau,false
SO-105511,2023-03-19,LATAM,Brazil,Pen Stand Walnut,Desk,3,29,0,87,Consumer,Online,D. Rossi,false
SO-105664,2023-03-19,MEA,Kenya,Gel Pen 5-pack,Writing,1,9.9,0,9.9,Consumer,Retail,C. Nakamura,false
SO-101348,2023-03-20,NA,Canada,Fountain Pen Brass,Writing,1,79,0,79,Small Business,Wholesale,F. Moreau,false
SO-102004,2023-03-20,EU,France,Ink Bottle Sepia 50ml,Ink,2,18,0,36,Small Business,Online,A. Okafor,true
SO-104198,2023-03-20,MEA,United Arab Emirates,Gel Pen 5-pack,Writing,2,9.9,0,19.8,Consumer,Online,E. Haddad,false
SO-105135,2023-03-20,NA,United States,Planner 2024,Stationery,1,24,0.05,22.8,Enterprise,Online,A. Okafor,false
SO-105544,2023-03-20,NA,Canada,Quill Notebook A5,Stationery,1,12.5,0.2,10,Small Business,Online,D. Rossi,false
SO-100285,2023-03-21,MEA,South Africa,Pen Case Canvas,Accessories,2,22,0.05,41.8,Small Business,Retail,F. Moreau,false
SO-101432,2023-03-21,NA,Canada,Quill Notebook A4,Stationery,3,16,0.05,45.6,Small Business,Online,G. Patel,false
SO-100609,2023-03-22,NA,Canada,Monitor Riser Oak,Desk,3,64,0,192,Small Business,Online,F. Moreau,false
SO-100965,2023-03-22,LATAM,Brazil,Ink Cartridge Midnight,Ink,10,6.5,0.05,61.75,Small Business,Retail,D. Rossi,false
SO-100971,2023-03-22,MEA,South Africa,Sticky Notes Pastel,Stationery,10,5.5,0,55,Consumer,Online,E. Haddad,false
SO-101483,2023-03-22,EU,United Kingdom,Desk Mat Linen,Desk,3,34,0,102,Consumer,Online,C. Nakamura,false
SO-101627,2023-03-22,LATAM,Chile,Desk Mat Linen,Desk,2,34,0,68,Small Business,Online,B. Lindqvist,false
SO-102309,2023-03-22,LATAM,Argentina,Fountain Pen Brass,Writing,1,79,0,79,Consumer,Online,G. Patel,false
SO-102789,2023-03-22,LATAM,Brazil,Sticky Notes Pastel,Stationery,2,5.5,0,11,Consumer,Online,B. Lindqvist,false
SO-103121,2023-03-22,LATAM,Brazil,Ink Cartridge Midnight,Ink,1,6.5,0.1,5.85,Consumer,Online,F. Moreau,false
SO-103296,2023-03-22,MEA,United Arab Emirates,Fountain Pen Brass,Writing,1,79,0,79,Small Business,Online,F. Moreau,false
SO-105970,2023-03-22,APAC,Japan,Sticky Notes Pastel,Stationery,2,5.5,0,11,Consumer,Online,C. Nakamura,false
SO-100850,2023-03-23,NA,Canada,Calligraphy Starter Kit,Writing,1,58,0,58,Small Business,Online,G. Patel,false
SO-101064,2023-03-23,LATAM,Brazil,Gel Pen 5-pack,Writing,3,9.9,0,29.7,Consumer,Retail,F. Moreau,false
SO-104327,2023-03-23,NA,Canada,Gel Pen 5-pack,Writing,2,9.9,0,19.8,Consumer,Retail,E. Haddad,false
SO-105134,2023-03-23,NA,Mexico,Desk Mat Linen,Desk,3,34,0,102,Consumer,Retail,A. Okafor,false
SO-105946,2023-03-23,EU,United Kingdom,Planner 2024,Stationery,5,24,0.2,96,Small Business,Wholesale,F. Moreau,false
SO-100086,2023-03-24,LATAM,Chile,Gel Pen 5-pack,Writing,1,9.9,0,9.9,Consumer,Retail,B. Lindqvist,false
SO-100740,2023-03-24,MEA,South Africa,Quill Notebook A5,Stationery,1,12.5,0.2,10,Consumer,Retail,C. Nakamura,false
SO-100870,2023-03-24,NA,United States,Sticky Notes Pastel,Stationery,1,5.5,0.2,4.4,Small Business,Retail,A. Okafor,false
SO-101405,2023-03-24,EU,Spain,Fountain Pen Brass,Writing,5,79,0.1,355.5,Small Business,Online,H. Silva,false
SO-101450,2023-03-24,NA,Canada,Pen Case Canvas,Accessories,2,22,0.1,39.6,Small Business,Retail,B. Lindqvist,false
SO-101587,2023-03-24,APAC,Japan,Ink Cartridge Midnight,Ink,1,6.5,0,6.5,Consumer,Online,A. Okafor,false
SO-105808,2023-03-24,LATAM,Brazil,Pen Case Canvas,Accessories,2,22,0.05,41.8,Enterprise,Retail,E. Haddad,false
SO-100047,2023-03-25,MEA,Kenya,Gel Pen 5-pack,Writing,10,9.9,0.2,79.2,Consumer,Online,A. Okafor,false
SO-102324,2023-03-25,EU,Germany,Pen Case Canvas,Accessories,5,22,0.2,88,Small Business,Retail,D. Rossi,false
SO-103457,2023-03-25,EU,Netherlands,Calligraphy Starter Kit,Writing,1,58,0,58,Small Business,Wholesale,E. Haddad,false
SO-103865,2023-03-25,APAC,Australia,Planner 2024,Stationery,3,24,0,72,Enterprise,Retail,F. Moreau,false
SO-104114,2023-03-25,EU,Spain,Calligraphy Starter Kit,Writing,1,58,0.05,55.1,Consumer,Online,C. Nakamura,false
SO-104320,2023-03-25,APAC,Australia,Calligraphy Starter Kit,Writing,1,58,0,58,Consumer,Online,G. Patel,false
SO-101249,2023-03-26,APAC,India,Fountain Pen Classic,Writing,3,48,0.05,136.8,Small Business,Retail,C. Nakamura,false
SO-102010,2023-03-26,EU,Netherlands,Leather Journal Cover,Accessories,1,42,0.1,37.8,Consumer,Retail,H. Silva,false
SO-102505,2023-03-26,LATAM,Brazil,Fountain Pen Classic,Writing,1,48,0.1,43.2,Small Business,Online,F. Moreau,false
SO-103626,2023-03-26,EU,Spain,Desk Mat Linen,Desk,1,34,0,34,Consumer,Retail,E. Haddad,false
SO-103866,2023-03-26,EU,Netherlands,Leather Journal Cover,Accessories,2,42,0,84,Consumer,Retail,G. Patel,false
SO-104521,2023-03-26,APAC,Japan,Planner 2024,Stationery,3,24,0.05,68.4,Consumer,Online,E. Haddad,true
SO-105277,2023-03-26,NA,Mexico,Monitor Riser Oak,Desk,5,64,0.05,304,Enterprise,Retail,D. Rossi,false
SO-105893,2023-03-26,EU,France,Sticky Notes Pastel,Stationery,1,5.5,0,5.5,Small Business,Online,E. Haddad,false
SO-101252,2023-03-27,NA,Mexico,Planner 2024,Stationery,2,24,0,48,Consumer,Retail,H. Silva,false
SO-101740,2023-03-27,LATAM,Brazil,Quill Notebook A4,Stationery,1,16,0,16,Consumer,Wholesale,C. Nakamura,false
SO-101896,2023-03-27,MEA,South Africa,Desk Mat Linen,Desk,1,34,0.1,30.6,Small Business,Online,G. Patel,false
SO-102764,2023-03-27,APAC,Japan,Pen Case Canvas,Accessories,2,22,0,44,Small Business,Online,E. Haddad,false
SO-105036,2023-03-27,NA,Canada,Calligraphy Starter Kit,Writing,1,58,0.05,55.1,Consumer,Online,C. Nakamura,true
SO-100155,2023-03-28,LATAM,Brazil,Gel Pen 5-pack,Writing,2,9.9,0.1,17.82,Consumer,Online,A. Okafor,true
SO-100551,2023-03-28,MEA,South Africa,Fountain Pen Brass,Writing,3,79,0.2,189.6,Small Business,Retail,B. Lindqvist,false
SO-100594,2023-03-28,MEA,South Africa,Calligraphy Starter Kit,Writing,10,58,0,580,Small Business,Online,A. Okafor,false
SO-101227,2023-03-28,LATAM,Chile,Calligraphy Starter Kit,Writing,1,58,0,58,Consumer,Online,D. Rossi,false
SO-101701,2023-03-28,NA,United States,Quill Notebook A4,Stationery,1,16,0,16,Small Business,Retail,H. Silva,false
SO-102041,2023-03-28,MEA,United Arab Emirates,Ink Cartridge Midnight,Ink,1,6.5,0.1,5.85,Consumer,Wholesale,C. Nakamura,false
SO-102312,2023-03-28,NA,Mexico,Desk Mat Linen,Desk,5,34,0.05,161.5,Consumer,Retail,C. Nakamura,false
SO-102339,2023-03-28,EU,Germany,Quill Notebook A4,Stationery,5,16,0,80,Consumer,Online,H. Silva,false
SO-102691,2023-03-28,EU,France,Fountain Pen Brass,Writing,2,79,0.05,150.1,Consumer,Wholesale,F. Moreau,false
SO-104636,2023-03-28,APAC,Japan,Calligraphy Starter Kit,Writing,1,58,0,58,Small Business,Wholesale,H. Silva,false
SO-105611,2023-03-28,MEA,South Africa,Leather Journal Cover,Accessories,3,42,0.1,113.4,Enterprise,Online,B. Lindqvist,false
SO-105659,2023-03-28,MEA,Kenya,Monitor Riser Oak,Desk,1,64,0,64,Consumer,Retail,G. Patel,false
SO-100246,2023-03-29,APAC,Australia,Fountain Pen Classic,Writing,5,48,0,240,Small Business,Retail,H. Silva,false
SO-101066,2023-03-29,APAC,Singapore,Leather Journal Cover,Accessories,1,42,0.1,37.8,Enterprise,Wholesale,H. Silva,false
SO-101677,2023-03-29,EU,Netherlands,Calligraphy Starter Kit,Writing,2,58,0,116,Consumer,Online,G. Patel,false
SO-101898,2023-03-29,LATAM,Brazil,Fountain Pen Classic,Writing,5,48,0,240,Small Business,Online,E. Haddad,false
SO-101928,2023-03-29,APAC,India,Quill Notebook A4,Stationery,1,16,0.2,12.8,Consumer,Retail,E. Haddad,false
SO-102755,2023-03-29,LATAM,Argentina,Pen Case Canvas,Accessories,1,22,0.05,20.9,Consumer,Retail,D. Rossi,false
SO-102771,2023-03-29,APAC,India,Monitor Riser Oak,Desk,1,64,0,64,Consumer,Online,F. Moreau,false
SO-103273,2023-03-29,MEA,United Arab Emirates,Pen Stand Walnut,Desk,2,29,0.1,52.2,Consumer,Online,F. Moreau,false
SO-103598,2023-03-29,LATAM,Brazil,Calligraphy Starter Kit,Writing,10,58,0,580,Consumer,Retail,B. Lindqvist,false
SO-104956,2023-03-29,LATAM,Argentina,Quill Notebook A4,Stationery,1,16,0.1,14.4,Small Business,Online,F. Moreau,false
SO-105790,2023-03-29,MEA,United Arab Emirates,Sticky Notes Pastel,Stationery,1,5.5,0.05,5.23,Small Business,Retail,B. Lindqvist,false
SO-100418,2023-03-30,MEA,South Africa,Calligraphy Starter Kit,Writing,1,58,0.05,55.1,Consumer,Online,C. Nakamura,false
SO-100579,2023-03-30,LATAM,Brazil,Quill Notebook A5,Stationery,1,12.5,0.2,10,Small Business,Retail,C. Nakamura,false
SO-103704,2023-03-30,LATAM,Argentina,Quill Notebook A4,Stationery,3,16,0.1,43.2,Consumer,Online,C. Nakamura,false
SO-105058,2023-03-30,APAC,Australia,Quill Notebook A5,Stationery,10,12.5,0.1,112.5,Consumer,Retail,F. Moreau,false
SO-105378,2023-03-30,APAC,Japan,Desk Mat Linen,Desk,1,34,0.05,32.3,Consumer,Online,H. Silva,false
SO-105908,2023-03-30,EU,United Kingdom,Pen Stand Walnut,Desk,1,29,0,29,Consumer,Online,E. Haddad,false
SO-100661,2023-03-31,EU,Netherlands,Quill Notebook A4,Stationery,1,16,0.1,14.4,Small Business,Retail,E. Haddad,false
SO-100737,2023-03-31,LATAM,Argentina,Leather Journal Cover,Accessories,5,42,0.1,189,Consumer,Online,D. Rossi,false
SO-101177,2023-03-31,MEA,United Arab Emirates,Ink Bottle Sepia 50ml,Ink,3,18,0,54,Small Business,Retail,G. Patel,true
SO-101251,2023-03-31,LATAM,Chile,Ink Cartridge Midnight,Ink,3,6.5,0.05,18.52,Small Business,Online,F. Moreau,true
SO-101647,2023-03-31,APAC,Singapore,Sticky Notes Pastel,Stationery,2,5.5,0,11,Consumer,Online,D. Rossi,false
SO-103200,2023-03-31,MEA,Kenya,Quill Notebook A4,Stationery,5,16,0,80,Consumer,Online,A. Okafor,false
SO-103678,2023-03-31,MEA,United Arab Emirates,Fountain Pen Classic,Writing,1,48,0.05,45.6,Consumer,Wholesale,E. Haddad,false
SO-104293,2023-03-31,NA,United States,Leather Journal Cover,Accessories,1,42,0,42,Consumer,Retail,E. Haddad,false
SO-104968,2023-03-31,APAC,Japan,Ink Bottle Sepia 50ml,Ink,1,18,0.1,16.2,Consumer,Retail,E. Haddad,false
SO-100243,2023-04-01,EU,Germany,Quill Notebook A5,Stationery,1,12.5,0,12.5,Consumer,Retail,A. Okafor,false
SO-100348,2023-04-01,APAC,India,Pen Case Canvas,Accessories,1,22,0,22,Consumer,Online,A. Okafor,false
SO-100539,2023-04-01,APAC,Australia,Leather Journal Cover,Accessories,3,42,0,126,Consumer,Online,E. Haddad,false
SO-100982,2023-04-01,LATAM,Brazil,Ink Bottle Sepia 50ml,Ink,1,18,0,18,Consumer,Online,F. Moreau,false
SO-101107,2023-04-01,MEA,South Africa,Desk Mat Linen,Desk,1,34,0.1,30.6,Consumer,Online,D. Rossi,false
SO-101239,2023-04-01,NA,United States,Fountain Pen Brass,Writing,1,79,0.2,63.2,Small Business,Wholesale,D. Rossi,false
SO-102882,2023-04-01,LATAM,Brazil,Gel Pen 5-pack,Writing,3,9.9,0,29.7,Small Business,Online,D. Rossi,false
SO-102989,2023-04-01,NA,United States,Fountain Pen Classic,Writing,3,48,0,144,Small Business,Online,D. Rossi,false
SO-105553,2023-04-01,MEA,South Africa,Monitor Riser Oak,Desk,3,64,0,192,Consumer,Retail,H. Silva,false
SO-101502,2023-04-02,LATAM,Argentina,Ink Cartridge Midnight,Ink,3,6.5,0,19.5,Small Business,Retail,B. Lindqvist,false
SO-102367,2023-04-02,MEA,South Africa,Quill Notebook A4,Stationery,1,16,0,16,Enterprise,Online,G. Patel,false
SO-102861,2023-04-02,APAC,Singapore,Monitor Riser Oak,Desk,1,64,0.1,57.6,Consumer,Retail,B. Lindqvist,false
SO-103776,2023-04-02,NA,Canada,Gel Pen 5-pack,Writing,5,9.9,0.05,47.03,Small Business,Online,B. Lindqvist,false
SO-103808,2023-04-02,NA,United States,Sticky Notes Pastel,Stationery,10,5.5,0.1,49.5,Consumer,Retail,G. Patel,false
SO-105143,2023-04-02,EU,Germany,Gel Pen 5-pack,Writing,2,9.9,0,19.8,Enterprise,Online,D. Rossi,false
SO-103212,2023-04-03,APAC,Singapore,Ink Cartridge Midnight,Ink,2,6.5,0,13,Consumer,Online,D. Rossi,false
SO-103897,2023-04-03,MEA,South Africa,Ink Bottle Sepia 50ml,Ink,5,18,0.05,85.5,Small Business,Online,H. Silva,false
SO-104303,2023-04-03,EU,Germany,Sticky Notes Pastel,Stationery,1,5.5,0,5.5,Small Business,Online,F. Moreau,false
SO-104761,2023-04-03,NA,United States,Quill Notebook A4,Stationery,1,16,0.1,14.4,Consumer,Online,D. Rossi,false
SO-105487,2023-04-03,NA,Mexico,Pen Case Canvas,Accessories,2,22,0,44,Small Business,Online,H. Silva,false
SO-105749,2023-04-03,LATAM,Chile,Monitor Riser Oak,Desk,2,64,0.1,115.2,Small Business,Retail,C. Nakamura,false
SO-100461,2023-04-04,NA,Mexico,Quill Notebook A4,Stationery,5,16,0,80,Consumer,Online,G. Patel,false
SO-101217,2023-04-04,APAC,Singapore,Quill Notebook A5,Stationery,1,12.5,0,12.5,Consumer,Retail,C. Nakamura,false
SO-101413,2023-04-04,NA,Canada,Monitor Riser Oak,Desk,2,64,0.1,115.2,Small Business,Retail,H. Silva,false
SO-101706,2023-04-04,NA,United States,Pen Case Canvas,Accessories,1,22,0,22,Small Business,Online,C. Nakamura,false
SO-101832,2023-04-04,EU,Germany,Fountain Pen Classic,Writing,1,48,0.2,38.4,Consumer,Online,B. Lindqvist,false
SO-102518,2023-04-04,EU,United Kingdom,Ink Cartridge Midnight,Ink,1,6.5,0,6.5,Enterprise,Online,A. Okafor,false
SO-103008,2023-04-04,APAC,India,Leather Journal Cover,Accessories,2,42,0,84,Enterprise,Online,G. Patel,false
SO-104068,2023-04-04,EU,Germany,Sticky Notes Pastel,Stationery,5,5.5,0,27.5,Consumer,Online,G. Patel,false
SO-104433,2023-04-04,NA,United States,Fountain Pen Brass,Writing,2,79,0,158,Consumer,Retail,D. Rossi,false
SO-104559,2023-04-04,NA,United States,Planner 2024,Stationery,2,24,0,48,Consumer,Retail,A. Okafor,false
SO-104746,2023-04-04,EU,France,Planner 2024,Stationery,1,24,0,24,Enterprise,Online,C. Nakamura,false
SO-101162,2023-04-05,NA,Mexico,Ink Cartridge Midnight,Ink,1,6.5,0,6.5,Consumer,Online,E. Haddad,false
SO-101169,2023-04-05,NA,Canada,Monitor Riser Oak,Desk,3,64,0,192,Small Business,Online,G. Patel,false
SO-101205,2023-04-05,LATAM,Brazil,Planner 2024,Stationery,2,24,0,48,Small Business,Online,F. Moreau,false
SO-101798,2023-04-05,APAC,Australia,Desk Mat Linen,Desk,1,34,0.1,30.6,Consumer,Online,C. Nakamura,false
SO-102063,2023-04-05,EU,Netherlands,Leather Journal Cover,Accessories,5,42,0,210,Consumer,Retail,A. Okafor,false
SO-102168,2023-04-05,MEA,South Africa,Ink Bottle Sepia 50ml,Ink,1,18,0,18,Consumer,Online,G. Patel,false
SO-103360,2023-04-05,NA,Mexico,Pen Stand Walnut,Desk,10,29,0,290,Consumer,Online,G. Patel,false
SO-103485,2023-04-05,NA,United States,Fountain Pen Classic,Writing,2,48,0,96,Consumer,Online,F. Moreau,false
SO-103757,2023-04-05,LATAM,Chile,Sticky Notes Pastel,Stationery,1,5.5,0.05,5.23,Small Business,Retail,E. Haddad,false
SO-104797,2023-04-05,EU,Germany,Leather Journal Cover,Accessories,5,42,0,210,Consumer,Online,D. Rossi,false
SO-105433,2023-04-05,LATAM,Brazil,Desk Mat Linen,Desk,3,34,0.05,96.9,Small Business,Retail,G. Patel,true
SO-100092,2023-04-06,NA,Mexico,Calligraphy Starter Kit,Writing,1,58,0,58,Small Business,Retail,A. Okafor,false
SO-100402,2023-04-06,APAC,Japan,Quill Notebook A5,Stationery,1,12.5,0.05,11.88,Consumer,Wholesale,H. Silva,false
SO-101115,2023-04-06,LATAM,Argentina,Gel Pen 5-pack,Writing,2,9.9,0,19.8,Small Business,Retail,D. Rossi,false
SO-101140,2023-04-06,NA,United States,Quill Notebook A4,Stationery,5,16,0,80,Enterprise,Retail,F. Moreau,false
SO-102848,2023-04-06,EU,United Kingdom,Desk Mat Linen,Desk,1,34,0.05,32.3,Consumer,Online,A. Okafor,false
SO-103957,2023-04-06,APAC,India,Sticky Notes Pastel,Stationery,2,5.5,0,11,Consumer,Retail,B. Lindqvist,false
SO-104039,2023-04-06,MEA,Kenya,Ink Bottle Sepia 50ml,Ink,2,18,0.05,34.2,Consumer,Online,E. Haddad,false
SO-104269,2023-04-06,MEA,South Africa,Sticky Notes Pastel,Stationery,2,5.5,0,11,Consumer,Retail,G. Patel,false
SO-104364,2023-04-06,APAC,Singapore,Pen Case Canvas,Accessories,2,22,0,44,Enterprise,Online,E. Haddad,false
SO-105984,2023-04-06,LATAM,Brazil,Leather Journal Cover,Accessories,3,42,0,126,Consumer,Online,B. Lindqvist,false
SO-100456,2023-04-07,MEA,Kenya,Quill Notebook A5,Stationery,1,12.5,0,12.5,Consumer,Wholesale,G. Patel,false
SO-101543,2023-04-07,APAC,Japan,Ink Bottle Sepia 50ml,Ink,1,18,0.05,17.1,Consumer,Retail,E. Haddad,false
SO-101980,2023-04-07,EU,Spain,Calligraphy Starter Kit,Writing,3,58,0,174,Consumer,Wholesale,C. Nakamura,false
SO-102264,2023-04-07,APAC,Singapore,Fountain Pen Classic,Writing,2,48,0,96,Consumer,Retail,A. Okafor,false
SO-102650,2023-04-07,NA,Canada,Pen Case Canvas,Accessories,1,22,0,22,Small Business,Online,D. Rossi,false
SO-102987,2023-04-07,EU,France,Desk Mat Linen,Desk,1,34,0,34,Enterprise,Retail,C. Nakamura,false
SO-104309,2023-04-07,MEA,Kenya,Calligraphy Starter Kit,Writing,1,58,0.1,52.2,Consumer,Online,H. Silva,false
SO-104731,2023-04-07,APAC,Singapore,Planner 2024,Stationery,2,24,0,48,Small Business,Retail,E. Haddad,false
SO-104904,2023-04-07,EU,Netherlands,Ink Bottle Sepia 50ml,Ink,1,18,0,18,Consumer,Retail,B. Lindqvist,false
SO-105551,2023-04-07,APAC,India,Desk Mat Linen,Desk,1,34,0,34,Consumer,Retail,G. Patel,false
SO-105857,2023-04-07,LATAM,Chile,Quill Notebook A4,Stationery,2,16,0,32,Small Business,Retail,B. Lindqvist,false
SO-105977,2023-04-07,MEA,South Africa,Desk Mat Linen,Desk,3,34,0,102,Enterprise,Retail,B. Lindqvist,false
SO-100277,2023-04-08,MEA,United Arab Emirates,Ink Bottle Sepia 50ml,Ink,3,18,0,54,Small Business,Online,A. Okafor,false
SO-101332,2023-04-08,MEA,South Africa,Quill Notebook A4,Stationery,1,16,0.05,15.2,Consumer,Wholesale,D. Rossi,false
SO-105262,2023-04-08,LATAM,Brazil,Quill Notebook A5,Stationery,3,12.5,0,37.5,Consumer,Online,D. Rossi,false
SO-100061,2023-04-09,MEA,Kenya,Fountain Pen Brass,Writing,2,79,0,158,Consumer,Retail,B. Lindqvist,false
SO-100608,2023-04-09,EU,Spain,Monitor Riser Oak,Desk,1,64,0,64,Small Business,Wholesale,B. Lindqvist,false
SO-100743,2023-04-09,MEA,Kenya,Pen Stand Walnut,Desk,1,29,0.1,26.1,Consumer,Online,H. Silva,false
SO-101180,2023-04-09,EU,Netherlands,Fountain Pen Brass,Writing,2,79,0.05,150.1,Small Business,Retail,F. Moreau,false
SO-101999,2023-04-09,MEA,South Africa,Ink Bottle Sepia 50ml,Ink,5,18,0.1,81,Consumer,Online,E. Haddad,false
SO-102728,2023-04-09,NA,Canada,Pen Case Canvas,Accessories,1,22,0,22,Small Business,Online,D. Rossi,false
SO-103378,2023-04-09,MEA,South Africa,Quill Notebook A5,Stationery,3,12.5,0,37.5,Consumer,Online,A. Okafor,false
SO-104091,2023-04-09,MEA,Kenya,Quill Notebook A5,Stationery,5,12.5,0.05,59.38,Small Business,Online,F. Moreau,false
SO-105093,2023-04-09,EU,Germany,Sticky Notes Pastel,Stationery,2,5.5,0,11,Consumer,Retail,C. Nakamura,false
SO-105473,2023-04-09,NA,United States,Planner 2024,Stationery,1,24,0.1,21.6,Consumer,Online,B. Lindqvist,false
SO-105557,2023-04-09,EU,France,Ink Cartridge Midnight,Ink,3,6.5,0,19.5,Consumer,Online,H. Silva,false
SO-100774,2023-04-10,APAC,Japan,Ink Bottle Sepia 50ml,Ink,1,18,0,18,Consumer,Online,B. Lindqvist,false
SO-102817,2023-04-10,MEA,United Arab Emirates,Ink Cartridge Midnight,Ink,3,6.5,0,19.5,Consumer,Online,G. Patel,false
SO-103182,2023-04-10,LATAM,Chile,Ink Cartridge Midnight,Ink,1,6.5,0,6.5,Small Business,Online,G. Patel,false
SO-103829,2023-04-10,NA,Mexico,Planner 2024,Stationery,1,24,0,24,Consumer,Online,B. Lindqvist,false
SO-104179,2023-04-10,NA,United States,Desk Mat Linen,Desk,2,34,0,68,Consumer,Retail,D. Rossi,false
SO-105377,2023-04-10,EU,Netherlands,Quill Notebook A5,Stationery,2,12.5,0,25,Small Business,Online,H. Silva,false
SO-105543,2023-04-10,EU,Germany,Pen Stand Walnut,Desk,2,29,0.05,55.1,Consumer,Retail,A. Okafor,false
SO-100941,2023-04-11,NA,Mexico,Fountain Pen Brass,Writing,2,79,0,158,Consumer,Retail,H. Silva,false
SO-101284,2023-04-11,EU,United Kingdom,Desk Mat Linen,Desk,1,34,0,34,Consumer,Retail,H. Silva,false
SO-102013,2023-04-11,MEA,Kenya,Leather Journal Cover,Accessories,1,42,0,42,Consumer,Online,C. Nakamura,false
SO-102782,2023-04-11,MEA,United Arab Emirates,Sticky Notes Pastel,Stationery,2,5.5,0.05,10.45,Consumer,Online,H. Silva,false
SO-103531,2023-04-11,LATAM,Brazil,Pen Stand Walnut,Desk,1,29,0.1,26.1,Consumer,Online,E. Haddad,false
SO-103746,2023-04-11,MEA,United Arab Emirates,Pen Stand Walnut,Desk,1,29,0,29,Small Business,Retail,G. Patel,false
SO-100347,2023-04-12,EU,United Kingdom,Pen Case Canvas,Accessories,1,22,0,22,Consumer,Online,F. Moreau,false
SO-100866,2023-04-12,NA,Mexico,Gel Pen 5-pack,Writing,1,9.9,0,9.9,Small Business,Wholesale,F. Moreau,false
SO-101718,2023-04-12,MEA,South Africa,Fountain Pen Brass,Writing,1,79,0.05,75.05,Small Business,Online,C. Nakamura,false
SO-101893,2023-04-12,MEA,United Arab Emirates,Ink Bottle Sepia 50ml,Ink,3,18,0,54,Consumer,Online,A. Okafor,false
SO-102760,2023-04-12,MEA,South Africa,Pen Case Canvas,Accessories,1,22,0.05,20.9,Enterprise,Retail,G. Patel,false
SO-104183,2023-04-12,LATAM,Brazil,Monitor Riser Oak,Desk,5,64,0.05,304,Enterprise,Online,B. Lindqvist,false
SO-105890,2023-04-12,APAC,Singapore,Ink Bottle Sepia 50ml,Ink,1,18,0,18,Consumer,Retail,F. Moreau,false
SO-100548,2023-04-13,LATAM,Chile,Pen Case Canvas,Accessories,1,22,0,22,Enterprise,Retail,C. Nakamura,false
SO-102202,2023-04-13,NA,United States,Leather Journal Cover,Accessories,10,42,0,420,Consumer,Online,A. Okafor,false
SO-104113,2023-04-13,LATAM,Chile,Quill Notebook A5,Stationery,2,12.5,0,25,Consumer,Wholesale,B. Lindqvist,false
SO-104833,2023-04-13,LATAM,Argentina,Fountain Pen Brass,Writing,3,79,0.1,213.3,Consumer,Online,A. Okafor,false
SO-105175,2023-04-13,EU,Germany,Pen Stand Walnut,Desk,1,29,0,29,Small Business,Online,G. Patel,false
SO-105215,2023-04-13,MEA,Kenya,Planner 2024,Stationery,1,24,0.1,21.6,Enterprise,Online,F. Moreau,false
SO-100005,2023-04-14,LATAM,Chile,Planner 2024,Stationery,1,24,0.05,22.8,Small Business,Retail,D. Rossi,false
SO-100848,2023-04-14,EU,Netherlands,Monitor Riser Oak,Desk,5,64,0.05,304,Consumer,Online,E. Haddad,false
SO-101048,2023-04-14,APAC,India,Gel Pen 5-pack,Writing,3,9.9,0,29.7,Consumer,Online,E. Haddad,false
SO-101354,2023-04-14,EU,Netherlands,Quill Notebook A4,Stationery,1,16,0,16,Consumer,Online,C. Nakamura,false
SO-103744,2023-04-14,MEA,United Arab Emirates,Fountain Pen Brass,Writing,1,79,0,79,Consumer,Online,H. Silva,false
SO-103839,2023-04-14,MEA,Kenya,Gel Pen 5-pack,Writing,2,9.9,0.05,18.81,Consumer,Retail,A. Okafor,false
SO-105531,2023-04-14,APAC,Singapore,Calligraphy Starter Kit,Writing,2,58,0,116,Enterprise,Retail,C. Nakamura,false
SO-105945,2023-04-14,EU,United Kingdom,Monitor Riser Oak,Desk,2,64,0.05,121.6,Consumer,Online,C. Nakamura,false
SO-100513,2023-04-15,MEA,South Africa,Calligraphy Starter Kit,Writing,3,58,0,174,Consumer,Online,G. Patel,false
SO-100699,2023-04-15,EU,Netherlands,Quill Notebook A4,Stationery,5,16,0,80,Consumer,Online,B. Lindqvist,false
SO-100887,2023-04-15,APAC,India,Leather Journal Cover,Accessories,1,42,0.05,39.9,Consumer,Wholesale,D. Rossi,false
SO-101121,2023-04-15,APAC,India,Pen Case Canvas,Accessories,3,22,0,66,Enterprise,Online,C. Nakamura,false
SO-101150,2023-04-15,LATAM,Argentina,Quill Notebook A4,Stationery,3,16,0,48,Small Business,Online,H. Silva,false
SO-103127,2023-04-15,NA,Canada,Pen Case Canvas,Accessories,1,22,0.05,20.9,Consumer,Online,C. Nakamura,false
SO-103490,2023-04-15,APAC,Japan,Quill Notebook A4,Stationery,5,16,0.1,72,Enterprise,Online,B. Lindqvist,false
SO-104342,2023-04-15,APAC,India,Sticky Notes Pastel,Stationery,1,5.5,0,5.5,Consumer,Wholesale,C. Nakamura,false
SO-104942,2023-04-15,APAC,Australia,Sticky Notes Pastel,Stationery,2,5.5,0.2,8.8,Enterprise,Online,B. Lindqvist,false
SO-105106,2023-04-15,NA,Canada,Ink Cartridge Midnight,Ink,3,6.5,0,19.5,Consumer,Online,D. Rossi,false
SO-105909,2023-04-15,APAC,India,Ink Bottle Sepia 50ml,Ink,5,18,0.05,85.5,Consumer,Wholesale,A. Okafor,false
SO-100080,2023-04-16,MEA,South Africa,Fountain Pen Classic,Writing,2,48,0.1,86.4,Enterprise,Retail,E. Haddad,false
SO-100192,2023-04-16,EU,United Kingdom,Gel Pen 5-pack,Writing,2,9.9,0.05,18.81,Small Business,Online,G. Patel,false
SO-100834,2023-04-16,NA,Mexico,Gel Pen 5-pack,Writing,3,9.9,0,29.7,Consumer,Wholesale,A. Okafor,false
SO-101264,2023-04-16,APAC,Japan,Sticky Notes Pastel,Stationery,2,5.5,0,11,Enterprise,Retail,E. Haddad,false
SO-101684,2023-04-16,APAC,Japan,Planner 2024,Stationery,1,24,0,24,Small Business,Online,F. Moreau,false
SO-102437,2023-04-16,EU,Germany,Pen Case Canvas,Accessories,1,22,0,22,Consumer,Retail,B. Lindqvist,false
SO-103278,2023-04-16,LATAM,Argentina,Pen Stand Walnut,Desk,1,29,0.05,27.55,Enterprise,Retail,D. Rossi,false
SO-103329,2023-04-16,EU,Germany,Quill Notebook A4,Stationery,1,16,0,16,Consumer,Online,H. Silva,false
SO-104697,2023-04-16,APAC,Australia,Fountain Pen Brass,Writing,1,79,0,79,Consumer,Online,A. Okafor,false
SO-105132,2023-04-16,MEA,South Africa,Calligraphy Starter Kit,Writing,1,58,0,58,Consumer,Online,E. Haddad,true
SO-100052,2023-04-17,MEA,United Arab Emirates,Leather Journal Cover,Accessories,3,42,0,126,Small Business,Online,G. Patel,false
SO-100875,2023-04-17,EU,United Kingdom,Gel Pen 5-pack,Writing,1,9.9,0.05,9.4,Consumer,Online,D. Rossi,false
SO-102267,2023-04-17,APAC,Japan,Gel Pen 5-pack,Writing,1,9.9,0,9.9,Small Business,Online,E. Haddad,false
SO-102766,2023-04-17,EU,France,Fountain Pen Classic,Writing,5,48,0,240,Consumer,Retail,E. Haddad,false
SO-103527,2023-04-17,NA,United States,Leather Journal Cover,Accessories,1,42,0.05,39.9,Enterprise,Retail,A. Okafor,false
SO-103818,2023-04-17,LATAM,Argentina,Sticky Notes Pastel,Stationery,1,5.5,0,5.5,Consumer,Retail,F. Moreau,false
SO-104339,2023-04-17,LATAM,Chile,Quill Notebook A5,Stationery,10,12.5,0.05,118.75,Small Business,Online,B. Lindqvist,false
SO-105162,2023-04-17,MEA,South Africa,Ink Cartridge Midnight,Ink,2,6.5,0.1,11.7,Consumer,Online,A. Okafor,false
SO-105798,2023-04-17,EU,France,Calligraphy Starter Kit,Writing,3,58,0.05,165.3,Small Business,Online,F. Moreau,false
SO-101570,2023-04-18,EU,Spain,Monitor Riser Oak,Desk,3,64,0.2,153.6,Small Business,Retail,C. Nakamura,false
SO-102299,2023-04-18,LATAM,Argentina,Pen Case Canvas,Accessories,1,22,0.05,20.9,Enterprise,Retail,H. Silva,false
SO-105273,2023-04-18,EU,Germany,Ink Bottle Sepia 50ml,Ink,1,18,0,18,Small Business,Online,F. Moreau,false
SO-105997,2023-04-18,EU,Germany,Planner 2024,Stationery,3,24,0.05,68.4,Small Business,Online,H. Silva,false
SO-101182,2023-04-19,APAC,Singapore,Pen Stand Walnut,Desk,2,29,0.1,52.2,Consumer,Retail,D. Rossi,false
SO-101326,2023-04-19,NA,United States,Sticky Notes Pastel,Stationery,5,5.5,0.1,24.75,Small Business,Wholesale,B. Lindqvist,false
SO-101812,2023-04-19,NA,United States,Desk Mat Linen,Desk,5,34,0,170,Consumer,Online,C. Nakamura,false
SO-102642,2023-04-19,NA,United States,Quill Notebook A5,Stationery,1,12.5,0.05,11.88,Consumer,Online,E. Haddad,false
SO-103323,2023-04-19,NA,Canada,Monitor Riser Oak,Desk,1,64,0.05,60.8,Consumer,Retail,C. Nakamura,false
SO-104218,2023-04-19,LATAM,Chile,Ink Cartridge Midnight,Ink,1,6.5,0.05,6.18,Consumer,Online,B. Lindqvist,false
SO-104380,2023-04-19,NA,United States,Fountain Pen Brass,Writing,2,79,0,158,Consumer,Wholesale,D. Rossi,false
SO-104387,2023-04-19,MEA,South Africa,Fountain Pen Classic,Writing,1,48,0,48,Consumer,Online,C. Nakamura,false
SO-104401,2023-04-19,APAC,Australia,Calligraphy Starter Kit,Writing,2,58,0,116,Consumer,Online,D. Rossi,false
SO-104530,2023-04-19,MEA,South Africa,Pen Case Canvas,Accessories,1,22,0.1,19.8,Consumer,Retail,H. Silva,false
SO-105554,2023-04-19,NA,Mexico,Ink Cartridge Midnight,Ink,2,6.5,0,13,Small Business,Online,E. Haddad,false
SO-100125,2023-04-20,EU,Germany,Gel Pen 5-pack,Writing,1,9.9,0.1,8.91,Small Business,Wholesale,E. Haddad,true
SO-100327,2023-04-20,LATAM,Brazil,Calligraphy Starter Kit,Writing,2,58,0,116,Small Business,Retail,A. Okafor,false
SO-100838,2023-04-20,LATAM,Argentina,Pen Case Canvas,Accessories,3,22,0,66,Consumer,Online,D. Rossi,false
SO-101128,2023-04-20,NA,Mexico,Gel Pen 5-pack,Writing,3,9.9,0.05,28.22,Consumer,Retail,G. Patel,false
SO-101735,2023-04-20,LATAM,Argentina,Planner 2024,Stationery,1,24,0,24,Small Business,Online,F. Moreau,false
SO-102113,2023-04-20,LATAM,Brazil,Fountain Pen Brass,Writing,2,79,0.1,142.2,Enterprise,Retail,E. Haddad,false
SO-102565,2023-04-20,EU,France,Sticky Notes Pastel,Stationery,2,5.5,0,11,Small Business,Online,F. Moreau,false
SO-102898,2023-04-20,LATAM,Brazil,Calligraphy Starter Kit,Writing,5,58,0,290,Small Business,Online,A. Okafor,false
SO-100176,2023-04-21,LATAM,Brazil,Pen Stand Walnut,Desk,1,29,0,29,Consumer,Online,A. Okafor,false
SO-100855,2023-04-21,MEA,Kenya,Leather Journal Cover,Accessories,1,42,0.05,39.9,Consumer,Retail,C. Nakamura,false
SO-104960,2023-04-21,LATAM,Chile,Ink Cartridge Midnight,Ink,2,6.5,0,13,Consumer,Wholesale,A. Okafor,false
SO-105863,2023-04-21,APAC,Singapore,Ink Bottle Sepia 50ml,Ink,2,18,0,36,Small Business,Retail,A. Okafor,false
SO-105956,2023-04-21,NA,Mexico,Planner 2024,Stationery,3,24,0,72,Small Business,Online,A. Okafor,false
SO-101191,2023-04-22,LATAM,Chile,Fountain Pen Brass,Writing,1,79,0.05,75.05,Enterprise,Online,H. Silva,false
SO-102024,2023-04-22,MEA,United Arab Emirates,Fountain Pen Brass,Writing,1,79,0,79,Consumer,Online,E. Haddad,false
SO-102300,2023-04-22,LATAM,Brazil,Ink Cartridge Midnight,Ink,1,6.5,0.1,5.85,Small Business,Online,A. Okafor,false
SO-102775,2023-04-22,APAC,India,Gel Pen 5-pack,Writing,1,9.9,0,9.9,Consumer,Online,A. Okafor,false
SO-103271,2023-04-22,NA,Mexico,Desk Mat Linen,Desk,1,34,0,34,Small Business,Online,A. Okafor,false
SO-103483,2023-04-22,NA,Mexico,Gel Pen 5-pack,Writing,3,9.9,0.05,28.22,Small Business,Online,C. Nakamura,false
SO-103496,2023-04-22,MEA,Kenya,Quill Notebook A4,Stationery,1,16,0.1,14.4,Consumer,Retail,F. Moreau,false
SO-103515,2023-04-22,APAC,Japan,Calligraphy Starter Kit,Writing,1,58,0,58,Consumer,Retail,D. Rossi,false
SO-104436,2023-04-22,LATAM,Argentina,Desk Mat Linen,Desk,5,34,0,170,Consumer,Online,E. Haddad,true
SO-104599,2023-04-22,LATAM,Argentina,Pen Case Canvas,Accessories,2,22,0.2,35.2,Consumer,Retail,H. Silva,false
SO-104653,2023-04-22,NA,United States,Pen Case Canvas,Accessories,3,22,0,66,Small Business,Online,H. Silva,false
SO-104707,2023-04-22,MEA,Kenya,Planner 2024,Stationery,1,24,0.05,22.8,Small Business,Online,B. Lindqvist,false
SO-104840,2023-04-22,NA,Mexico,Fountain Pen Classic,Writing,1,48,0.1,43.2,Small Business,Online,C. Nakamura,false
SO-105933,2023-04-22,APAC,India,Pen Stand Walnut,Desk,5,29,0,145,Small Business,Retail,A. Okafor,false
SO-100450,2023-04-23,MEA,South Africa,Calligraphy Starter Kit,Writing,1,58,0.05,55.1,Consumer,Online,C. Nakamura,false
SO-100654,2023-04-23,NA,United States,Planner 2024,Stationery,1,24,0.2,19.2,Small Business,Online,A. Okafor,false
SO-100707,2023-04-23,LATAM,Argentina,Fountain Pen Classic,Writing,2,48,0.05,91.2,Small Business,Wholesale,H. Silva,false
SO-102315,2023-04-23,EU,United Kingdom,Fountain Pen Classic,Writing,1,48,0,48,Small Business,Online,B. Lindqvist,false
SO-102626,2023-04-23,MEA,South Africa,Quill Notebook A5,Stationery,10,12.5,0,125,Small Business,Online,F. Moreau,true
SO-102738,2023-04-23,APAC,India,Quill Notebook A4,Stationery,1,16,0.05,15.2,Consumer,Retail,B. Lindqvist,false
SO-102852,2023-04-23,NA,Canada,Calligraphy Starter Kit,Writing,3,58,0,174,Consumer,Online,D. Rossi,false
SO-103820,2023-04-23,EU,Germany,Pen Case Canvas,Accessories,1,22,0.05,20.9,Small Business,Online,H. Silva,false
SO-104914,2023-04-23,EU,Spain,Planner 2024,Stationery,5,24,0,120,Consumer,Wholesale,D. Rossi,false
SO-105017,2023-04-23,NA,United States,Fountain Pen Brass,Writing,2,79,0,158,Consumer,Retail,E. Haddad,false
SO-105160,2023-04-23,APAC,Japan,Fountain Pen Classic,Writing,3,48,0,144,Small Business,Online,A. Okafor,false
SO-100422,2023-04-24,MEA,South Africa,Sticky Notes Pastel,Stationery,1,5.5,0.05,5.23,Enterprise,Online,H. Silva,false
SO-100903,2023-04-24,MEA,United Arab Emirates,Leather Journal Cover,Accessories,1,42,0.1,37.8,Enterprise,Online,A. Okafor,false
SO-101117,2023-04-24,LATAM,Argentina,Quill Notebook A5,Stationery,1,12.5,0,12.5,Small Business,Online,H. Silva,false
SO-101146,2023-04-24,EU,Spain,Calligraphy Starter Kit,Writing,3,58,0,174,Consumer,Retail,B. Lindqvist,false
SO-101496,2023-04-24,NA,Mexico,Monitor Riser Oak,Desk,1,64,0.1,57.6,Small Business,Online,G. Patel,false
SO-103811,2023-04-24,LATAM,Argentina,Fountain Pen Brass,Writing,2,79,0,158,Consumer,Retail,B. Lindqvist,false
SO-103822,2023-04-24,LATAM,Argentina,Fountain Pen Classic,Writing,3,48,0,144,Small Business,Online,G. Patel,false
SO-100248,2023-04-25,APAC,Australia,Desk Mat Linen,Desk,1,34,0,34,Consumer,Online,A. Okafor,false
SO-100679,2023-04-25,EU,Netherlands,Gel Pen 5-pack,Writing,10,9.9,0,99,Small Business,Retail,H. Silva,false
SO-102750,2023-04-25,MEA,South Africa,Fountain Pen Classic,Writing,1,48,0,48,Consumer,Retail,B. Lindqvist,false
SO-103220,2023-04-25,LATAM,Brazil,Quill Notebook A4,Stationery,2,16,0.1,28.8,Enterprise,Retail,F. Moreau,false
SO-104220,2023-04-25,MEA,Kenya,Gel Pen 5-pack,Writing,2,9.9,0,19.8,Small Business,Retail,E. Haddad,false
SO-104447,2023-04-25,MEA,South Africa,Gel Pen 5-pack,Writing,1,9.9,0,9.9,Consumer,Retail,B. Lindqvist,false
SO-104507,2023-04-25,MEA,United Arab Emirates,Gel Pen 5-pack,Writing,2,9.9,0.05,18.81,Consumer,Retail,A. Okafor,true
SO-105774,2023-04-25,APAC,India,Calligraphy Starter Kit,Writing,3,58,0.1,156.6,Consumer,Online,D. Rossi,false
SO-101655,2023-04-26,NA,Mexico,Planner 2024,Stationery,3,24,0,72,Small Business,Retail,E. Haddad,false
SO-101915,2023-04-26,APAC,Singapore,Monitor Riser Oak,Desk,1,64,0.05,60.8,Small Business,Online,E. Haddad,false
SO-101960,2023-04-26,APAC,Japan,Pen Case Canvas,Accessories,2,22,0.05,41.8,Consumer,Online,E. Haddad,false
SO-102297,2023-04-26,MEA,Kenya,Ink Bottle Sepia 50ml,Ink,1,18,0,18,Consumer,Online,E. Haddad,false
SO-104386,2023-04-26,MEA,Kenya,Planner 2024,Stationery,3,24,0,72,Consumer,Wholesale,G. Patel,false
SO-104498,2023-04-26,APAC,Singapore,Pen Stand Walnut,Desk,1,29,0,29,Enterprise,Online,F. Moreau,false
SO-105254,2023-04-26,MEA,South Africa,Fountain Pen Classic,Writing,1,48,0,48,Small Business,Online,E. Haddad,false
SO-105523,2023-04-26,LATAM,Chile,Quill Notebook A5,Stationery,1,12.5,0.05,11.88,Consumer,Online,H. Silva,false
SO-105718,2023-04-26,NA,Canada,Quill Notebook A4,Stationery,1,16,0,16,Small Business,Online,F. Moreau,false
SO-105861,2023-04-26,MEA,Kenya,Ink Bottle Sepia 50ml,Ink,1,18,0,18,Consumer,Retail,G. Patel,false
SO-100178,2023-04-27,NA,Canada,Pen Stand Walnut,Desk,3,29,0,87,Consumer,Online,F. Moreau,false
SO-100698,2023-04-27,NA,Mexico,Ink Cartridge Midnight,Ink,1,6.5,0,6.5,Consumer,Online,E. Haddad,false
SO-101197,2023-04-27,APAC,Singapore,Ink Cartridge Midnight,Ink,1,6.5,0,6.5,Consumer,Wholesale,E. Haddad,false
SO-101371,2023-04-27,APAC,Singapore,Monitor Riser Oak,Desk,3,64,0,192,Consumer,Online,G. Patel,false
SO-101955,2023-04-27,EU,Spain,Fountain Pen Classic,Writing,1,48,0,48,Small Business,Online,E. Haddad,false
SO-102007,2023-04-27,MEA,United Arab Emirates,Fountain Pen Classic,Writing,1,48,0.1,43.2,Small Business,Online,G. Patel,false
SO-102441,2023-04-27,MEA,Kenya,Quill Notebook A5,Stationery,1,12.5,0,12.5,Consumer,Retail,A. Okafor,false
SO-102807,2023-04-27,EU,Germany,Fountain Pen Brass,Writing,1,79,0,79,Consumer,Wholesale,F. Moreau,false
SO-102860,2023-04-27,EU,Germany,Sticky Notes Pastel,Stationery,2,5.5,0,11,Small Business,Online,A. Okafor,false
SO-103504,2023-04-27,NA,Canada,Ink Bottle Sepia 50ml,Ink,1,18,0,18,Consumer,Online,D. Rossi,false
SO-103828,2023-04-27,APAC,Singapore,Pen Case Canvas,Accessories,1,22,0,22,Consumer,Retail,B. Lindqvist,false
SO-103864,2023-04-27,MEA,Kenya,Ink Bottle Sepia 50ml,Ink,2,18,0.05,34.2,Consumer,Online,E. Haddad,false
SO-104067,2023-04-27,MEA,Kenya,Gel Pen 5-pack,Writing,1,9.9,0.05,9.4,Consumer,Online,B. Lindqvist,false
SO-104210,2023-04-27,NA,United States,Fountain Pen Brass,Writing,3,79,0.05,225.15,Consumer,Online,C. Nakamura,false
SO-104747,2023-04-27,EU,United Kingdom,Calligraphy Starter Kit,Writing,1,58,0,58,Consumer,Retail,A. Okafor,false
SO-104812,2023-04-27,LATAM,Chile,Ink Bottle Sepia 50ml,Ink,1,18,0,18,Consumer,Online,F. Moreau,false
SO-105710,2023-04-27,EU,Netherlands,Fountain Pen Classic,Writing,1,48,0,48,Small Business,Online,C. Nakamura,false
SO-100641,2023-04-28,LATAM,Chile,Pen Case Canvas,Accessories,1,22,0,22,Consumer,Online,D. Rossi,false
SO-100657,2023-04-28,NA,Canada,Quill Notebook A4,Stationery,1,16,0.1,14.4,Small Business,Wholesale,B. Lindqvist,false
SO-100500,2023-04-29,APAC,Japan,Quill Notebook A5,Stationery,1,12.5,0,12.5,Small Business,Wholesale,F. Moreau,false
SO-103452,2023-04-29,LATAM,Argentina,Leather Journal Cover,Accessories,3,42,0.05,119.7,Enterprise,Online,C. Nakamura,false
SO-104071,2023-04-29,EU,United Kingdom,Ink Cartridge Midnight,Ink,2,6.5,0.05,12.35,Consumer,Online,F. Moreau,false
SO-104928,2023-04-29,NA,Mexico,Quill Notebook A5,Stationery,2,12.5,0.2,20,Consumer,Online,B. Lindqvist,false
SO-105657,2023-04-29,EU,France,Sticky Notes Pastel,Stationery,2,5.5,0.2,8.8,Small Business,Retail,D. Rossi,false
SO-100149,2023-04-30,APAC,Singapore,Quill Notebook A4,Stationery,1,16,0.1,14.4,Consumer,Online,C. Nakamura,false
SO-100635,2023-04-30,LATAM,Chile,Calligraphy Starter Kit,Writing,1,58,0.05,55.1,Consumer,Retail,B. Lindqvist,false
SO-101218,2023-04-30,LATAM,Brazil,Ink Cartridge Midnight,Ink,3,6.5,0,19.5,Consumer,Retail,H. Silva,false
SO-103658,2023-04-30,APAC,India,Sticky Notes Pastel,Stationery,3,5.5,0,16.5,Small Business,Online,A. Okafor,false
SO-105176,2023-04-30,EU,Germany,Pen Case Canvas,Accessories,1,22,0.1,19.8,Consumer,Online,F. Moreau,false
SO-100050,2023-05-01,NA,Canada,Gel Pen 5-pack,Writing,2,9.9,0.05,18.81,Small Business,Online,A. Okafor,false
SO-100431,2023-05-01,LATAM,Brazil,Fountain Pen Brass,Writing,2,79,0,158,Consumer,Online,A. Okafor,false
SO-100878,2023-05-01,NA,United States,Gel Pen 5-pack,Writing,1,9.9,0,9.9,Consumer,Online,H. Silva,false
SO-101009,2023-05-01,APAC,Australia,Pen Stand Walnut,Desk,1,29,0,29,Small Business,Online,G. Patel,false
SO-101014,2023-05-01,MEA,Kenya,Desk Mat Linen,Desk,10,34,0.1,306,Small Business,Retail,D. Rossi,false
SO-101548,2023-05-01,MEA,Kenya,Sticky Notes Pastel,Stationery,1,5.5,0.1,4.95,Enterprise,Wholesale,C. Nakamura,false
SO-101794,2023-05-01,LATAM,Argentina,Monitor Riser Oak,Desk,2,64,0.1,115.2,Consumer,Online,E. Haddad,false
SO-102501,2023-05-01,EU,United Kingdom,Ink Cartridge Midnight,Ink,5,6.5,0.05,30.88,Consumer,Online,H. Silva,false
SO-102855,2023-05-01,LATAM,Argentina,Ink Bottle Sepia 50ml,Ink,2,18,0,36,Consumer,Online,D. Rossi,false
SO-103380,2023-05-01,MEA,United Arab Emirates,Monitor Riser Oak,Desk,2,64,0,128,Enterprise,Online,A. Okafor,false
SO-103782,2023-05-01,NA,United States,Desk Mat Linen,Desk,1,34,0,34,Consumer,Retail,C. Nakamura,false
SO-104133,2023-05-01,MEA,South Africa,Desk Mat Linen,Desk,3,34,0,102,Small Business,Online,F. Moreau,false
SO-101201,2023-05-02,EU,France,Fountain Pen Classic,Writing,5,48,0.05,228,Small Business,Retail,E. Haddad,false
SO-101882,2023-05-02,NA,Mexico,Gel Pen 5-pack,Writing,1,9.9,0,9.9,Enterprise,Retail,H. Silva,false
SO-101983,2023-05-02,NA,United States,Quill Notebook A4,Stationery,1,16,0,16,Consumer,Online,E. Haddad,false
SO-102689,2023-05-02,LATAM,Brazil,Planner 2024,Stationery,10,24,0.1,216,Consumer,Wholesale,A. Okafor,false
SO-103433,2023-05-02,NA,Canada,Monitor Riser Oak,Desk,5,64,0,320,Consumer,Retail,A. Okafor,false
SO-104445,2023-05-02,APAC,India,Gel Pen 5-pack,Writing,2,9.9,0,19.8,Small Business,Retail,H. Silva,false
SO-105211,2023-05-02,APAC,Japan,Gel Pen 5-pack,Writing,2,9.9,0,19.8,Small Business,Online,G. Patel,false
SO-105589,2023-05-02,APAC,Singapore,Leather Journal Cover,Accessories,1,42,0,42,Small Business,Online,D. Rossi,false
SO-100260,2023-05-03,NA,Canada,Gel Pen 5-pack,Writing,1,9.9,0,9.9,Consumer,Online,B. Lindqvist,false
SO-100488,2023-05-03,NA,United States,Monitor Riser Oak,Desk,3,64,0,192,Consumer,Online,B. Lindqvist,false
SO-102363,2023-05-03,LATAM,Brazil,Quill Notebook A5,Stationery,1,12.5,0.1,11.25,Consumer,Online,G. Patel,false
SO-102404,2023-05-03,APAC,Singapore,Monitor Riser Oak,Desk,2,64,0.1,115.2,Consumer,Online,A. Okafor,false
SO-102576,2023-05-03,NA,United States,Ink Bottle Sepia 50ml,Ink,1,18,0,18,Consumer,Wholesale,C. Nakamura,false
SO-102739,2023-05-03,LATAM,Argentina,Sticky Notes Pastel,Stationery,1,5.5,0.1,4.95,Enterprise,Online,G. Patel,false
SO-103513,2023-05-03,LATAM,Brazil,Fountain Pen Classic,Writing,5,48,0,240,Consumer,Retail,B. Lindqvist,false
SO-103781,2023-05-03,EU,Netherlands,Gel Pen 5-pack,Writing,3,9.9,0.2,23.76,Small Business,Wholesale,G. Patel,false
SO-103978,2023-05-03,MEA,Kenya,Sticky Notes Pastel,Stationery,1,5.5,0,5.5,Small Business,Online,B. Lindqvist,false
SO-104138,2023-05-03,MEA,United Arab Emirates,Desk Mat Linen,Desk,10,34,0.1,306,Consumer,Online,B. Lindqvist,false
SO-105726,2023-05-03,MEA,South Africa,Ink Bottle Sepia 50ml,Ink,3,18,0.1,48.6,Small Business,Online,G. Patel,false
SO-105849,2023-05-03,NA,United States,Quill Notebook A4,Stationery,5,16,0.1,72,Enterprise,Online,F. Moreau,false
SO-101959,2023-05-04,APAC,Australia,Sticky Notes Pastel,Stationery,1,5.5,0.05,5.23,Small Business,Wholesale,C. Nakamura,false
SO-102129,2023-05-04,EU,United Kingdom,Monitor Riser Oak,Desk,10,64,0,640,Consumer,Online,F. Moreau,false
SO-102232,2023-05-04,LATAM,Brazil,Planner 2024,Stationery,3,24,0.1,64.8,Consumer,Retail,F. Moreau,false
SO-102737,2023-05-04,MEA,United Arab Emirates,Desk Mat Linen,Desk,10,34,0.1,306,Small Business,Wholesale,G. Patel,false
SO-102956,2023-05-04,EU,Netherlands,Leather Journal Cover,Accessories,2,42,0.2,67.2,Small Business,Online,F. Moreau,false
SO-104965,2023-05-04,APAC,Australia,Sticky Notes Pastel,Stationery,1,5.5,0.05,5.23,Small Business,Retail,E. Haddad,true
SO-100066,2023-05-05,EU,United Kingdom,Ink Bottle Sepia 50ml,Ink,5,18,0.05,85.5,Consumer,Wholesale,B. Lindqvist,false
SO-101900,2023-05-05,MEA,United Arab Emirates,Fountain Pen Classic,Writing,2,48,0,96,Enterprise,Online,A. Okafor,false
SO-102821,2023-05-05,LATAM,Brazil,Pen Case Canvas,Accessories,1,22,0.1,19.8,Enterprise,Online,A. Okafor,false
SO-103041,2023-05-05,APAC,Singapore,Pen Case Canvas,Accessories,2,22,0,44,Consumer,Retail,G. Patel,false
SO-103095,2023-05-05,APAC,Australia,Fountain Pen Classic,Writing,1,48,0,48,Small Business,Online,C. Nakamura,false
SO-103695,2023-05-05,MEA,Kenya,Planner 2024,Stationery,1,24,0,24,Consumer,Online,E. Haddad,false
SO-103768,2023-05-05,MEA,South Africa,Quill Notebook A4,Stationery,3,16,0,48,Small Business,Retail,E. Haddad,false
SO-104406,2023-05-05,EU,United Kingdom,Gel Pen 5-pack,Writing,2,9.9,0,19.8,Consumer,Online,E. Haddad,false
SO-104871,2023-05-05,LATAM,Argentina,Fountain Pen Classic,Writing,1,48,0,48,Consumer,Retail,D. Rossi,false
SO-105283,2023-05-05,APAC,India,Pen Stand Walnut,Desk,1,29,0,29,Small Business,Online,A. Okafor,false
SO-105785,2023-05-05,MEA,United Arab Emirates,Leather Journal Cover,Accessories,3,42,0,126,Consumer,Online,D. Rossi,false
SO-100030,2023-05-06,APAC,Japan,Sticky Notes Pastel,Stationery,2,5.5,0,11,Consumer,Online,H. Silva,false
SO-100224,2023-05-06,EU,Germany,Quill Notebook A4,Stationery,1,16,0,16,Consumer,Retail,C. Nakamura,false
SO-100395,2023-05-06,APAC,Australia,Planner 2024,Stationery,1,24,0.05,22.8,Enterprise,Retail,E. Haddad,false
SO-100481,2023-05-06,LATAM,Chile,Calligraphy Starter Kit,Writing,1,58,0,58,Small Business,Retail,A. Okafor,false
SO-100873,2023-05-06,EU,Spain,Fountain Pen Classic,Writing,5,48,0.1,216,Small Business,Wholesale,G. Patel,false
SO-102091,2023-05-06,EU,Netherlands,Gel Pen 5-pack,Writing,1,9.9,0,9.9,Small Business,Online,A. Okafor,false
SO-102705,2023-05-06,APAC,Singapore,Ink Bottle Sepia 50ml,Ink,1,18,0,18,Consumer,Online,B. Lindqvist,false
SO-104472,2023-05-06,APAC,India,Calligraphy Starter Kit,Writing,1,58,0,58,Small Business,Retail,H. Silva,false
SO-104898,2023-05-06,EU,France,Gel Pen 5-pack,Writing,1,9.9,0,9.9,Small Business,Online,F. Moreau,false
SO-105074,2023-05-06,APAC,Singapore,Quill Notebook A5,Stationery,3,12.5,0,37.5,Consumer,Online,A. Okafor,false
SO-105279,2023-05-06,APAC,Australia,Ink Cartridge Midnight,Ink,10,6.5,0.2,52,Enterprise,Online,G. Patel,false
SO-105503,2023-05-06,LATAM,Chile,Planner 2024,Stationery,5,24,0.2,96,Consumer,Online,G. Patel,false
SO-100018,2023-05-07,EU,Germany,Ink Bottle Sepia 50ml,Ink,2,18,0.1,32.4,Consumer,Online,H. Silva,false
SO-100287,2023-05-07,NA,Mexico,Gel Pen 5-pack,Writing,1,9.9,0.05,9.4,Small Business,Online,H. Silva,false
SO-100546,2023-05-07,LATAM,Argentina,Pen Stand Walnut,Desk,3,29,0.05,82.65,Consumer,Retail,G. Patel,false
SO-104328,2023-05-07,MEA,Kenya,Gel Pen 5-pack,Writing,2,9.9,0,19.8,Consumer,Online,E. Haddad,false
SO-105570,2023-05-07,NA,Mexico,Fountain Pen Classic,Writing,3,48,0.1,129.6,Small Business,Retail,C. Nakamura,false
SO-101138,2023-05-08,NA,United States,Planner 2024,Stationery,3,24,0,72,Consumer,Online,A. Okafor,false
SO-102743,2023-05-08,MEA,United Arab Emirates,Leather Journal Cover,Accessories,1,42,0,42,Small Business,Online,C. Nakamura,false
SO-102792,2023-05-08,APAC,Australia,Ink Cartridge Midnight,Ink,5,6.5,0,32.5,Small Business,Online,F. Moreau,false
SO-102867,2023-05-08,APAC,Singapore,Ink Bottle Sepia 50ml,Ink,2,18,0,36,Consumer,Online,D. Rossi,false
SO-103133,2023-05-08,NA,Mexico,Sticky Notes Pastel,Stationery,1,5.5,0.1,4.95,Consumer,Online,H. Silva,false
SO-103562,2023-05-08,LATAM,Brazil,Planner 2024,Stationery,3,24,0.1,64.8,Consumer,Retail,A. Okafor,false
SO-103903,2023-05-08,APAC,Australia,Quill Notebook A5,Stationery,2,12.5,0.05,23.75,Consumer,Retail,H. Silva,false
SO-104027,2023-05-08,LATAM,Brazil,Planner 2024,Stationery,1,24,0.1,21.6,Small Business,Online,A. Okafor,false
SO-104413,2023-05-08,NA,Canada,Quill Notebook A4,Stationery,3,16,0,48,Consumer,Online,F. Moreau,false
SO-104492,2023-05-08,NA,Mexico,Quill Notebook A5,Stationery,1,12.5,0,12.5,Consumer,Online,A. Okafor,false
SO-105692,2023-05-08,EU,France,Pen Stand Walnut,Desk,1,29,0,29,Consumer,Online,C. Nakamura,false
SO-105703,2023-05-08,LATAM,Chile,Planner 2024,Stationery,2,24,0,48,Consumer,Online,B. Lindqvist,false
SO-100936,2023-05-09,NA,Canada,Fountain Pen Brass,Writing,1,79,0,79,Small Business,Retail,A. Okafor,false
SO-101848,2023-05-09,APAC,Australia,Sticky Notes Pastel,Stationery,1,5.5,0.1,4.95,Enterprise,Wholesale,C. Nakamura,false
SO-105242,2023-05-09,LATAM,Argentina,Sticky Notes Pastel,Stationery,1,5.5,0.1,4.95,Small Business,Wholesale,F. Moreau,false
SO-100958,2023-05-10,MEA,South Africa,Quill Notebook A5,Stationery,1,12.5,0.05,11.88,Consumer,Retail,G. Patel,false
SO-101369,2023-05-10,MEA,South Africa,Monitor Riser Oak,Desk,1,64,0,64,Small Business,Retail,F. Moreau,false
SO-101680,2023-05-10,NA,United States,Gel Pen 5-pack,Writing,2,9.9,0.1,17.82,Consumer,Online,G. Patel,false
SO-101923,2023-05-10,NA,Mexico,Calligraphy Starter Kit,Writing,2,58,0.05,110.2,Enterprise,Online,C. Nakamura,false
SO-102033,2023-05-10,APAC,Singapore,Sticky Notes Pastel,Stationery,1,5.5,0,5.5,Enterprise,Retail,E. Haddad,false
SO-102159,2023-05-10,LATAM,Brazil,Monitor Riser Oak,Desk,5,64,0.05,304,Small Business,Online,G. Patel,false
SO-102669,2023-05-10,EU,Spain,Pen Stand Walnut,Desk,2,29,0,58,Consumer,Online,F. Moreau,false
SO-103737,2023-05-10,LATAM,Chile,Pen Case Canvas,Accessories,1,22,0,22,Enterprise,Retail,C. Nakamura,false
SO-104038,2023-05-10,NA,Canada,Quill Notebook A4,Stationery,1,16,0,16,Consumer,Online,D. Rossi,true
SO-104203,2023-05-10,EU,France,Pen Stand Walnut,Desk,2,29,0.05,55.1,Consumer,Online,B. Lindqvist,false
SO-104236,2023-05-10,EU,Spain,Leather Journal Cover,Accessories,1,42,0.05,39.9,Small Business,Online,D. Rossi,false
SO-105183,2023-05-10,APAC,Japan,Monitor Riser Oak,Desk,2,64,0,128,Consumer,Retail,D. Rossi,false
SO-105839,2023-05-10,APAC,Singapore,Fountain Pen Classic,Writing,2,48,0,96,Consumer,Retail,E. Haddad,false
SO-103309,2023-05-11,NA,United States,Fountain Pen Classic,Writing,2,48,0,96,Small Business,Retail,B. Lindqvist,false
SO-105179,2023-05-11,LATAM,Brazil,Fountain Pen Classic,Writing,3,48,0,144,Consumer,Wholesale,G. Patel,false
SO-105248,2023-05-11,LATAM,Argentina,Planner 2024,Stationery,2,24,0,48,Consumer,Online,E. Haddad,false
SO-100356,2023-05-12,LATAM,Chile,Quill Notebook A5,Stationery,1,12.5,0.1,11.25,Consumer,Online,B. Lindqvist,false
SO-100542,2023-05-12,EU,United Kingdom,Leather Journal Cover,Accessories,1,42,0,42,Consumer,Online,B. Lindqvist,false
SO-101616,2023-05-12,NA,United States,Ink Bottle Sepia 50ml,Ink,1,18,0,18,Consumer,Retail,G. Patel,false
SO-103172,2023-05-12,APAC,India,Monitor Riser Oak,Desk,5,64,0,320,Enterprise,Online,B. Lindqvist,false
SO-103282,2023-05-12,NA,Canada,Leather Journal Cover,Accessories,3,42,0,126,Enterprise,Online,H. Silva,false
SO-103334,2023-05-12,NA,Canada,Ink Cartridge Midnight,Ink,5,6.5,0,32.5,Small Business,Wholesale,F. Moreau,false
SO-103456,2023-05-12,LATAM,Argentina,Leather Journal Cover,Accessories,3,42,0,126,Consumer,Online,C. Nakamura,false
SO-103840,2023-05-12,MEA,Kenya,Monitor Riser Oak,Desk,1,64,0,64,Consumer,Retail,C. Nakamura,false
SO-103996,2023-05-12,APAC,Australia,Fountain Pen Classic,Writing,3,48,0,144,Consumer,Retail,E. Haddad,false
SO-104136,2023-05-12,APAC,Australia,Pen Stand Walnut,Desk,5,29,0,145,Consumer,Retail,B. Lindqvist,false
SO-104429,2023-05-12,NA,Mexico,Calligraphy Starter Kit,Writing,10,58,0,580,Small Business,Online,D. Rossi,false
SO-105288,2023-05-12,APAC,India,Quill Notebook A4,Stationery,2,16,0.1,28.8,Consumer,Online,D. Rossi,false
SO-100146,2023-05-13,MEA,South Africa,Calligraphy Starter Kit,Writing,2,58,0.05,110.2,Consumer,Online,H. Silva,false
SO-100215,2023-05-13,NA,Mexico,Planner 2024,Stationery,3,24,0.05,68.4,Consumer,Online,B. Lindqvist,false
SO-100599,2023-05-13,MEA,Kenya,Quill Notebook A5,Stationery,1,12.5,0,12.5,Small Business,Online,A. Okafor,false
SO-100851,2023-05-13,NA,Mexico,Quill Notebook A5,Stationery,1,12.5,0,12.5,Small Business,Online,D. Rossi,false
SO-102137,2023-05-13,NA,Canada,Ink Cartridge Midnight,Ink,1,6.5,0.2,5.2,Consumer,Retail,E. Haddad,false
SO-103677,2023-05-13,LATAM,Brazil,Sticky Notes Pastel,Stationery,1,5.5,0,5.5,Consumer,Online,A. Okafor,false
SO-104135,2023-05-13,NA,United States,Leather Journal Cover,Accessories,1,42,0,42,Consumer,Online,C. Nakamura,false
SO-104283,2023-05-13,EU,United Kingdom,Ink Bottle Sepia 50ml,Ink,2,18,0.05,34.2,Consumer,Online,D. Rossi,false
SO-103874,2023-05-14,EU,France,Fountain Pen Brass,Writing,3,79,0,237,Enterprise,Online,F. Moreau,false
SO-104260,2023-05-14,EU,Netherlands,Monitor Riser Oak,Desk,1,64,0,64,Small Business,Online,B. Lindqvist,false
SO-105629,2023-05-14,APAC,India,Fountain Pen Classic,Writing,1,48,0.05,45.6,Small Business,Online,D. Rossi,false
SO-100742,2023-05-15,APAC,India,Leather Journal Cover,Accessories,5,42,0,210,Small Business,Wholesale,C. Nakamura,false
SO-102090,2023-05-15,NA,United States,Fountain Pen Brass,Writing,1,79,0,79,Small Business,Online,E. Haddad,true
SO-103101,2023-05-15,NA,Mexico,Ink Cartridge Midnight,Ink,2,6.5,0,13,Consumer,Retail,D. Rossi,false
SO-105065,2023-05-15,LATAM,Argentina,Pen Case Canvas,Accessories,3,22,0,66,Small Business,Retail,B. Lindqvist,false
SO-105349,2023-05-15,NA,Mexico,Desk Mat Linen,Desk,1,34,0,34,Consumer,Online,H. Silva,false
SO-105683,2023-05-15,NA,United States,Pen Case Canvas,Accessories,5,22,0,110,Enterprise,Retail,H. Silva,false
SO-105891,2023-05-15,APAC,Australia,Planner 2024,Stationery,2,24,0.05,45.6,Enterprise,Retail,D. Rossi,false
SO-100335,2023-05-16,EU,Spain,Ink Bottle Sepia 50ml,Ink,5,18,0.2,72,Consumer,Online,A. Okafor,false
SO-101353,2023-05-16,APAC,India,Leather Journal Cover,Accessories,1,42,0,42,Consumer,Online,C. Nakamura,false
SO-101508,2023-05-16,MEA,Kenya,Ink Bottle Sepia 50ml,Ink,2,18,0,36,Consumer,Retail,D. Rossi,false
SO-101519,2023-05-16,EU,France,Desk Mat Linen,Desk,5,34,0.05,161.5,Small Business,Retail,B. Lindqvist,false
SO-104760,2023-05-16,EU,Spain,Gel Pen 5-pack,Writing,5,9.9,0,49.5,Small Business,Online,E. Haddad,false
SO-104849,2023-05-16,NA,Mexico,Pen Stand Walnut,Desk,1,29,0,29,Small Business,Online,E. Haddad,false
SO-105067,2023-05-16,LATAM,Brazil,Sticky Notes Pastel,Stationery,2,5.5,0.2,8.8,Consumer,Retail,F. Moreau,false
SO-105537,2023-05-16,LATAM,Argentina,Gel Pen 5-pack,Writing,1,9.9,0,9.9,Consumer,Online,C. Nakamura,false
SO-100532,2023-05-17,APAC,Singapore,Quill Notebook A4,Stationery,5,16,0,80,Small Business,Wholesale,C. Nakamura,false
SO-100614,2023-05-17,LATAM,Chile,Fountain Pen Classic,Writing,2,48,0,96,Consumer,Wholesale,F. Moreau,false
SO-100821,2023-05-17,NA,Canada,Quill Notebook A5,Stationery,5,12.5,0.05,59.38,Consumer,Retail,F. Moreau,false
SO-103784,2023-05-17,NA,United States,Desk Mat Linen,Desk,1,34,0.05,32.3,Consumer,Online,D. Rossi,false
SO-104205,2023-05-17,EU,Spain,Quill Notebook A4,Stationery,1,16,0.1,14.4,Small Business,Retail,B. Lindqvist,false
SO-105645,2023-05-17,EU,Germany,Fountain Pen Brass,Writing,2,79,0,158,Small Business,Online,B. Lindqvist,false
SO-105769,2023-05-17,LATAM,Brazil,Calligraphy Starter Kit,Writing,10,58,0,580,Consumer,Online,G. Patel,false
SO-100113,2023-05-18,EU,France,Quill Notebook A5,Stationery,2,12.5,0.1,22.5,Small Business,Online,D. Rossi,false
SO-101457,2023-05-18,EU,Netherlands,Sticky Notes Pastel,Stationery,2,5.5,0.05,10.45,Small Business,Retail,H. Silva,true
SO-101817,2023-05-18,APAC,India,Fountain Pen Brass,Writing,1,79,0.05,75.05,Small Business,Online,D. Rossi,false
SO-103145,2023-05-18,NA,Mexico,Ink Cartridge Midnight,Ink,2,6.5,0,13,Small Business,Retail,A. Okafor,false
SO-103559,2023-05-18,LATAM,Chile,Pen Case Canvas,Accessories,3,22,0.05,62.7,Consumer,Online,F. Moreau,false
SO-104299,2023-05-18,APAC,India,Pen Stand Walnut,Desk,5,29,0,145,Consumer,Wholesale,D. Rossi,false
SO-104588,2023-05-18,NA,Mexico,Fountain Pen Brass,Writing,5,79,0.05,375.25,Consumer,Online,H. Silva,false
SO-105665,2023-05-18,APAC,Japan,Calligraphy Starter Kit,Writing,2,58,0,116,Consumer,Retail,F. Moreau,false
SO-105973,2023-05-18,APAC,Australia,Planner 2024,Stationery,1,24,0.05,22.8,Small Business,Retail,C. Nakamura,false
SO-100202,2023-05-19,LATAM,Chile,Monitor Riser Oak,Desk,3,64,0,192,Consumer,Online,H. Silva,false
SO-100301,2023-05-19,MEA,Kenya,Pen Case Canvas,Accessories,1,22,0,22,Small Business,Online,B. Lindqvist,false
SO-100964,2023-05-19,APAC,India,Monitor Riser Oak,Desk,3,64,0,192,Enterprise,Retail,A. Okafor,false
SO-101005,2023-05-19,NA,United States,Leather Journal Cover,Accessories,1,42,0,42,Consumer,Online,H. Silva,false
SO-101081,2023-05-19,MEA,South Africa,Desk Mat Linen,Desk,3,34,0,102,Small Business,Online,E. Haddad,false
SO-101749,2023-05-19,NA,United States,Sticky Notes Pastel,Stationery,1,5.5,0,5.5,Consumer,Online,E. Haddad,false
SO-102779,2023-05-19,LATAM,Argentina,Pen Stand Walnut,Desk,1,29,0,29,Consumer,Online,D. Rossi,false
SO-102877,2023-05-19,LATAM,Argentina,Leather Journal Cover,Accessories,3,42,0,126,Consumer,Wholesale,B. Lindqvist,false
SO-103188,2023-05-19,MEA,United Arab Emirates,Fountain Pen Classic,Writing,2,48,0,96,Enterprise,Retail,E. Haddad,false
SO-103204,2023-05-19,APAC,Japan,Quill Notebook A4,Stationery,1,16,0,16,Consumer,Online,F. Moreau,false
SO-103488,2023-05-19,MEA,South Africa,Pen Stand Walnut,Desk,1,29,0,29,Consumer,Retail,F. Moreau,false
SO-105137,2023-05-19,APAC,Australia,Monitor Riser Oak,Desk,1,64,0.05,60.8,Consumer,Online,F. Moreau,false
SO-100024,2023-05-20,MEA,Kenya,Monitor Riser Oak,Desk,5,64,0,320,Consumer,Online,D. Rossi,false
SO-100078,2023-05-20,NA,Canada,Fountain Pen Classic,Writing,2,48,0.05,91.2,Consumer,Wholesale,A. Okafor,false
SO-100100,2023-05-20,EU,United Kingdom,Fountain Pen Brass,Writing,1,79,0.05,75.05,Small Business,Online,A. Okafor,false
SO-100716,2023-05-20,LATAM,Chile,Gel Pen 5-pack,Writing,3,9.9,0,29.7,Consumer,Online,B. Lindqvist,false
SO-100819,2023-05-20,MEA,South Africa,Quill Notebook A5,Stationery,1,12.5,0.1,11.25,Consumer,Wholesale,F. Moreau,false
SO-100896,2023-05-20,LATAM,Brazil,Quill Notebook A4,Stationery,2,16,0,32,Small Business,Wholesale,G. Patel,false
SO-102819,2023-05-20,LATAM,Brazil,Fountain Pen Brass,Writing,2,79,0.1,142.2,Consumer,Online,C. Nakamura,false
SO-104175,2023-05-20,LATAM,Argentina,Planner 2024,Stationery,1,24,0.1,21.6,Consumer,Online,C. Nakamura,false
SO-104525,2023-05-20,EU,Germany,Ink Bottle Sepia 50ml,Ink,1,18,0,18,Small Business,Retail,G. Patel,false
SO-104618,2023-05-20,EU,Spain,Gel Pen 5-pack,Writing,1,9.9,0.05,9.4,Small Business,Wholesale,G. Patel,false
SO-104764,2023-05-20,NA,Mexico,Leather Journal Cover,Accessories,5,42,0,210,Consumer,Online,D. Rossi,false
SO-105003,2023-05-20,LATAM,Chile,Gel Pen 5-pack,Writing,2,9.9,0,19.8,Consumer,Retail,D. Rossi,false
SO-105409,2023-05-20,EU,Spain,Calligraphy Starter Kit,Writing,1,58,0.05,55.1,Enterprise,Online,B. Lindqvist,false
SO-105447,2023-05-20,MEA,South Africa,Sticky Notes Pastel,Stationery,1,5.5,0.1,4.95,Enterprise,Wholesale,D. Rossi,false
SO-103710,2023-05-21,APAC,Singapore,Ink Bottle Sepia 50ml,Ink,10,18,0,180,Small Business,Wholesale,C. Nakamura,false
SO-104583,2023-05-21,NA,Mexico,Pen Case Canvas,Accessories,3,22,0.05,62.7,Consumer,Online,H. Silva,false
SO-104977,2023-05-21,APAC,Australia,Monitor Riser Oak,Desk,1,64,0.2,51.2,Enterprise,Online,A. Okafor,false
SO-105228,2023-05-21,APAC,Japan,Pen Stand Walnut,Desk,1,29,0,29,Consumer,Online,A. Okafor,false
SO-101231,2023-05-22,NA,Canada,Quill Notebook A5,Stationery,3,12.5,0,37.5,Consumer,Wholesale,D. Rossi,false
SO-101324,2023-05-22,MEA,United Arab Emirates,Fountain Pen Classic,Writing,5,48,0,240,Consumer,Online,G. Patel,false
SO-101331,2023-05-22,APAC,Japan,Planner 2024,Stationery,1,24,0.2,19.2,Small Business,Online,H. Silva,false
SO-101370,2023-05-22,EU,Netherlands,Monitor Riser Oak,Desk,5,64,0,320,Small Business,Retail,A. Okafor,false
SO-105651,2023-05-22,NA,Canada,Gel Pen 5-pack,Writing,1,9.9,0,9.9,Consumer,Online,E. Haddad,false
SO-100881,2023-05-23,APAC,Japan,Pen Stand Walnut,Desk,1,29,0.05,27.55,Consumer,Retail,H. Silva,false
SO-101780,2023-05-23,EU,Germany,Desk Mat Linen,Desk,1,34,0.1,30.6,Enterprise,Retail,E. Haddad,false
SO-101833,2023-05-23,MEA,South Africa,Pen Stand Walnut,Desk,3,29,0.05,82.65,Enterprise,Online,G. Patel,false
SO-102003,2023-05-23,LATAM,Chile,Ink Cartridge Midnight,Ink,3,6.5,0.05,18.52,Consumer,Online,H. Silva,false
SO-104693,2023-05-23,EU,United Kingdom,Quill Notebook A4,Stationery,1,16,0.2,12.8,Small Business,Retail,C. Nakamura,false
SO-104779,2023-05-23,APAC,Singapore,Quill Notebook A5,Stationery,2,12.5,0.1,22.5,Consumer,Online,G. Patel,false
SO-100136,2023-05-25,LATAM,Argentina,Ink Cartridge Midnight,Ink,2,6.5,0,13,Consumer,Retail,H. Silva,false
SO-102730,2023-05-25,APAC,Japan,Ink Bottle Sepia 50ml,Ink,1,18,0,18,Consumer,Retail,D. Rossi,false
SO-102952,2023-05-25,EU,Netherlands,Fountain Pen Classic,Writing,1,48,0,48,Small Business,Retail,D. Rossi,false
SO-104469,2023-05-25,EU,Germany,Ink Bottle Sepia 50ml,Ink,1,18,0,18,Small Business,Online,D. Rossi,false
SO-104774,2023-05-25,MEA,Kenya,Desk Mat Linen,Desk,1,34,0,34,Enterprise,Online,G. Patel,false
SO-105321,2023-05-25,LATAM,Brazil,Calligraphy Starter Kit,Writing,1,58,0.1,52.2,Consumer,Online,A. Okafor,false
SO-105850,2023-05-25,LATAM,Argentina,Ink Bottle Sepia 50ml,Ink,3,18,0.1,48.6,Small Business,Retail,E. Haddad,false
SO-100528,2023-05-26,EU,Germany,Desk Mat Linen,Desk,1,34,0.1,30.6,Small Business,Retail,A. Okafor,false
SO-100788,2023-05-26,MEA,United Arab Emirates,Calligraphy Starter Kit,Writing,2,58,0,116,Small Business,Online,G. Patel,false
SO-101912,2023-05-26,APAC,Singapore,Desk Mat Linen,Desk,2,34,0.1,61.2,Small Business,Retail,A. Okafor,false
SO-103088,2023-05-26,MEA,South Africa,Fountain Pen Brass,Writing,10,79,0,790,Small Business,Retail,G. Patel,true
SO-103719,2023-05-26,EU,Netherlands,Quill Notebook A5,Stationery,2,12.5,0,25,Consumer,Online,C. Nakamura,false
SO-104100,2023-05-26,NA,Canada,Fountain Pen Brass,Writing,3,79,0,237,Consumer,Online,E. Haddad,false
SO-101200,2023-05-27,LATAM,Argentina,Planner 2024,Stationery,1,24,0,24,Small Business,Online,F. Moreau,false
SO-101862,2023-05-27,NA,Mexico,Fountain Pen Classic,Writing,5,48,0,240,Enterprise,Retail,B. Lindqvist,false
SO-102237,2023-05-27,MEA,United Arab Emirates,Gel Pen 5-pack,Writing,2,9.9,0.1,17.82,Consumer,Wholesale,A. Okafor,false
SO-104277,2023-05-27,LATAM,Argentina,Planner 2024,Stationery,2,24,0,48,Enterprise,Online,D. Rossi,false
SO-104435,2023-05-27,LATAM,Brazil,Fountain Pen Brass,Writing,1,79,0,79,Small Business,Retail,C. Nakamura,false
SO-105405,2023-05-27,LATAM,Chile,Fountain Pen Brass,Writing,1,79,0,79,Consumer,Wholesale,D. Rossi,true
SO-105510,2023-05-27,APAC,Japan,Desk Mat Linen,Desk,10,34,0,340,Enterprise,Online,C. Nakamura,false
SO-105883,2023-05-27,MEA,Kenya,Quill Notebook A5,Stationery,2,12.5,0.1,22.5,Small Business,Online,F. Moreau,false
SO-100165,2023-05-28,EU,Spain,Calligraphy Starter Kit,Writing,1,58,0,58,Enterprise,Online,B. Lindqvist,false
SO-100573,2023-05-28,LATAM,Brazil,Pen Case Canvas,Accessories,1,22,0,22,Small Business,Retail,F. Moreau,false
SO-102198,2023-05-28,MEA,South Africa,Leather Journal Cover,Accessories,2,42,0.05,79.8,Small Business,Online,C. Nakamura,false
SO-102220,2023-05-28,APAC,Singapore,Planner 2024,Stationery,10,24,0.2,192,Consumer,Online,C. Nakamura,false
SO-102406,2023-05-28,EU,France,Calligraphy Starter Kit,Writing,1,58,0.05,55.1,Consumer,Retail,B. Lindqvist,false
SO-103246,2023-05-28,LATAM,Chile,Sticky Notes Pastel,Stationery,1,5.5,0.1,4.95,Consumer,Retail,H. Silva,false
SO-104011,2023-05-28,NA,United States,Fountain Pen Brass,Writing,2,79,0.1,142.2,Small Business,Online,D. Rossi,false
SO-104142,2023-05-28,MEA,South Africa,Pen Stand Walnut,Desk,1,29,0,29,Small Business,Online,H. Silva,false
SO-104496,2023-05-28,LATAM,Argentina,Fountain Pen Classic,Writing,2,48,0,96,Consumer,Online,C. Nakamura,false
SO-105025,2023-05-28,NA,United States,Gel Pen 5-pack,Writing,1,9.9,0.05,9.4,Consumer,Online,E. Haddad,false
SO-105400,2023-05-28,EU,Germany,Monitor Riser Oak,Desk,1,64,0.2,51.2,Consumer,Online,H. Silva,false
SO-105545,2023-05-28,NA,United States,Pen Stand Walnut,Desk,1,29,0.1,26.1,Small Business,Online,B. Lindqvist,false
SO-105580,2023-05-28,MEA,Kenya,Pen Stand Walnut,Desk,5,29,0.2,116,Enterprise,Retail,E. Haddad,false
SO-100438,2023-05-29,APAC,Japan,Gel Pen 5-pack,Writing,2,9.9,0,19.8,Consumer,Retail,D. Rossi,false
SO-100771,2023-05-29,MEA,United Arab Emirates,Gel Pen 5-pack,Writing,3,9.9,0.05,28.22,Consumer,Retail,E. Haddad,false
SO-100804,2023-05-29,EU,Germany,Ink Bottle Sepia 50ml,Ink,1,18,0,18,Consumer,Retail,A. Okafor,false
SO-101568,2023-05-29,MEA,United Arab Emirates,Pen Case Canvas,Accessories,1,22,0.1,19.8,Small Business,Wholesale,D. Rossi,false
SO-102974,2023-05-29,NA,Mexico,Sticky Notes Pastel,Stationery,2,5.5,0,11,Small Business,Wholesale,A. Okafor,false
SO-103068,2023-05-29,MEA,Kenya,Desk Mat Linen,Desk,1,34,0.1,30.6,Small Business,Retail,G. Patel,true
SO-104569,2023-05-29,EU,Spain,Quill Notebook A4,Stationery,1,16,0.05,15.2,Consumer,Online,E. Haddad,false
SO-101147,2023-05-30,APAC,India,Ink Bottle Sepia 50ml,Ink,1,18,0.05,17.1,Small Business,Retail,F. Moreau,false
SO-101830,2023-05-30,EU,Netherlands,Leather Journal Cover,Accessories,1,42,0,42,Enterprise,Wholesale,A. Okafor,false
SO-102659,2023-05-30,LATAM,Brazil,Sticky Notes Pastel,Stationery,3,5.5,0,16.5,Small Business,Retail,H. Silva,false
SO-103887,2023-05-30,MEA,United Arab Emirates,Desk Mat Linen,Desk,1,34,0.1,30.6,Consumer,Online,B. Lindqvist,false
SO-104215,2023-05-30,LATAM,Brazil,Gel Pen 5-pack,Writing,3,9.9,0.05,28.22,Consumer,Retail,D. Rossi,false
SO-104932,2023-05-30,LATAM,Brazil,Pen Stand Walnut,Desk,2,29,0.1,52.2,Small Business,Online,B. Lindqvist,false
SO-105610,2023-05-30,APAC,Australia,Planner 2024,Stationery,1,24,0.1,21.6,Consumer,Online,D. Rossi,true
SO-101071,2023-05-31,EU,Germany,Fountain Pen Classic,Writing,1,48,0,48,Enterprise,Online,E. Haddad,false
SO-101783,2023-05-31,NA,Mexico,Planner 2024,Stationery,2,24,0,48,Consumer,Online,D. Rossi,false
SO-102082,2023-05-31,EU,Netherlands,Gel Pen 5-pack,Writing,2,9.9,0,19.8,Consumer,Retail,A. Okafor,false
SO-104844,2023-05-31,LATAM,Chile,Leather Journal Cover,Accessories,2,42,0,84,Consumer,Wholesale,C. Nakamura,false
SO-105385,2023-05-31,MEA,South Africa,Ink Bottle Sepia 50ml,Ink,3,18,0.05,51.3,Consumer,Retail,D. Rossi,false
SO-101119,2023-06-01,LATAM,Argentina,Ink Cartridge Midnight,Ink,1,6.5,0.05,6.18,Consumer,Retail,C. Nakamura,false
SO-101300,2023-06-01,NA,Mexico,Calligraphy Starter Kit,Writing,1,58,0.2,46.4,Consumer,Online,B. Lindqvist,false
SO-105756,2023-06-01,LATAM,Argentina,Gel Pen 5-pack,Writing,2,9.9,0,19.8,Consumer,Retail,D. Rossi,true
SO-101022,2023-06-02,MEA,United Arab Emirates,Calligraphy Starter Kit,Writing,3,58,0,174,Small Business,Online,F. Moreau,false
SO-102235,2023-06-02,EU,Netherlands,Leather Journal Cover,Accessories,1,42,0,42,Consumer,Online,D. Rossi,false
SO-102298,2023-06-02,NA,Mexico,Ink Cartridge Midnight,Ink,2,6.5,0,13,Consumer,Retail,D. Rossi,false
SO-102351,2023-06-02,NA,United States,Pen Stand Walnut,Desk,2,29,0,58,Consumer,Online,B. Lindqvist,false
SO-103104,2023-06-02,MEA,United Arab Emirates,Quill Notebook A4,Stationery,1,16,0,16,Small Business,Wholesale,B. Lindqvist,false
SO-103108,2023-06-02,LATAM,Brazil,Fountain Pen Classic,Writing,1,48,0,48,Small Business,Online,B. Lindqvist,false
SO-103206,2023-06-02,MEA,South Africa,Pen Stand Walnut,Desk,3,29,0.05,82.65,Small Business,Retail,B. Lindqvist,false
SO-103461,2023-06-02,NA,United States,Pen Stand Walnut,Desk,2,29,0.1,52.2,Consumer,Online,H. Silva,false
SO-103529,2023-06-02,MEA,United Arab Emirates,Pen Case Canvas,Accessories,1,22,0,22,Small Business,Online,E. Haddad,false
SO-104511,2023-06-02,NA,United States,Fountain Pen Brass,Writing,1,79,0,79,Consumer,Online,F. Moreau,false
SO-105902,2023-06-02,LATAM,Brazil,Ink Bottle Sepia 50ml,Ink,1,18,0.1,16.2,Enterprise,Retail,H. Silva,false
SO-100331,2023-06-03,MEA,South Africa,Quill Notebook A5,Stationery,2,12.5,0,25,Consumer,Online,F. Moreau,false
SO-101328,2023-06-03,MEA,Kenya,Quill Notebook A4,Stationery,3,16,0,48,Small Business,Online,C. Nakamura,false
SO-102362,2023-06-03,NA,United States,Fountain Pen Classic,Writing,3,48,0.1,129.6,Consumer,Wholesale,C. Nakamura,false
SO-103111,2023-06-03,EU,Netherlands,Ink Bottle Sepia 50ml,Ink,1,18,0,18,Consumer,Online,G. Patel,false
SO-103267,2023-06-03,APAC,Australia,Desk Mat Linen,Desk,2,34,0,68,Small Business,Retail,A. Okafor,false
SO-103270,2023-06-03,LATAM,Brazil,Ink Cartridge Midnight,Ink,2,6.5,0,13,Small Business,Online,E. Haddad,false
SO-103983,2023-06-03,LATAM,Argentina,Monitor Riser Oak,Desk,2,64,0.05,121.6,Small Business,Retail,D. Rossi,false
SO-104062,2023-06-03,EU,Spain,Desk Mat Linen,Desk,5,34,0.1,153,Consumer,Wholesale,D. Rossi,false
SO-105243,2023-06-03,LATAM,Brazil,Pen Stand Walnut,Desk,1,29,0,29,Small Business,Retail,H. Silva,false
SO-105763,2023-06-03,NA,Canada,Fountain Pen Brass,Writing,1,79,0.1,71.1,Small Business,Online,D. Rossi,false
SO-101460,2023-06-04,EU,France,Gel Pen 5-pack,Writing,3,9.9,0.05,28.22,Consumer,Online,H. Silva,false
SO-101947,2023-06-04,APAC,Australia,Calligraphy Starter Kit,Writing,5,58,0.05,275.5,Small Business,Retail,C. Nakamura,false
SO-103016,2023-06-04,APAC,India,Leather Journal Cover,Accessories,1,42,0,42,Small Business,Online,F. Moreau,false
SO-103381,2023-06-04,NA,United States,Planner 2024,Stationery,3,24,0,72,Small Business,Online,C. Nakamura,false
SO-103721,2023-06-04,LATAM,Argentina,Quill Notebook A5,Stationery,2,12.5,0.05,23.75,Small Business,Retail,E. Haddad,false
SO-104372,2023-06-04,EU,Spain,Pen Stand Walnut,Desk,1,29,0,29,Consumer,Retail,H. Silva,false
SO-104548,2023-06-04,APAC,Japan,Ink Bottle Sepia 50ml,Ink,2,18,0,36,Small Business,Online,C. Nakamura,false
SO-104856,2023-06-04,NA,Mexico,Sticky Notes Pastel,Stationery,2,5.5,0,11,Consumer,Retail,E. Haddad,false
SO-100250,2023-06-05,APAC,Australia,Pen Case Canvas,Accessories,3,22,0,66,Consumer,Online,D. Rossi,false
SO-100568,2023-06-05,MEA,United Arab Emirates,Leather Journal Cover,Accessories,2,42,0.05,79.8,Small Business,Retail,A. Okafor,false
SO-100589,2023-06-05,LATAM,Argentina,Ink Bottle Sepia 50ml,Ink,3,18,0,54,Consumer,Retail,H. Silva,false
SO-100889,2023-06-05,EU,Germany,Pen Case Canvas,Accessories,1,22,0,22,Small Business,Online,E. Haddad,false
SO-101500,2023-06-05,LATAM,Chile,Monitor Riser Oak,Desk,2,64,0.05,121.6,Consumer,Online,A. Okafor,false
SO-101643,2023-06-05,APAC,Singapore,Sticky Notes Pastel,Stationery,1,5.5,0,5.5,Consumer,Online,G. Patel,true
SO-102357,2023-06-05,EU,Spain,Monitor Riser Oak,Desk,2,64,0.1,115.2,Small Business,Online,D. Rossi,false
SO-102442,2023-06-05,LATAM,Chile,Monitor Riser Oak,Desk,1,64,0,64,Small Business,Online,E. Haddad,false
SO-102797,2023-06-05,LATAM,Chile,Calligraphy Starter Kit,Writing,1,58,0,58,Consumer,Retail,A. Okafor,false
SO-103105,2023-06-05,APAC,India,Calligraphy Starter Kit,Writing,1,58,0,58,Small Business,Online,H. Silva,false
SO-103266,2023-06-05,LATAM,Argentina,Fountain Pen Brass,Writing,1,79,0,79,Consumer,Online,C. Nakamura,false
SO-103623,2023-06-05,EU,Netherlands,Ink Cartridge Midnight,Ink,1,6.5,0,6.5,Consumer,Online,E. Haddad,false
SO-103990,2023-06-05,MEA,United Arab Emirates,Ink Bottle Sepia 50ml,Ink,1,18,0,18,Consumer,Retail,B. Lindqvist,false
SO-104019,2023-06-05,LATAM,Brazil,Quill Notebook A4,Stationery,1,16,0,16,Enterprise,Retail,C. Nakamura,true
SO-104938,2023-06-05,APAC,Singapore,Gel Pen 5-pack,Writing,1,9.9,0.05,9.4,Consumer,Online,E. Haddad,false
SO-105095,2023-06-05,EU,Germany,Sticky Notes Pastel,Stationery,2,5.5,0,11,Small Business,Retail,B. Lindqvist,false
SO-100272,2023-06-06,MEA,United Arab Emirates,Sticky Notes Pastel,Stationery,1,5.5,0,5.5,Consumer,Online,A. Okafor,false
SO-100746,2023-06-06,NA,United States,Ink Cartridge Midnight,Ink,1,6.5,0.1,5.85,Consumer,Online,B. Lindqvist,false
SO-101083,2023-06-06,APAC,Singapore,Pen Stand Walnut,Desk,10,29,0,290,Consumer,Online,E. Haddad,false
SO-103168,2023-06-06,NA,Canada,Sticky Notes Pastel,Stationery,2,5.5,0,11,Small Business,Online,F. Moreau,false
SO-103502,2023-06-06,MEA,Kenya,Sticky Notes Pastel,Stationery,2,5.5,0.2,8.8,Consumer,Online,B. Lindqvist,false
SO-103621,2023-06-06,NA,Canada,Calligraphy Starter Kit,Writing,1,58,0,58,Enterprise,Online,C. Nakamura,false
SO-104057,2023-06-06,MEA,South Africa,Ink Bottle Sepia 50ml,Ink,2,18,0.05,34.2,Small Business,Retail,C. Nakamura,false
SO-104411,2023-06-06,APAC,India,Ink Bottle Sepia 50ml,Ink,3,18,0.05,51.3,Small Business,Online,G. Patel,false
SO-104654,2023-06-06,LATAM,Chile,Planner 2024,Stationery,5,24,0,120,Small Business,Wholesale,B. Lindqvist,false
SO-104802,2023-06-06,MEA,Kenya,Fountain Pen Brass,Writing,2,79,0.1,142.2,Consumer,Online,G. Patel,false
SO-105823,2023-06-06,APAC,India,Fountain Pen Brass,Writing,1,79,0,79,Small Business,Online,H. Silva,false
SO-100117,2023-06-07,APAC,Japan,Fountain Pen Classic,Writing,1,48,0.05,45.6,Small Business,Online,C. Nakamura,false
SO-100317,2023-06-07,LATAM,Brazil,Gel Pen 5-pack,Writing,3,9.9,0,29.7,Consumer,Retail,G. Patel,false
SO-100636,2023-06-07,MEA,United Arab Emirates,Calligraphy Starter Kit,Writing,3,58,0,174,Enterprise,Retail,B. Lindqvist,false
SO-102394,2023-06-07,EU,France,Fountain Pen Classic,Writing,1,48,0,48,Small Business,Online,A. Okafor,false
SO-103020,2023-06-07,APAC,Australia,Leather Journal Cover,Accessories,5,42,0,210,Small Business,Retail,C. Nakamura,false
SO-103211,2023-06-07,EU,United Kingdom,Ink Bottle Sepia 50ml,Ink,3,18,0.05,51.3,Consumer,Online,H. Silva,false
SO-104815,2023-06-07,LATAM,Chile,Fountain Pen Brass,Writing,1,79,0,79,Consumer,Online,A. Okafor,false
SO-105618,2023-06-07,EU,France,Desk Mat Linen,Desk,1,34,0,34,Consumer,Online,B. Lindqvist,false
SO-100650,2023-06-08,LATAM,Chile,Pen Case Canvas,Accessories,1,22,0.1,19.8,Consumer,Retail,H. Silva,false
SO-103372,2023-06-08,APAC,Australia,Quill Notebook A4,Stationery,3,16,0.05,45.6,Enterprise,Retail,C. Nakamura,false
SO-103538,2023-06-08,LATAM,Chile,Pen Case Canvas,Accessories,2,22,0,44,Consumer,Wholesale,H. Silva,false
SO-105292,2023-06-08,APAC,Australia,Pen Case Canvas,Accessories,3,22,0,66,Consumer,Online,G. Patel,false
SO-105654,2023-06-08,EU,Netherlands,Desk Mat Linen,Desk,5,34,0,170,Consumer,Online,A. Okafor,false
SO-100908,2023-06-09,LATAM,Chile,Ink Cartridge Midnight,Ink,1,6.5,0.05,6.18,Consumer,Online,C. Nakamura,false
SO-101385,2023-06-09,LATAM,Brazil,Ink Bottle Sepia 50ml,Ink,1,18,0.1,16.2,Enterprise,Online,E. Haddad,false
SO-102093,2023-06-09,LATAM,Brazil,Desk Mat Linen,Desk,1,34,0.2,27.2,Consumer,Retail,G. Patel,false
SO-102487,2023-06-09,EU,Spain,Gel Pen 5-pack,Writing,1,9.9,0,9.9,Consumer,Online,D. Rossi,true
SO-102648,2023-06-09,MEA,United Arab Emirates,Fountain Pen Brass,Writing,2,79,0.1,142.2,Consumer,Retail,H. Silva,false
SO-102753,2023-06-09,EU,Germany,Fountain Pen Classic,Writing,1,48,0.1,43.2,Consumer,Online,B. Lindqvist,false
SO-100787,2023-06-10,MEA,Kenya,Sticky Notes Pastel,Stationery,5,5.5,0.05,26.13,Consumer,Online,A. Okafor,false
SO-101052,2023-06-10,EU,Germany,Quill Notebook A5,Stationery,5,12.5,0,62.5,Small Business,Online,H. Silva,true
SO-102101,2023-06-10,MEA,United Arab Emirates,Monitor Riser Oak,Desk,3,64,0,192,Consumer,Online,D. Rossi,false
SO-102573,2023-06-10,EU,France,Leather Journal Cover,Accessories,1,42,0,42,Small Business,Retail,F. Moreau,false
SO-102785,2023-06-10,LATAM,Chile,Quill Notebook A4,Stationery,3,16,0,48,Consumer,Online,F. Moreau,false
SO-103067,2023-06-10,EU,Germany,Pen Stand Walnut,Desk,2,29,0.05,55.1,Small Business,Online,E. Haddad,false
SO-105483,2023-06-10,APAC,Australia,Leather Journal Cover,Accessories,3,42,0,126,Consumer,Online,G. Patel,false
SO-101547,2023-06-11,LATAM,Argentina,Sticky Notes Pastel,Stationery,1,5.5,0,5.5,Consumer,Retail,C. Nakamura,false
SO-101852,2023-06-11,EU,United Kingdom,Pen Case Canvas,Accessories,1,22,0,22,Consumer,Online,F. Moreau,false
SO-102256,2023-06-11,NA,United States,Leather Journal Cover,Accessories,5,42,0,210,Consumer,Retail,D. Rossi,false
SO-102517,2023-06-11,NA,Canada,Pen Stand Walnut,Desk,1,29,0,29,Consumer,Online,D. Rossi,false
SO-102704,2023-06-11,LATAM,Argentina,Gel Pen 5-pack,Writing,2,9.9,0.05,18.81,Small Business,Retail,G. Patel,false
SO-103679,2023-06-11,APAC,India,Calligraphy Starter Kit,Writing,1,58,0,58,Small Business,Online,C. Nakamura,false
SO-104141,2023-06-11,EU,Spain,Sticky Notes Pastel,Stationery,5,5.5,0.05,26.13,Consumer,Retail,B. Lindqvist,false
SO-104642,2023-06-11,APAC,Japan,Quill Notebook A4,Stationery,5,16,0.1,72,Small Business,Online,B. Lindqvist,false
SO-104688,2023-06-11,NA,United States,Planner 2024,Stationery,1,24,0.1,21.6,Small Business,Retail,D. Rossi,false
SO-105606,2023-06-11,MEA,South Africa,Pen Stand Walnut,Desk,1,29,0.05,27.55,Consumer,Online,E. Haddad,false
SO-100527,2023-06-12,LATAM,Brazil,Monitor Riser Oak,Desk,3,64,0,192,Small Business,Online,E. Haddad,false
SO-101149,2023-06-12,APAC,Singapore,Desk Mat Linen,Desk,3,34,0.1,91.8,Consumer,Retail,B. Lindqvist,false
SO-101199,2023-06-12,EU,France,Desk Mat Linen,Desk,2,34,0,68,Consumer,Online,A. Okafor,false
SO-101301,2023-06-12,MEA,South Africa,Fountain Pen Brass,Writing,1,79,0,79,Consumer,Online,A. Okafor,false
SO-101640,2023-06-12,MEA,Kenya,Calligraphy Starter Kit,Writing,5,58,0,290,Consumer,Online,F. Moreau,false
SO-103359,2023-06-12,LATAM,Argentina,Fountain Pen Brass,Writing,1,79,0.05,75.05,Consumer,Wholesale,B. Lindqvist,false
SO-103462,2023-06-12,LATAM,Brazil,Ink Cartridge Midnight,Ink,1,6.5,0.1,5.85,Consumer,Retail,C. Nakamura,false
SO-100977,2023-06-13,APAC,Japan,Planner 2024,Stationery,1,24,0.1,21.6,Consumer,Online,G. Patel,false
SO-102943,2023-06-13,NA,Mexico,Desk Mat Linen,Desk,3,34,0.1,91.8,Enterprise,Online,F. Moreau,false
SO-102966,2023-06-13,EU,United Kingdom,Desk Mat Linen,Desk,3,34,0,102,Small Business,Retail,C. Nakamura,false
SO-103354,2023-06-13,APAC,Australia,Planner 2024,Stationery,5,24,0.05,114,Small Business,Online,G. Patel,false
SO-104150,2023-06-13,NA,United States,Pen Stand Walnut,Desk,5,29,0.05,137.75,Small Business,Retail,D. Rossi,false
SO-104271,2023-06-13,EU,Germany,Pen Stand Walnut,Desk,1,29,0.1,26.1,Consumer,Online,F. Moreau,false
SO-104672,2023-06-13,NA,Canada,Fountain Pen Classic,Writing,10,48,0.1,432,Consumer,Wholesale,B. Lindqvist,false
SO-105086,2023-06-13,LATAM,Brazil,Pen Stand Walnut,Desk,1,29,0.05,27.55,Enterprise,Online,H. Silva,false
SO-105419,2023-06-13,NA,Canada,Ink Cartridge Midnight,Ink,1,6.5,0,6.5,Consumer,Online,G. Patel,false
SO-105795,2023-06-13,NA,Canada,Pen Case Canvas,Accessories,3,22,0.2,52.8,Small Business,Online,F. Moreau,false
SO-103672,2023-06-14,EU,United Kingdom,Planner 2024,Stationery,1,24,0.05,22.8,Small Business,Online,B. Lindqvist,false
SO-104247,2023-06-14,NA,United States,Ink Cartridge Midnight,Ink,2,6.5,0,13,Consumer,Online,B. Lindqvist,false
SO-104719,2023-06-14,APAC,Singapore,Leather Journal Cover,Accessories,1,42,0.05,39.9,Consumer,Retail,A. Okafor,false
SO-105631,2023-06-14,NA,Mexico,Monitor Riser Oak,Desk,3,64,0.2,153.6,Consumer,Online,C. Nakamura,false
SO-105954,2023-06-14,MEA,South Africa,Planner 2024,Stationery,3,24,0,72,Consumer,Wholesale,F. Moreau,false
SO-100042,2023-06-15,LATAM,Argentina,Gel Pen 5-pack,Writing,2,9.9,0,19.8,Consumer,Online,E. Haddad,false
SO-100646,2023-06-15,EU,Germany,Fountain Pen Classic,Writing,2,48,0,96,Small Business,Online,H. Silva,false
SO-100884,2023-06-15,MEA,Kenya,Pen Case Canvas,Accessories,1,22,0,22,Consumer,Online,E. Haddad,false
SO-100987,2023-06-15,MEA,Kenya,Sticky Notes Pastel,Stationery,2,5.5,0,11,Consumer,Online,D. Rossi,false
SO-103385,2023-06-15,MEA,Kenya,Planner 2024,Stationery,1,24,0.1,21.6,Small Business,Retail,F. Moreau,false
SO-103576,2023-06-15,LATAM,Brazil,Pen Stand Walnut,Desk,2,29,0,58,Small Business,Online,E. Haddad,false
SO-104922,2023-06-15,EU,Germany,Fountain Pen Classic,Writing,2,48,0,96,Enterprise,Retail,C. Nakamura,false
SO-101031,2023-06-16,MEA,South Africa,Quill Notebook A4,Stationery,3,16,0,48,Small Business,Online,G. Patel,false
SO-101513,2023-06-16,APAC,Singapore,Calligraphy Starter Kit,Writing,1,58,0.05,55.1,Consumer,Retail,B. Lindqvist,false
SO-102694,2023-06-16,NA,Canada,Quill Notebook A5,Stationery,3,12.5,0.05,35.63,Small Business,Online,D. Rossi,false
SO-103713,2023-06-16,APAC,Singapore,Leather Journal Cover,Accessories,1,42,0,42,Enterprise,Online,G. Patel,false
SO-103968,2023-06-16,LATAM,Chile,Ink Cartridge Midnight,Ink,2,6.5,0,13,Small Business,Online,H. Silva,true
SO-103995,2023-06-16,LATAM,Brazil,Planner 2024,Stationery,10,24,0,240,Small Business,Online,F. Moreau,false
SO-105172,2023-06-16,EU,Spain,Gel Pen 5-pack,Writing,2,9.9,0,19.8,Small Business,Online,C. Nakamura,false
SO-101838,2023-06-17,EU,Spain,Desk Mat Linen,Desk,1,34,0,34,Consumer,Retail,B. Lindqvist,false
SO-104034,2023-06-17,NA,United States,Ink Bottle Sepia 50ml,Ink,2,18,0.05,34.2,Consumer,Online,F. Moreau,false
SO-104403,2023-06-17,APAC,Singapore,Fountain Pen Classic,Writing,2,48,0.05,91.2,Consumer,Online,F. Moreau,false
SO-105450,2023-06-17,EU,United Kingdom,Quill Notebook A4,Stationery,2,16,0.05,30.4,Enterprise,Wholesale,H. Silva,false
SO-100603,2023-06-18,NA,Canada,Desk Mat Linen,Desk,1,34,0.1,30.6,Enterprise,Online,D. Rossi,false
SO-101571,2023-06-18,EU,Netherlands,Ink Bottle Sepia 50ml,Ink,1,18,0,18,Small Business,Online,A. Okafor,false
SO-101688,2023-06-18,APAC,Singapore,Monitor Riser Oak,Desk,3,64,0,192,Small Business,Online,B. Lindqvist,false
SO-102446,2023-06-18,LATAM,Chile,Calligraphy Starter Kit,Writing,5,58,0,290,Consumer,Online,F. Moreau,false
SO-102947,2023-06-18,EU,Netherlands,Leather Journal Cover,Accessories,1,42,0.1,37.8,Consumer,Wholesale,E. Haddad,false
SO-104470,2023-06-18,EU,Germany,Quill Notebook A5,Stationery,2,12.5,0,25,Consumer,Online,H. Silva,false
SO-104609,2023-06-18,LATAM,Argentina,Fountain Pen Brass,Writing,1,79,0.1,71.1,Consumer,Online,D. Rossi,false
SO-104980,2023-06-18,MEA,United Arab Emirates,Calligraphy Starter Kit,Writing,2,58,0,116,Small Business,Online,B. Lindqvist,false
SO-100602,2023-06-19,EU,France,Gel Pen 5-pack,Writing,1,9.9,0,9.9,Consumer,Online,E. Haddad,false
SO-101335,2023-06-19,NA,Mexico,Pen Case Canvas,Accessories,3,22,0.05,62.7,Consumer,Retail,B. Lindqvist,false
SO-101707,2023-06-19,MEA,United Arab Emirates,Pen Stand Walnut,Desk,2,29,0.05,55.1,Small Business,Retail,C. Nakamura,false
SO-101807,2023-06-19,LATAM,Brazil,Fountain Pen Brass,Writing,1,79,0,79,Consumer,Online,D. Rossi,false
SO-102729,2023-06-19,MEA,United Arab Emirates,Leather Journal Cover,Accessories,1,42,0,42,Small Business,Retail,C. Nakamura,false
SO-104084,2023-06-19,LATAM,Argentina,Desk Mat Linen,Desk,1,34,0,34,Enterprise,Online,F. Moreau,false
SO-104086,2023-06-19,APAC,Australia,Gel Pen 5-pack,Writing,5,9.9,0,49.5,Enterprise,Online,E. Haddad,false
SO-104687,2023-06-19,NA,United States,Sticky Notes Pastel,Stationery,3,5.5,0,16.5,Consumer,Online,G. Patel,false
SO-105607,2023-06-19,NA,Mexico,Planner 2024,Stationery,5,24,0,120,Consumer,Online,H. Silva,false
SO-100324,2023-06-20,EU,Spain,Fountain Pen Brass,Writing,1,79,0,79,Consumer,Online,H. Silva,false
SO-100785,2023-06-20,APAC,Japan,Ink Cartridge Midnight,Ink,1,6.5,0.05,6.18,Consumer,Online,E. Haddad,false
SO-100817,2023-06-20,NA,United States,Ink Cartridge Midnight,Ink,2,6.5,0,13,Consumer,Online,A. Okafor,false
SO-102529,2023-06-20,NA,Mexico,Ink Cartridge Midnight,Ink,1,6.5,0,6.5,Consumer,Online,G. Patel,false
SO-103063,2023-06-20,MEA,South Africa,Monitor Riser Oak,Desk,1,64,0.1,57.6,Small Business,Retail,A. Okafor,false
SO-103310,2023-06-20,MEA,United Arab Emirates,Ink Bottle Sepia 50ml,Ink,1,18,0,18,Consumer,Online,B. Lindqvist,false
SO-104897,2023-06-20,LATAM,Brazil,Fountain Pen Brass,Writing,1,79,0,79,Small Business,Retail,D. Rossi,false
SO-105719,2023-06-20,EU,Spain,Ink Bottle Sepia 50ml,Ink,1,18,0.1,16.2,Consumer,Retail,B. Lindqvist,false
SO-105783,2023-06-20,APAC,Singapore,Fountain Pen Brass,Writing,1,79,0,79,Enterprise,Online,G. Patel,false
SO-100134,2023-06-21,LATAM,Chile,Monitor Riser Oak,Desk,1,64,0,64,Consumer,Online,E. Haddad,false
SO-100943,2023-06-21,MEA,South Africa,Ink Cartridge Midnight,Ink,1,6.5,0.1,5.85,Consumer,Online,C. Nakamura,false
SO-101051,2023-06-21,MEA,United Arab Emirates,Desk Mat Linen,Desk,3,34,0.05,96.9,Small Business,Online,G. Patel,false
SO-101295,2023-06-21,NA,United States,Sticky Notes Pastel,Stationery,2,5.5,0,11,Consumer,Online,H. Silva,false
SO-101419,2023-06-21,EU,Netherlands,Monitor Riser Oak,Desk,2,64,0.2,102.4,Consumer,Retail,H. Silva,false
SO-103348,2023-06-21,MEA,Kenya,Pen Stand Walnut,Desk,2,29,0,58,Small Business,Online,G. Patel,false
SO-103771,2023-06-21,EU,Netherlands,Ink Cartridge Midnight,Ink,2,6.5,0,13,Small Business,Wholesale,B. Lindqvist,false
SO-103998,2023-06-21,LATAM,Chile,Ink Bottle Sepia 50ml,Ink,1,18,0,18,Consumer,Online,F. Moreau,false
SO-105485,2023-06-21,APAC,Australia,Pen Case Canvas,Accessories,3,22,0,66,Small Business,Online,E. Haddad,false
SO-105842,2023-06-21,NA,Canada,Ink Bottle Sepia 50ml,Ink,1,18,0,18,Consumer,Online,H. Silva,false
SO-100200,2023-06-22,APAC,Singapore,Desk Mat Linen,Desk,1,34,0.2,27.2,Consumer,Online,H. Silva,false
SO-100398,2023-06-22,APAC,India,Ink Bottle Sepia 50ml,Ink,1,18,0,18,Small Business,Online,C. Nakamura,false
SO-100990,2023-06-22,MEA,South Africa,Desk Mat Linen,Desk,2,34,0.05,64.6,Small Business,Retail,H. Silva,false
SO-101203,2023-06-22,LATAM,Brazil,Ink Bottle Sepia 50ml,Ink,1,18,0,18,Consumer,Retail,H. Silva,false
SO-101762,2023-06-22,LATAM,Argentina,Quill Notebook A4,Stationery,5,16,0.1,72,Consumer,Online,H. Silva,false
SO-103259,2023-06-22,EU,Germany,Fountain Pen Brass,Writing,2,79,0,158,Consumer,Retail,G. Patel,false
SO-103848,2023-06-22,EU,United Kingdom,Desk Mat Linen,Desk,5,34,0,170,Consumer,Retail,E. Haddad,false
SO-105516,2023-06-22,APAC,Australia,Quill Notebook A5,Stationery,1,12.5,0,12.5,Small Business,Online,H. Silva,false
SO-105621,2023-06-22,NA,Canada,Ink Cartridge Midnight,Ink,2,6.5,0,13,Small Business,Online,E. Haddad,false
SO-105739,2023-06-22,MEA,Kenya,Ink Bottle Sepia 50ml,Ink,2,18,0,36,Consumer,Online,E. Haddad,false
SO-105915,2023-06-22,LATAM,Chile,Quill Notebook A4,Stationery,1,16,0.1,14.4,Enterprise,Online,F. Moreau,false
SO-100218,2023-06-23,LATAM,Argentina,Quill Notebook A4,Stationery,2,16,0.1,28.8,Consumer,Wholesale,D. Rossi,false
SO-101526,2023-06-23,MEA,United Arab Emirates,Desk Mat Linen,Desk,2,34,0,68,Small Business,Wholesale,D. Rossi,false
SO-102217,2023-06-23,NA,Mexico,Ink Cartridge Midnight,Ink,3,6.5,0,19.5,Small Business,Online,G. Patel,false
SO-103219,2023-06-23,EU,Netherlands,Pen Case Canvas,Accessories,5,22,0.05,104.5,Enterprise,Retail,A. Okafor,false
SO-104152,2023-06-23,APAC,Singapore,Planner 2024,Stationery,1,24,0,24,Consumer,Wholesale,E. Haddad,false
SO-101818,2023-06-24,APAC,India,Quill Notebook A4,Stationery,1,16,0.05,15.2,Enterprise,Wholesale,F. Moreau,false
SO-101883,2023-06-24,EU,Netherlands,Pen Stand Walnut,Desk,1,29,0.1,26.1,Consumer,Retail,C. Nakamura,false
SO-103424,2023-06-24,LATAM,Brazil,Calligraphy Starter Kit,Writing,1,58,0,58,Consumer,Retail,C. Nakamura,false
SO-100705,2023-06-25,EU,Spain,Monitor Riser Oak,Desk,3,64,0,192,Small Business,Retail,G. Patel,false
SO-101657,2023-06-25,LATAM,Brazil,Sticky Notes Pastel,Stationery,3,5.5,0,16.5,Consumer,Online,G. Patel,false
SO-101693,2023-06-25,EU,Netherlands,Desk Mat Linen,Desk,2,34,0.2,54.4,Consumer,Retail,E. Haddad,true
SO-103078,2023-06-25,APAC,Australia,Ink Cartridge Midnight,Ink,1,6.5,0.05,6.18,Consumer,Online,B. Lindqvist,true
SO-103202,2023-06-25,EU,Spain,Calligraphy Starter Kit,Writing,1,58,0.1,52.2,Consumer,Retail,G. Patel,false
SO-103463,2023-06-25,EU,Germany,Planner 2024,Stationery,1,24,0,24,Enterprise,Wholesale,C. Nakamura,false
SO-103902,2023-06-25,NA,United States,Sticky Notes Pastel,Stationery,2,5.5,0,11,Consumer,Online,G. Patel,false
SO-103938,2023-06-25,EU,United Kingdom,Planner 2024,Stationery,3,24,0,72,Consumer,Online,E. Haddad,false
SO-104326,2023-06-25,NA,United States,Fountain Pen Brass,Writing,1,79,0.05,75.05,Consumer,Online,D. Rossi,false
SO-104749,2023-06-25,EU,United Kingdom,Sticky Notes Pastel,Stationery,1,5.5,0.2,4.4,Consumer,Online,G. Patel,false
SO-104757,2023-06-25,EU,Netherlands,Fountain Pen Brass,Writing,1,79,0,79,Enterprise,Wholesale,B. Lindqvist,false
SO-100926,2023-06-27,LATAM,Argentina,Planner 2024,Stationery,2,24,0.05,45.6,Consumer,Online,F. Moreau,false
SO-101745,2023-06-27,MEA,South Africa,Ink Bottle Sepia 50ml,Ink,1,18,0.05,17.1,Consumer,Online,G. Patel,false
SO-102531,2023-06-27,APAC,Australia,Calligraphy Starter Kit,Writing,2,58,0.05,110.2,Small Business,Retail,B. Lindqvist,false
SO-102586,2023-06-27,NA,Mexico,Fountain Pen Brass,Writing,2,79,0,158,Consumer,Online,A. Okafor,false
SO-104995,2023-06-27,APAC,India,Quill Notebook A4,Stationery,1,16,0,16,Consumer,Online,B. Lindqvist,false
SO-100502,2023-06-28,EU,France,Fountain Pen Brass,Writing,2,79,0.1,142.2,Small Business,Online,D. Rossi,false
SO-100552,2023-06-28,NA,Canada,Planner 2024,Stationery,1,24,0.05,22.8,Small Business,Online,G. Patel,false
SO-101294,2023-06-28,MEA,United Arab Emirates,Pen Case Canvas,Accessories,1,22,0,22,Enterprise,Online,B. Lindqvist,false
SO-102918,2023-06-28,EU,Germany,Quill Notebook A4,Stationery,2,16,0,32,Enterprise,Online,C. Nakamura,false
SO-103806,2023-06-28,EU,United Kingdom,Quill Notebook A4,Stationery,1,16,0,16,Consumer,Wholesale,B. Lindqvist,false
SO-104107,2023-06-28,NA,United States,Ink Bottle Sepia 50ml,Ink,2,18,0,36,Consumer,Online,C. Nakamura,false
SO-104947,2023-06-28,LATAM,Brazil,Ink Cartridge Midnight,Ink,1,6.5,0.1,5.85,Small Business,Online,C. Nakamura,false
SO-105752,2023-06-28,NA,Canada,Planner 2024,Stationery,1,24,0,24,Enterprise,Retail,F. Moreau,false
SO-100105,2023-06-29,NA,Mexico,Quill Notebook A5,Stationery,2,12.5,0,25,Consumer,Online,G. Patel,false
SO-100394,2023-06-29,NA,United States,Leather Journal Cover,Accessories,2,42,0.2,67.2,Small Business,Online,F. Moreau,false
SO-100749,2023-06-29,NA,Canada,Fountain Pen Classic,Writing,5,48,0.05,228,Small Business,Online,C. Nakamura,false
SO-100951,2023-06-29,MEA,Kenya,Fountain Pen Brass,Writing,1,79,0,79,Consumer,Retail,G. Patel,false
SO-101596,2023-06-29,LATAM,Brazil,Pen Stand Walnut,Desk,1,29,0.2,23.2,Consumer,Online,D. Rossi,false
SO-101845,2023-06-29,LATAM,Argentina,Pen Stand Walnut,Desk,2,29,0,58,Consumer,Retail,F. Moreau,false
SO-102823,2023-06-29,APAC,Australia,Gel Pen 5-pack,Writing,2,9.9,0.05,18.81,Small Business,Online,B. Lindqvist,false
SO-103438,2023-06-29,APAC,Japan,Pen Case Canvas,Accessories,3,22,0,66,Consumer,Online,D. Rossi,false
SO-103654,2023-06-29,LATAM,Chile,Gel Pen 5-pack,Writing,1,9.9,0.05,9.4,Consumer,Online,E. Haddad,false
SO-103661,2023-06-29,MEA,Kenya,Pen Case Canvas,Accessories,2,22,0,44,Small Business,Online,G. Patel,false
SO-104158,2023-06-29,NA,Canada,Quill Notebook A5,Stationery,10,12.5,0,125,Consumer,Online,D. Rossi,false
SO-104671,2023-06-29,MEA,South Africa,Leather Journal Cover,Accessories,2,42,0,84,Consumer,Online,A. Okafor,false
SO-104679,2023-06-29,LATAM,Chile,Ink Cartridge Midnight,Ink,2,6.5,0.1,11.7,Consumer,Retail,E. Haddad,false
SO-105644,2023-06-29,LATAM,Chile,Calligraphy Starter Kit,Writing,1,58,0,58,Enterprise,Retail,E. Haddad,false
SO-100501,2023-06-30,MEA,South Africa,Leather Journal Cover,Accessories,3,42,0,126,Consumer,Online,B. Lindqvist,false
SO-102858,2023-06-30,APAC,Singapore,Monitor Riser Oak,Desk,2,64,0.1,115.2,Small Business,Online,B. Lindqvist,false
SO-103194,2023-06-30,EU,Germany,Gel Pen 5-pack,Writing,3,9.9,0,29.7,Small Business,Retail,B. Lindqvist,false
SO-104728,2023-06-30,MEA,United Arab Emirates,Pen Case Canvas,Accessories,3,22,0.05,62.7,Consumer,Online,D. Rossi,false
SO-105029,2023-06-30,NA,United States,Sticky Notes Pastel,Stationery,2,5.5,0,11,Enterprise,Retail,A. Okafor,false
SO-100071,2023-07-01,EU,Germany,Pen Case Canvas,Accessories,1,22,0.2,17.6,Small Business,Online,E. Haddad,false
SO-100135,2023-07-01,MEA,South Africa,Calligraphy Starter Kit,Writing,2,58,0,116,Consumer,Online,G. Patel,false
SO-100487,2023-07-01,EU,Germany,Monitor Riser Oak,Desk,2,64,0,128,Small Business,Online,A. Okafor,false
SO-101774,2023-07-01,EU,Spain,Fountain Pen Classic,Writing,3,48,0,144,Consumer,Retail,C. Nakamura,false
SO-102688,2023-07-01,MEA,United Arab Emirates,Quill Notebook A5,Stationery,1,12.5,0,12.5,Consumer,Online,A. Okafor,false
SO-104123,2023-07-01,APAC,India,Calligraphy Starter Kit,Writing,3,58,0,174,Consumer,Wholesale,A. Okafor,false
SO-100025,2023-07-02,EU,Spain,Pen Case Canvas,Accessories,1,22,0.05,20.9,Small Business,Online,F. Moreau,false
SO-100127,2023-07-02,EU,France,Monitor Riser Oak,Desk,1,64,0.1,57.6,Enterprise,Wholesale,A. Okafor,false
SO-100179,2023-07-02,APAC,Australia,Monitor Riser Oak,Desk,5,64,0,320,Small Business,Online,E. Haddad,false
SO-100518,2023-07-02,LATAM,Argentina,Sticky Notes Pastel,Stationery,1,5.5,0.05,5.23,Small Business,Online,E. Haddad,false
SO-100720,2023-07-02,LATAM,Chile,Quill Notebook A5,Stationery,1,12.5,0,12.5,Consumer,Retail,B. Lindqvist,false
SO-101245,2023-07-02,EU,United Kingdom,Fountain Pen Brass,Writing,5,79,0.05,375.25,Small Business,Wholesale,F. Moreau,false
SO-101256,2023-07-02,NA,Canada,Desk Mat Linen,Desk,3,34,0,102,Consumer,Online,F. Moreau,false
SO-101619,2023-07-02,APAC,India,Monitor Riser Oak,Desk,1,64,0.1,57.6,Consumer,Wholesale,H. Silva,false
SO-101682,2023-07-02,EU,Germany,Fountain Pen Classic,Writing,1,48,0,48,Consumer,Online,G. Patel,false
SO-101728,2023-07-02,APAC,Japan,Ink Cartridge Midnight,Ink,3,6.5,0,19.5,Small Business,Wholesale,G. Patel,false
SO-102205,2023-07-02,APAC,Japan,Planner 2024,Stationery,10,24,0.05,228,Consumer,Retail,G. Patel,false
SO-102481,2023-07-02,MEA,South Africa,Fountain Pen Classic,Writing,2,48,0,96,Enterprise,Online,E. Haddad,false
SO-105918,2023-07-02,LATAM,Chile,Planner 2024,Stationery,1,24,0,24,Consumer,Online,F. Moreau,false
SO-100104,2023-07-03,MEA,Kenya,Gel Pen 5-pack,Writing,1,9.9,0.2,7.92,Small Business,Online,D. Rossi,false
SO-100407,2023-07-03,EU,Netherlands,Leather Journal Cover,Accessories,3,42,0,126,Small Business,Online,F. Moreau,false
SO-100828,2023-07-03,NA,Mexico,Calligraphy Starter Kit,Writing,1,58,0.05,55.1,Consumer,Online,G. Patel,false
SO-101920,2023-07-03,LATAM,Chile,Gel Pen 5-pack,Writing,1,9.9,0,9.9,Consumer,Online,E. Haddad,false
SO-102212,2023-07-03,APAC,Australia,Desk Mat Linen,Desk,2,34,0.1,61.2,Small Business,Retail,A. Okafor,false
SO-102219,2023-07-03,APAC,India,Pen Stand Walnut,Desk,2,29,0,58,Consumer,Online,B. Lindqvist,false
SO-103863,2023-07-03,NA,Mexico,Desk Mat Linen,Desk,1,34,0,34,Consumer,Online,E. Haddad,false
SO-100196,2023-07-04,LATAM,Argentina,Ink Cartridge Midnight,Ink,5,6.5,0,32.5,Small Business,Wholesale,F. Moreau,false
SO-100457,2023-07-04,APAC,Japan,Monitor Riser Oak,Desk,10,64,0.05,608,Consumer,Retail,D. Rossi,false
SO-102167,2023-07-04,LATAM,Argentina,Gel Pen 5-pack,Writing,3,9.9,0.1,26.73,Consumer,Online,A. Okafor,false
SO-102234,2023-07-04,LATAM,Brazil,Planner 2024,Stationery,5,24,0.05,114,Enterprise,Retail,B. Lindqvist,false
SO-102490,2023-07-04,EU,Germany,Fountain Pen Brass,Writing,1,79,0,79,Consumer,Online,F. Moreau,false
SO-103038,2023-07-04,APAC,Australia,Fountain Pen Brass,Writing,3,79,0,237,Consumer,Wholesale,D. Rossi,true
SO-103577,2023-07-04,EU,United Kingdom,Fountain Pen Classic,Writing,1,48,0,48,Small Business,Online,B. Lindqvist,false
SO-103878,2023-07-04,EU,Spain,Pen Case Canvas,Accessories,2,22,0.05,41.8,Consumer,Retail,E. Haddad,false
SO-105119,2023-07-04,MEA,Kenya,Leather Journal Cover,Accessories,1,42,0,42,Enterprise,Retail,G. Patel,false
SO-105131,2023-07-04,LATAM,Chile,Ink Cartridge Midnight,Ink,2,6.5,0,13,Consumer,Retail,D. Rossi,false
SO-105309,2023-07-04,EU,France,Pen Case Canvas,Accessories,3,22,0,66,Small Business,Wholesale,G. Patel,false
SO-100239,2023-07-05,MEA,South Africa,Leather Journal Cover,Accessories,5,42,0,210,Consumer,Online,G. Patel,false
SO-101393,2023-07-05,MEA,Kenya,Leather Journal Cover,Accessories,2,42,0.1,75.6,Consumer,Online,D. Rossi,false
SO-102612,2023-07-05,APAC,Singapore,Quill Notebook A5,Stationery,2,12.5,0.1,22.5,Consumer,Retail,D. Rossi,false
SO-102824,2023-07-05,EU,France,Pen Case Canvas,Accessories,2,22,0.05,41.8,Enterprise,Retail,D. Rossi,false
SO-103890,2023-07-05,LATAM,Argentina,Planner 2024,Stationery,1,24,0.05,22.8,Small Business,Retail,D. Rossi,false
SO-104168,2023-07-05,MEA,Kenya,Quill Notebook A4,Stationery,5,16,0.1,72,Enterprise,Online,C. Nakamura,true
SO-104244,2023-07-05,APAC,India,Calligraphy Starter Kit,Writing,2,58,0,116,Enterprise,Retail,D. Rossi,false
SO-104416,2023-07-05,NA,Canada,Planner 2024,Stationery,5,24,0,120,Consumer,Wholesale,A. Okafor,false
SO-104516,2023-07-05,MEA,South Africa,Ink Cartridge Midnight,Ink,2,6.5,0,13,Small Business,Online,A. Okafor,false
SO-104948,2023-07-05,MEA,South Africa,Monitor Riser Oak,Desk,1,64,0,64,Consumer,Online,G. Patel,false
SO-100046,2023-07-06,APAC,Singapore,Ink Bottle Sepia 50ml,Ink,1,18,0,18,Small Business,Online,B. Lindqvist,false
SO-101516,2023-07-06,APAC,Japan,Pen Stand Walnut,Desk,1,29,0.1,26.1,Consumer,Retail,H. Silva,false
SO-101555,2023-07-06,LATAM,Argentina,Fountain Pen Classic,Writing,5,48,0,240,Small Business,Online,D. Rossi,false
SO-103303,2023-07-06,MEA,Kenya,Ink Bottle Sepia 50ml,Ink,1,18,0,18,Consumer,Retail,D. Rossi,true
SO-103587,2023-07-06,APAC,India,Quill Notebook A4,Stationery,1,16,0,16,Consumer,Retail,F. Moreau,false
SO-104297,2023-07-06,MEA,South Africa,Sticky Notes Pastel,Stationery,1,5.5,0,5.5,Small Business,Online,A. Okafor,false
SO-104381,2023-07-06,EU,Germany,Ink Bottle Sepia 50ml,Ink,2,18,0,36,Consumer,Online,B. Lindqvist,false
SO-105009,2023-07-06,MEA,United Arab Emirates,Calligraphy Starter Kit,Writing,10,58,0,580,Small Business,Online,B. Lindqvist,false
SO-100167,2023-07-07,LATAM,Chile,Gel Pen 5-pack,Writing,2,9.9,0,19.8,Small Business,Retail,D. Rossi,false
SO-100969,2023-07-07,NA,Mexico,Pen Case Canvas,Accessories,5,22,0.1,99,Consumer,Online,G. Patel,false
SO-101479,2023-07-07,EU,Germany,Quill Notebook A4,Stationery,3,16,0,48,Consumer,Online,B. Lindqvist,false
SO-102605,2023-07-07,MEA,Kenya,Sticky Notes Pastel,Stationery,3,5.5,0.05,15.68,Consumer,Retail,G. Patel,false
SO-102635,2023-07-07,APAC,Australia,Ink Cartridge Midnight,Ink,2,6.5,0.05,12.35,Consumer,Retail,C. Nakamura,false
SO-103918,2023-07-07,LATAM,Argentina,Quill Notebook A5,Stationery,2,12.5,0.05,23.75,Consumer,Online,H. Silva,false
SO-104503,2023-07-07,APAC,Australia,Fountain Pen Classic,Writing,5,48,0,240,Consumer,Online,A. Okafor,false
SO-105899,2023-07-07,EU,United Kingdom,Leather Journal Cover,Accessories,1,42,0,42,Consumer,Online,E. Haddad,false
SO-100273,2023-07-08,EU,United Kingdom,Sticky Notes Pastel,Stationery,1,5.5,0.05,5.23,Small Business,Retail,E. Haddad,false
SO-100333,2023-07-08,MEA,United Arab Emirates,Ink Cartridge Midnight,Ink,2,6.5,0,13,Small Business,Retail,D. Rossi,false
SO-101906,2023-07-08,NA,Canada,Quill Notebook A4,Stationery,3,16,0.1,43.2,Consumer,Online,E. Haddad,false
SO-102564,2023-07-08,NA,Mexico,Quill Notebook A4,Stationery,2,16,0.1,28.8,Consumer,Online,C. Nakamura,false
SO-102950,2023-07-08,NA,Mexico,Fountain Pen Classic,Writing,1,48,0,48,Consumer,Wholesale,B. Lindqvist,false
SO-100101,2023-07-09,EU,Netherlands,Quill Notebook A4,Stationery,2,16,0,32,Small Business,Online,E. Haddad,false
SO-100434,2023-07-09,NA,United States,Planner 2024,Stationery,3,24,0.1,64.8,Small Business,Retail,B. Lindqvist,false
SO-100585,2023-07-09,LATAM,Chile,Sticky Notes Pastel,Stationery,5,5.5,0.1,24.75,Consumer,Retail,F. Moreau,false
SO-100688,2023-07-09,LATAM,Brazil,Quill Notebook A5,Stationery,1,12.5,0.05,11.88,Small Business,Online,B. Lindqvist,false
SO-100953,2023-07-09,NA,Canada,Sticky Notes Pastel,Stationery,3,5.5,0,16.5,Small Business,Online,E. Haddad,false
SO-100989,2023-07-09,NA,United States,Pen Case Canvas,Accessories,5,22,0.05,104.5,Consumer,Retail,B. Lindqvist,false
SO-102359,2023-07-09,MEA,South Africa,Fountain Pen Classic,Writing,3,48,0.1,129.6,Consumer,Online,B. Lindqvist,true
SO-102815,2023-07-09,NA,Mexico,Pen Stand Walnut,Desk,2,29,0,58,Enterprise,Retail,H. Silva,false
SO-103275,2023-07-09,LATAM,Argentina,Ink Cartridge Midnight,Ink,3,6.5,0.05,18.52,Consumer,Wholesale,H. Silva,false
SO-103442,2023-07-09,MEA,United Arab Emirates,Planner 2024,Stationery,3,24,0,72,Consumer,Online,A. Okafor,false
SO-104333,2023-07-09,NA,Mexico,Fountain Pen Brass,Writing,2,79,0,158,Consumer,Online,F. Moreau,false
SO-105802,2023-07-09,EU,United Kingdom,Pen Case Canvas,Accessories,1,22,0.05,20.9,Small Business,Online,E. Haddad,false
SO-105838,2023-07-09,LATAM,Chile,Pen Stand Walnut,Desk,1,29,0.1,26.1,Enterprise,Online,F. Moreau,false
SO-100805,2023-07-10,LATAM,Argentina,Leather Journal Cover,Accessories,1,42,0.1,37.8,Small Business,Online,H. Silva,false
SO-103549,2023-07-10,NA,Mexico,Fountain Pen Classic,Writing,2,48,0,96,Consumer,Wholesale,H. Silva,false
SO-103981,2023-07-10,NA,Canada,Quill Notebook A4,Stationery,5,16,0,80,Consumer,Online,A. Okafor,false
SO-105971,2023-07-10,LATAM,Chile,Planner 2024,Stationery,3,24,0.05,68.4,Small Business,Retail,B. Lindqvist,false
SO-100419,2023-07-11,LATAM,Chile,Fountain Pen Brass,Writing,3,79,0,237,Small Business,Online,C. Nakamura,false
SO-100652,2023-07-11,NA,Mexico,Sticky Notes Pastel,Stationery,1,5.5,0,5.5,Consumer,Retail,F. Moreau,false
SO-101001,2023-07-11,LATAM,Chile,Planner 2024,Stationery,1,24,0,24,Enterprise,Online,A. Okafor,false
SO-101538,2023-07-11,MEA,Kenya,Monitor Riser Oak,Desk,1,64,0,64,Small Business,Online,A. Okafor,false
SO-101580,2023-07-11,APAC,Singapore,Fountain Pen Brass,Writing,1,79,0,79,Consumer,Online,H. Silva,false
SO-101618,2023-07-11,NA,Canada,Leather Journal Cover,Accessories,1,42,0,42,Small Business,Retail,H. Silva,true
SO-101737,2023-07-11,NA,Mexico,Calligraphy Starter Kit,Writing,1,58,0,58,Consumer,Online,F. Moreau,false
SO-102762,2023-07-11,MEA,Kenya,Fountain Pen Classic,Writing,1,48,0.1,43.2,Consumer,Online,E. Haddad,false
SO-104214,2023-07-11,LATAM,Brazil,Planner 2024,Stationery,3,24,0,72,Consumer,Online,G. Patel,false
SO-104945,2023-07-11,MEA,United Arab Emirates,Pen Case Canvas,Accessories,1,22,0.05,20.9,Enterprise,Online,C. Nakamura,false
SO-100053,2023-07-12,EU,Netherlands,Sticky Notes Pastel,Stationery,1,5.5,0,5.5,Small Business,Online,A. Okafor,false
SO-100515,2023-07-12,EU,Netherlands,Calligraphy Starter Kit,Writing,5,58,0,290,Small Business,Wholesale,C. Nakamura,false
SO-101899,2023-07-12,LATAM,Chile,Quill Notebook A4,Stationery,2,16,0,32,Small Business,Online,D. Rossi,false
SO-101973,2023-07-12,EU,Spain,Desk Mat Linen,Desk,1,34,0,34,Consumer,Online,D. Rossi,false
SO-101985,2023-07-12,EU,Germany,Leather Journal Cover,Accessories,2,42,0.1,75.6,Consumer,Retail,F. Moreau,true
SO-102379,2023-07-12,NA,Mexico,Leather Journal Cover,Accessories,2,42,0,84,Small Business,Online,B. Lindqvist,false
SO-102527,2023-07-12,NA,United States,Ink Cartridge Midnight,Ink,1,6.5,0,6.5,Small Business,Online,E. Haddad,false
SO-102607,2023-07-12,MEA,United Arab Emirates,Leather Journal Cover,Accessories,1,42,0.05,39.9,Consumer,Retail,E. Haddad,false
SO-104116,2023-07-12,MEA,United Arab Emirates,Calligraphy Starter Kit,Writing,1,58,0.2,46.4,Small Business,Wholesale,G. Patel,false
SO-102516,2023-07-13,APAC,Australia,Desk Mat Linen,Desk,3,34,0,102,Consumer,Online,F. Moreau,false
SO-104373,2023-07-13,EU,France,Calligraphy Starter Kit,Writing,2,58,0.05,110.2,Enterprise,Retail,C. Nakamura,false
SO-104681,2023-07-13,EU,United Kingdom,Planner 2024,Stationery,5,24,0,120,Enterprise,Online,G. Patel,false
SO-104796,2023-07-13,MEA,United Arab Emirates,Calligraphy Starter Kit,Writing,2,58,0.05,110.2,Consumer,Retail,E. Haddad,true
SO-104921,2023-07-13,LATAM,Chile,Pen Case Canvas,Accessories,2,22,0.1,39.6,Consumer,Online,B. Lindqvist,false
SO-105303,2023-07-13,MEA,South Africa,Quill Notebook A4,Stationery,3,16,0,48,Consumer,Online,A. Okafor,false
SO-100470,2023-07-14,EU,Germany,Fountain Pen Brass,Writing,1,79,0,79,Consumer,Online,G. Patel,false
SO-102983,2023-07-14,APAC,India,Quill Notebook A5,Stationery,5,12.5,0,62.5,Consumer,Online,H. Silva,false
SO-104809,2023-07-14,EU,Germany,Sticky Notes Pastel,Stationery,1,5.5,0.05,5.23,Consumer,Online,A. Okafor,false
SO-105164,2023-07-14,APAC,Singapore,Calligraphy Starter Kit,Writing,1,58,0,58,Consumer,Wholesale,E. Haddad,false
SO-101046,2023-07-15,EU,France,Ink Cartridge Midnight,Ink,3,6.5,0.05,18.52,Consumer,Online,G. Patel,false
SO-101244,2023-07-15,NA,Mexico,Fountain Pen Brass,Writing,2,79,0,158,Consumer,Wholesale,E. Haddad,false
SO-102243,2023-07-15,NA,United States,Quill Notebook A4,Stationery,2,16,0,32,Consumer,Online,H. Silva,false
SO-102414,2023-07-15,NA,United States,Fountain Pen Brass,Writing,2,79,0,158,Small Business,Online,B. Lindqvist,false
SO-102466,2023-07-15,EU,United Kingdom,Gel Pen 5-pack,Writing,1,9.9,0.05,9.4,Consumer,Retail,A. Okafor,false
SO-102876,2023-07-15,LATAM,Argentina,Ink Cartridge Midnight,Ink,1,6.5,0,6.5,Consumer,Retail,G. Patel,false
SO-103022,2023-07-15,MEA,United Arab Emirates,Planner 2024,Stationery,2,24,0.05,45.6,Small Business,Retail,F. Moreau,false
SO-103125,2023-07-15,NA,United States,Sticky Notes Pastel,Stationery,2,5.5,0,11,Consumer,Retail,G. Patel,false
SO-103176,2023-07-15,LATAM,Argentina,Quill Notebook A4,Stationery,3,16,0.05,45.6,Consumer,Online,H. Silva,false
SO-100357,2023-07-16,MEA,South Africa,Leather Journal Cover,Accessories,1,42,0.1,37.8,Small Business,Retail,D. Rossi,false
SO-101258,2023-07-16,APAC,Singapore,Fountain Pen Brass,Writing,1,79,0,79,Consumer,Online,H. Silva,false
SO-101641,2023-07-16,LATAM,Chile,Quill Notebook A4,Stationery,1,16,0,16,Small Business,Online,H. Silva,true
SO-101950,2023-07-16,NA,United States,Ink Cartridge Midnight,Ink,3,6.5,0,19.5,Consumer,Online,B. Lindqvist,false
SO-102231,2023-07-16,APAC,Australia,Ink Bottle Sepia 50ml,Ink,1,18,0.1,16.2,Consumer,Online,F. Moreau,false
SO-102537,2023-07-16,NA,United States,Pen Case Canvas,Accessories,1,22,0,22,Consumer,Retail,G. Patel,false
SO-103085,2023-07-16,EU,Spain,Monitor Riser Oak,Desk,2,64,0,128,Consumer,Retail,F. Moreau,false
SO-103355,2023-07-16,MEA,United Arab Emirates,Gel Pen 5-pack,Writing,1,9.9,0.2,7.92,Small Business,Online,E. Haddad,false
SO-105300,2023-07-16,EU,Netherlands,Pen Case Canvas,Accessories,5,22,0,110,Consumer,Online,D. Rossi,false
SO-105515,2023-07-16,APAC,India,Planner 2024,Stationery,2,24,0.2,38.4,Small Business,Online,H. Silva,false
SO-101002,2023-07-17,EU,Netherlands,Sticky Notes Pastel,Stationery,1,5.5,0,5.5,Consumer,Online,A. Okafor,false
SO-101597,2023-07-17,APAC,Australia,Pen Case Canvas,Accessories,5,22,0.05,104.5,Consumer,Retail,A. Okafor,false
SO-102549,2023-07-17,MEA,South Africa,Monitor Riser Oak,Desk,3,64,0,192,Small Business,Retail,F. Moreau,false
SO-102834,2023-07-17,LATAM,Brazil,Leather Journal Cover,Accessories,1,42,0,42,Consumer,Online,C. Nakamura,false
SO-103854,2023-07-17,APAC,India,Gel Pen 5-pack,Writing,2,9.9,0.1,17.82,Small Business,Online,G. Patel,false
SO-104464,2023-07-17,LATAM,Brazil,Gel Pen 5-pack,Writing,2,9.9,0,19.8,Small Business,Online,A. Okafor,false
SO-105015,2023-07-17,LATAM,Brazil,Sticky Notes Pastel,Stationery,2,5.5,0.1,9.9,Enterprise,Online,F. Moreau,false
SO-105635,2023-07-17,APAC,India,Ink Bottle Sepia 50ml,Ink,1,18,0.1,16.2,Consumer,Retail,D. Rossi,false
SO-100091,2023-07-18,NA,Canada,Pen Case Canvas,Accessories,2,22,0,44,Enterprise,Retail,F. Moreau,false
SO-100598,2023-07-18,MEA,United Arab Emirates,Sticky Notes Pastel,Stationery,2,5.5,0.05,10.45,Consumer,Wholesale,A. Okafor,false
SO-100670,2023-07-18,EU,Netherlands,Monitor Riser Oak,Desk,1,64,0.05,60.8,Consumer,Retail,A. Okafor,false
SO-100956,2023-07-18,EU,Netherlands,Ink Cartridge Midnight,Ink,2,6.5,0.1,11.7,Consumer,Retail,C. Nakamura,false
SO-101517,2023-07-18,EU,France,Planner 2024,Stationery,2,24,0.1,43.2,Small Business,Retail,H. Silva,false
SO-101831,2023-07-18,EU,France,Quill Notebook A5,Stationery,3,12.5,0.05,35.63,Consumer,Online,D. Rossi,false
SO-103228,2023-07-18,MEA,South Africa,Gel Pen 5-pack,Writing,10,9.9,0,99,Consumer,Retail,F. Moreau,false
SO-104519,2023-07-18,LATAM,Chile,Quill Notebook A4,Stationery,1,16,0.05,15.2,Small Business,Online,A. Okafor,false
SO-104579,2023-07-18,MEA,Kenya,Monitor Riser Oak,Desk,2,64,0,128,Consumer,Retail,E. Haddad,false
SO-104712,2023-07-18,NA,Mexico,Quill Notebook A5,Stationery,5,12.5,0,62.5,Consumer,Online,H. Silva,false
SO-104734,2023-07-18,LATAM,Chile,Gel Pen 5-pack,Writing,1,9.9,0,9.9,Enterprise,Retail,A. Okafor,false
SO-105856,2023-07-18,LATAM,Brazil,Pen Case Canvas,Accessories,2,22,0,44,Small Business,Online,A. Okafor,false
SO-100079,2023-07-19,LATAM,Chile,Planner 2024,Stationery,2,24,0,48,Small Business,Online,A. Okafor,false
SO-101313,2023-07-19,APAC,Australia,Quill Notebook A4,Stationery,3,16,0.2,38.4,Consumer,Online,E. Haddad,false
SO-102410,2023-07-19,APAC,Japan,Desk Mat Linen,Desk,3,34,0,102,Consumer,Online,G. Patel,false
SO-102640,2023-07-19,MEA,South Africa,Quill Notebook A4,Stationery,1,16,0.1,14.4,Consumer,Wholesale,D. Rossi,false
SO-102733,2023-07-19,LATAM,Chile,Pen Stand Walnut,Desk,5,29,0,145,Consumer,Online,H. Silva,false
SO-103478,2023-07-19,MEA,United Arab Emirates,Monitor Riser Oak,Desk,1,64,0.1,57.6,Consumer,Online,D. Rossi,false
SO-105538,2023-07-19,LATAM,Brazil,Sticky Notes Pastel,Stationery,1,5.5,0.05,5.23,Small Business,Retail,A. Okafor,false
SO-105556,2023-07-19,MEA,South Africa,Sticky Notes Pastel,Stationery,1,5.5,0.05,5.23,Small Business,Online,F. Moreau,false
SO-105922,2023-07-19,NA,Mexico,Planner 2024,Stationery,1,24,0,24,Consumer,Online,C. Nakamura,false
SO-100102,2023-07-20,EU,Netherlands,Planner 2024,Stationery,5,24,0,120,Consumer,Retail,A. Okafor,false
SO-102169,2023-07-20,LATAM,Chile,Calligraphy Starter Kit,Writing,5,58,0,290,Small Business,Online,D. Rossi,false
SO-102666,2023-07-20,NA,United States,Desk Mat Linen,Desk,1,34,0,34,Consumer,Retail,A. Okafor,false
SO-103986,2023-07-20,NA,Mexico,Sticky Notes Pastel,Stationery,2,5.5,0,11,Consumer,Online,E. Haddad,false
SO-104163,2023-07-20,LATAM,Chile,Pen Stand Walnut,Desk,1,29,0.05,27.55,Small Business,Retail,H. Silva,false
SO-100411,2023-07-21,MEA,Kenya,Monitor Riser Oak,Desk,2,64,0.1,115.2,Consumer,Wholesale,C. Nakamura,false
SO-100565,2023-07-21,EU,Spain,Ink Bottle Sepia 50ml,Ink,2,18,0.05,34.2,Small Business,Online,H. Silva,false
SO-100666,2023-07-21,EU,Netherlands,Monitor Riser Oak,Desk,3,64,0.05,182.4,Consumer,Online,G. Patel,false
SO-101073,2023-07-21,APAC,Singapore,Desk Mat Linen,Desk,3,34,0,102,Consumer,Retail,H. Silva,false
SO-101442,2023-07-21,LATAM,Chile,Fountain Pen Classic,Writing,1,48,0,48,Consumer,Online,G. Patel,false
SO-101511,2023-07-21,NA,United States,Ink Bottle Sepia 50ml,Ink,5,18,0,90,Consumer,Retail,C. Nakamura,false
SO-102064,2023-07-21,EU,Germany,Fountain Pen Classic,Writing,1,48,0,48,Small Business,Retail,B. Lindqvist,false
SO-102577,2023-07-21,NA,Canada,Fountain Pen Classic,Writing,2,48,0.1,86.4,Consumer,Online,F. Moreau,false
SO-104396,2023-07-21,APAC,Japan,Sticky Notes Pastel,Stationery,1,5.5,0,5.5,Small Business,Online,E. Haddad,true
SO-104850,2023-07-21,NA,United States,Calligraphy Starter Kit,Writing,1,58,0.1,52.2,Small Business,Wholesale,D. Rossi,false
SO-105698,2023-07-21,MEA,Kenya,Quill Notebook A5,Stationery,2,12.5,0.2,20,Consumer,Online,F. Moreau,false
SO-105760,2023-07-21,LATAM,Brazil,Pen Stand Walnut,Desk,2,29,0,58,Small Business,Online,C. Nakamura,false
SO-100639,2023-07-22,NA,Canada,Calligraphy Starter Kit,Writing,1,58,0,58,Small Business,Retail,H. Silva,false
SO-100827,2023-07-22,MEA,South Africa,Fountain Pen Brass,Writing,1,79,0,79,Consumer,Online,D. Rossi,false
SO-103209,2023-07-22,APAC,Singapore,Sticky Notes Pastel,Stationery,3,5.5,0,16.5,Consumer,Online,A. Okafor,false
SO-103525,2023-07-22,EU,Netherlands,Gel Pen 5-pack,Writing,1,9.9,0.1,8.91,Enterprise,Retail,E. Haddad,false
SO-103958,2023-07-22,EU,Netherlands,Quill Notebook A4,Stationery,5,16,0,80,Consumer,Online,G. Patel,false
SO-103966,2023-07-22,NA,Canada,Desk Mat Linen,Desk,3,34,0,102,Consumer,Online,E. Haddad,false
SO-104563,2023-07-22,LATAM,Argentina,Monitor Riser Oak,Desk,3,64,0.05,182.4,Small Business,Online,H. Silva,false
SO-104596,2023-07-22,EU,Spain,Monitor Riser Oak,Desk,1,64,0,64,Small Business,Online,H. Silva,false
SO-104801,2023-07-22,APAC,Australia,Quill Notebook A4,Stationery,1,16,0,16,Consumer,Retail,B. Lindqvist,false
SO-100303,2023-07-23,APAC,Singapore,Gel Pen 5-pack,Writing,1,9.9,0,9.9,Consumer,Online,G. Patel,false
SO-100534,2023-07-23,EU,Netherlands,Pen Case Canvas,Accessories,2,22,0,44,Consumer,Online,G. Patel,false
SO-100853,2023-07-23,APAC,India,Quill Notebook A5,Stationery,2,12.5,0.1,22.5,Small Business,Online,B. Lindqvist,false
SO-101808,2023-07-23,NA,Mexico,Ink Cartridge Midnight,Ink,2,6.5,0.05,12.35,Consumer,Online,D. Rossi,false
SO-103640,2023-07-23,EU,Spain,Fountain Pen Classic,Writing,1,48,0.05,45.6,Small Business,Online,H. Silva,false
SO-103756,2023-07-23,LATAM,Chile,Ink Bottle Sepia 50ml,Ink,2,18,0.1,32.4,Enterprise,Retail,G. Patel,false
SO-104322,2023-07-23,EU,United Kingdom,Ink Bottle Sepia 50ml,Ink,1,18,0.2,14.4,Consumer,Online,F. Moreau,false
SO-104767,2023-07-23,LATAM,Chile,Calligraphy Starter Kit,Writing,2,58,0,116,Small Business,Online,B. Lindqvist,false
SO-105427,2023-07-23,LATAM,Brazil,Quill Notebook A5,Stationery,1,12.5,0.1,11.25,Consumer,Online,G. Patel,false
SO-100296,2023-07-24,MEA,United Arab Emirates,Fountain Pen Classic,Writing,1,48,0.1,43.2,Consumer,Online,B. Lindqvist,true
SO-100432,2023-07-24,LATAM,Argentina,Leather Journal Cover,Accessories,1,42,0,42,Consumer,Online,B. Lindqvist,false
SO-100662,2023-07-24,NA,United States,Fountain Pen Classic,Writing,1,48,0,48,Consumer,Retail,D. Rossi,false
SO-100837,2023-07-24,LATAM,Argentina,Calligraphy Starter Kit,Writing,1,58,0,58,Consumer,Online,A. Okafor,false
SO-101922,2023-07-24,APAC,Australia,Leather Journal Cover,Accessories,1,42,0.1,37.8,Enterprise,Online,A. Okafor,false
SO-103586,2023-07-24,APAC,Japan,Monitor Riser Oak,Desk,1,64,0,64,Consumer,Wholesale,B. Lindqvist,false
SO-104012,2023-07-24,EU,France,Ink Cartridge Midnight,Ink,1,6.5,0.05,6.18,Consumer,Online,G. Patel,false
SO-105078,2023-07-24,EU,France,Planner 2024,Stationery,5,24,0.1,108,Consumer,Retail,F. Moreau,false
SO-100232,2023-07-25,LATAM,Chile,Planner 2024,Stationery,5,24,0,120,Consumer,Retail,B. Lindqvist,false
SO-100799,2023-07-25,LATAM,Chile,Fountain Pen Brass,Writing,1,79,0.05,75.05,Consumer,Online,G. Patel,false
SO-101509,2023-07-25,NA,United States,Pen Stand Walnut,Desk,3,29,0.05,82.65,Consumer,Online,C. Nakamura,false
SO-101956,2023-07-25,EU,Germany,Monitor Riser Oak,Desk,2,64,0,128,Consumer,Retail,G. Patel,false
SO-102555,2023-07-25,APAC,India,Desk Mat Linen,Desk,1,34,0.05,32.3,Small Business,Retail,C. Nakamura,false
SO-105346,2023-07-25,MEA,United Arab Emirates,Gel Pen 5-pack,Writing,2,9.9,0,19.8,Consumer,Retail,F. Moreau,true
SO-100314,2023-07-26,MEA,Kenya,Quill Notebook A4,Stationery,3,16,0,48,Consumer,Online,B. Lindqvist,false
SO-100386,2023-07-26,MEA,United Arab Emirates,Sticky Notes Pastel,Stationery,1,5.5,0,5.5,Small Business,Retail,G. Patel,false
SO-100421,2023-07-26,NA,Mexico,Ink Cartridge Midnight,Ink,5,6.5,0.1,29.25,Consumer,Online,H. Silva,false
SO-101423,2023-07-26,APAC,Singapore,Quill Notebook A5,Stationery,1,12.5,0.2,10,Consumer,Retail,B. Lindqvist,false
SO-104153,2023-07-26,EU,Netherlands,Gel Pen 5-pack,Writing,10,9.9,0,99,Small Business,Retail,H. Silva,false
SO-100350,2023-07-27,NA,United States,Gel Pen 5-pack,Writing,5,9.9,0,49.5,Enterprise,Online,E. Haddad,false
SO-101265,2023-07-27,APAC,India,Gel Pen 5-pack,Writing,5,9.9,0,49.5,Small Business,Retail,E. Haddad,false
SO-101276,2023-07-27,LATAM,Chile,Desk Mat Linen,Desk,5,34,0.2,136,Consumer,Online,C. Nakamura,false
SO-101397,2023-07-27,NA,United States,Fountain Pen Classic,Writing,3,48,0,144,Small Business,Online,F. Moreau,false
SO-102599,2023-07-27,MEA,South Africa,Ink Bottle Sepia 50ml,Ink,1,18,0,18,Small Business,Online,G. Patel,false
SO-102846,2023-07-27,EU,France,Ink Cartridge Midnight,Ink,2,6.5,0,13,Consumer,Online,D. Rossi,false
SO-102980,2023-07-27,APAC,Australia,Fountain Pen Classic,Writing,3,48,0,144,Small Business,Online,A. Okafor,false
SO-103217,2023-07-27,LATAM,Argentina,Desk Mat Linen,Desk,1,34,0,34,Consumer,Online,F. Moreau,false
SO-103682,2023-07-27,APAC,Australia,Monitor Riser Oak,Desk,2,64,0.05,121.6,Small Business,Online,E. Haddad,false
SO-105220,2023-07-27,APAC,India,Calligraphy Starter Kit,Writing,1,58,0.05,55.1,Consumer,Wholesale,G. Patel,false
SO-100121,2023-07-28,APAC,Japan,Planner 2024,Stationery,1,24,0.1,21.6,Small Business,Online,F. Moreau,false
SO-100704,2023-07-28,MEA,Kenya,Pen Stand Walnut,Desk,3,29,0,87,Consumer,Online,E. Haddad,false
SO-101843,2023-07-28,APAC,Japan,Planner 2024,Stationery,5,24,0,120,Small Business,Online,C. Nakamura,false
SO-102097,2023-07-28,NA,United States,Leather Journal Cover,Accessories,3,42,0,126,Small Business,Online,B. Lindqvist,false
SO-102920,2023-07-28,LATAM,Argentina,Fountain Pen Classic,Writing,5,48,0,240,Small Business,Online,H. Silva,false
SO-103059,2023-07-28,LATAM,Chile,Fountain Pen Classic,Writing,3,48,0.05,136.8,Enterprise,Online,D. Rossi,true
SO-103087,2023-07-28,EU,Spain,Ink Bottle Sepia 50ml,Ink,2,18,0.2,28.8,Consumer,Online,E. Haddad,false
SO-104181,2023-07-28,APAC,Singapore,Ink Bottle Sepia 50ml,Ink,3,18,0,54,Consumer,Online,F. Moreau,false
SO-100522,2023-07-29,NA,Mexico,Monitor Riser Oak,Desk,5,64,0.1,288,Consumer,Retail,F. Moreau,false
SO-101685,2023-07-29,APAC,Japan,Sticky Notes Pastel,Stationery,1,5.5,0,5.5,Consumer,Retail,C. Nakamura,false
SO-102318,2023-07-29,APAC,India,Sticky Notes Pastel,Stationery,1,5.5,0.05,5.23,Consumer,Online,D. Rossi,false
SO-102608,2023-07-29,EU,Spain,Monitor Riser Oak,Desk,2,64,0.05,121.6,Enterprise,Online,F. Moreau,false
SO-104054,2023-07-29,NA,Mexico,Calligraphy Starter Kit,Writing,5,58,0,290,Consumer,Online,D. Rossi,false
SO-104886,2023-07-29,APAC,Australia,Monitor Riser Oak,Desk,1,64,0,64,Consumer,Online,H. Silva,false
SO-105116,2023-07-29,MEA,South Africa,Ink Cartridge Midnight,Ink,2,6.5,0,13,Consumer,Online,F. Moreau,false
SO-105322,2023-07-29,MEA,United Arab Emirates,Fountain Pen Classic,Writing,1,48,0.1,43.2,Small Business,Retail,G. Patel,false
SO-105745,2023-07-29,EU,Spain,Fountain Pen Brass,Writing,2,79,0,158,Consumer,Online,F. Moreau,false
SO-102040,2023-07-30,MEA,United Arab Emirates,Monitor Riser Oak,Desk,1,64,0,64,Small Business,Online,C. Nakamura,false
SO-103873,2023-07-30,EU,Netherlands,Fountain Pen Brass,Writing,1,79,0,79,Small Business,Online,D. Rossi,false
SO-104146,2023-07-30,EU,Spain,Leather Journal Cover,Accessories,10,42,0.1,378,Consumer,Online,A. Okafor,false
SO-104769,2023-07-30,EU,Spain,Pen Case Canvas,Accessories,1,22,0,22,Enterprise,Online,H. Silva,false
SO-101734,2023-07-31,LATAM,Chile,Leather Journal Cover,Accessories,1,42,0.05,39.9,Small Business,Retail,D. Rossi,false
SO-101961,2023-07-31,NA,Mexico,Ink Cartridge Midnight,Ink,2,6.5,0,13,Small Business,Online,F. Moreau,false
SO-102143,2023-07-31,NA,Mexico,Pen Stand Walnut,Desk,1,29,0,29,Consumer,Online,A. Okafor,false
SO-102255,2023-07-31,MEA,South Africa,Desk Mat Linen,Desk,3,34,0.05,96.9,Consumer,Retail,F. Moreau,false
SO-102641,2023-07-31,APAC,Singapore,Fountain Pen Brass,Writing,3,79,0.1,213.3,Consumer,Online,D. Rossi,false
SO-102700,2023-07-31,NA,Canada,Quill Notebook A5,Stationery,3,12.5,0.05,35.63,Consumer,Online,A. Okafor,false
SO-103795,2023-07-31,LATAM,Chile,Fountain Pen Classic,Writing,1,48,0,48,Consumer,Online,E. Haddad,false
SO-104674,2023-07-31,EU,Spain,Fountain Pen Brass,Writing,3,79,0,237,Enterprise,Online,F. Moreau,false
SO-105706,2023-07-31,EU,Spain,Quill Notebook A5,Stationery,2,12.5,0,25,Small Business,Online,E. Haddad,false
SO-100442,2023-08-01,NA,Canada,Monitor Riser Oak,Desk,1,64,0,64,Consumer,Online,D. Rossi,false
SO-101402,2023-08-01,EU,France,Fountain Pen Brass,Writing,2,79,0.05,150.1,Small Business,Online,D. Rossi,false
SO-102385,2023-08-01,NA,Mexico,Gel Pen 5-pack,Writing,1,9.9,0,9.9,Consumer,Retail,D. Rossi,false
SO-103113,2023-08-01,LATAM,Brazil,Fountain Pen Brass,Writing,1,79,0,79,Consumer,Wholesale,D. Rossi,false
SO-103178,2023-08-01,NA,Mexico,Leather Journal Cover,Accessories,2,42,0,84,Small Business,Online,D. Rossi,false
SO-103646,2023-08-01,NA,Canada,Quill Notebook A4,Stationery,2,16,0.05,30.4,Consumer,Online,B. Lindqvist,false
SO-103825,2023-08-01,LATAM,Chile,Desk Mat Linen,Desk,2,34,0,68,Consumer,Retail,G. Patel,false
SO-104243,2023-08-01,NA,Mexico,Sticky Notes Pastel,Stationery,1,5.5,0,5.5,Consumer,Online,G. Patel,false
SO-104495,2023-08-01,MEA,United Arab Emirates,Planner 2024,Stationery,1,24,0,24,Consumer,Retail,A. Okafor,false
SO-105205,2023-08-01,NA,Canada,Pen Case Canvas,Accessories,3,22,0.1,59.4,Enterprise,Wholesale,H. Silva,false
SO-105350,2023-08-01,MEA,Kenya,Ink Bottle Sepia 50ml,Ink,1,18,0.1,16.2,Enterprise,Online,H. Silva,false
SO-105797,2023-08-01,MEA,United Arab Emirates,Planner 2024,Stationery,1,24,0.2,19.2,Consumer,Online,C. Nakamura,false
SO-100245,2023-08-02,LATAM,Brazil,Quill Notebook A5,Stationery,1,12.5,0.05,11.88,Consumer,Retail,G. Patel,false
SO-100401,2023-08-02,NA,Mexico,Fountain Pen Brass,Writing,2,79,0.05,150.1,Small Business,Retail,E. Haddad,false
SO-102637,2023-08-02,MEA,South Africa,Sticky Notes Pastel,Stationery,5,5.5,0,27.5,Consumer,Online,B. Lindqvist,false
SO-103338,2023-08-02,MEA,South Africa,Leather Journal Cover,Accessories,10,42,0,420,Consumer,Online,B. Lindqvist,false
SO-103406,2023-08-02,LATAM,Argentina,Pen Case Canvas,Accessories,1,22,0,22,Consumer,Online,H. Silva,false
SO-104313,2023-08-02,APAC,India,Pen Case Canvas,Accessories,1,22,0,22,Consumer,Online,F. Moreau,false
SO-104935,2023-08-02,APAC,Singapore,Gel Pen 5-pack,Writing,1,9.9,0.05,9.4,Small Business,Online,F. Moreau,false
SO-105230,2023-08-02,MEA,United Arab Emirates,Pen Case Canvas,Accessories,5,22,0,110,Enterprise,Wholesale,A. Okafor,false
SO-105380,2023-08-02,LATAM,Argentina,Quill Notebook A4,Stationery,2,16,0.2,25.6,Consumer,Online,E. Haddad,true
SO-100031,2023-08-03,LATAM,Chile,Quill Notebook A5,Stationery,3,12.5,0,37.5,Consumer,Online,B. Lindqvist,false
SO-100723,2023-08-03,NA,Canada,Ink Cartridge Midnight,Ink,1,6.5,0,6.5,Consumer,Online,D. Rossi,false
SO-101484,2023-08-03,APAC,Japan,Fountain Pen Brass,Writing,2,79,0,158,Consumer,Online,A. Okafor,false
SO-102787,2023-08-03,EU,Netherlands,Pen Stand Walnut,Desk,1,29,0,29,Consumer,Online,A. Okafor,false
SO-103563,2023-08-03,LATAM,Argentina,Sticky Notes Pastel,Stationery,1,5.5,0,5.5,Consumer,Retail,B. Lindqvist,false
SO-103665,2023-08-03,MEA,South Africa,Sticky Notes Pastel,Stationery,2,5.5,0.1,9.9,Small Business,Online,E. Haddad,false
SO-105652,2023-08-03,EU,France,Quill Notebook A4,Stationery,3,16,0,48,Small Business,Online,E. Haddad,false
SO-105800,2023-08-03,LATAM,Brazil,Leather Journal Cover,Accessories,2,42,0,84,Consumer,Retail,H. Silva,false
SO-105905,2023-08-03,APAC,Japan,Quill Notebook A5,Stationery,1,12.5,0.2,10,Consumer,Wholesale,G. Patel,false
SO-100161,2023-08-04,MEA,South Africa,Sticky Notes Pastel,Stationery,2,5.5,0,11,Consumer,Retail,F. Moreau,false
SO-101873,2023-08-04,LATAM,Argentina,Planner 2024,Stationery,1,24,0,24,Small Business,Online,F. Moreau,false
SO-102676,2023-08-04,LATAM,Chile,Pen Case Canvas,Accessories,1,22,0,22,Small Business,Online,D. Rossi,false
SO-103076,2023-08-04,MEA,Kenya,Quill Notebook A4,Stationery,1,16,0,16,Consumer,Online,C. Nakamura,false
SO-104835,2023-08-04,MEA,United Arab Emirates,Ink Bottle Sepia 50ml,Ink,10,18,0,180,Small Business,Wholesale,G. Patel,false
SO-102109,2023-08-05,LATAM,Brazil,Pen Stand Walnut,Desk,3,29,0,87,Consumer,Wholesale,H. Silva,false
SO-102239,2023-08-05,APAC,India,Sticky Notes Pastel,Stationery,2,5.5,0.05,10.45,Consumer,Online,C. Nakamura,false
SO-102401,2023-08-05,NA,Mexico,Gel Pen 5-pack,Writing,1,9.9,0,9.9,Consumer,Retail,A. Okafor,false
SO-103045,2023-08-05,APAC,Australia,Leather Journal Cover,Accessories,2,42,0,84,Small Business,Online,F. Moreau,false
SO-104055,2023-08-05,APAC,Singapore,Planner 2024,Stationery,5,24,0,120,Small Business,Retail,H. Silva,false
SO-104883,2023-08-05,NA,United States,Quill Notebook A5,Stationery,2,12.5,0.05,23.75,Consumer,Retail,G. Patel,false
SO-105596,2023-08-05,NA,United States,Ink Cartridge Midnight,Ink,1,6.5,0.2,5.2,Small Business,Retail,E. Haddad,false
SO-105917,2023-08-05,NA,Mexico,Gel Pen 5-pack,Writing,1,9.9,0.1,8.91,Consumer,Online,H. Silva,false
SO-100962,2023-08-06,LATAM,Brazil,Pen Case Canvas,Accessories,2,22,0,44,Consumer,Online,C. Nakamura,false
SO-102244,2023-08-06,LATAM,Brazil,Sticky Notes Pastel,Stationery,1,5.5,0,5.5,Small Business,Retail,G. Patel,false
SO-102765,2023-08-06,NA,Mexico,Calligraphy Starter Kit,Writing,3,58,0.1,156.6,Consumer,Retail,E. Haddad,false
SO-103102,2023-08-06,MEA,United Arab Emirates,Quill Notebook A4,Stationery,2,16,0,32,Consumer,Online,H. Silva,false
SO-103269,2023-08-06,MEA,Kenya,Gel Pen 5-pack,Writing,2,9.9,0,19.8,Small Business,Retail,E. Haddad,false
SO-103857,2023-08-06,EU,Spain,Pen Stand Walnut,Desk,1,29,0.1,26.1,Enterprise,Online,B. Lindqvist,false
SO-104225,2023-08-06,APAC,Singapore,Quill Notebook A5,Stationery,1,12.5,0.05,11.88,Consumer,Online,E. Haddad,false
SO-104663,2023-08-06,EU,France,Ink Bottle Sepia 50ml,Ink,1,18,0.1,16.2,Consumer,Online,E. Haddad,false
SO-105585,2023-08-06,EU,United Kingdom,Quill Notebook A4,Stationery,2,16,0,32,Consumer,Online,C. Nakamura,false
SO-105920,2023-08-06,MEA,Kenya,Planner 2024,Stationery,1,24,0,24,Enterprise,Online,F. Moreau,false
SO-100199,2023-08-07,NA,United States,Pen Case Canvas,Accessories,2,22,0,44,Small Business,Retail,E. Haddad,false
SO-100244,2023-08-07,EU,France,Quill Notebook A4,Stationery,1,16,0.2,12.8,Consumer,Wholesale,D. Rossi,false
SO-103064,2023-08-07,APAC,Australia,Quill Notebook A4,Stationery,1,16,0,16,Consumer,Online,G. Patel,false
SO-103373,2023-08-07,EU,United Kingdom,Quill Notebook A4,Stationery,1,16,0.1,14.4,Consumer,Retail,F. Moreau,false
SO-104434,2023-08-07,MEA,United Arab Emirates,Planner 2024,Stationery,5,24,0.05,114,Small Business,Online,B. Lindqvist,false
SO-104851,2023-08-07,APAC,Japan,Fountain Pen Classic,Writing,1,48,0,48,Consumer,Online,G. Patel,false
SO-105815,2023-08-07,APAC,Japan,Fountain Pen Classic,Writing,2,48,0.05,91.2,Small Business,Online,C. Nakamura,false
SO-100154,2023-08-08,LATAM,Argentina,Sticky Notes Pastel,Stationery,3,5.5,0,16.5,Consumer,Retail,H. Silva,false
SO-101789,2023-08-08,LATAM,Argentina,Fountain Pen Brass,Writing,1,79,0.1,71.1,Consumer,Retail,B. Lindqvist,false
SO-102638,2023-08-08,NA,United States,Ink Cartridge Midnight,Ink,1,6.5,0.1,5.85,Consumer,Online,D. Rossi,true
SO-102683,2023-08-08,LATAM,Chile,Planner 2024,Stationery,1,24,0,24,Small Business,Online,A. Okafor,false
SO-103075,2023-08-08,LATAM,Chile,Gel Pen 5-pack,Writing,1,9.9,0,9.9,Small Business,Retail,C. Nakamura,false
SO-103720,2023-08-08,APAC,Singapore,Quill Notebook A5,Stationery,2,12.5,0.1,22.5,Consumer,Retail,G. Patel,false
SO-103886,2023-08-08,EU,Netherlands,Ink Cartridge Midnight,Ink,2,6.5,0.05,12.35,Consumer,Wholesale,A. Okafor,false
SO-104241,2023-08-08,NA,Mexico,Desk Mat Linen,Desk,3,34,0.1,91.8,Small Business,Wholesale,H. Silva,false
SO-104626,2023-08-08,MEA,Kenya,Desk Mat Linen,Desk,1,34,0.1,30.6,Consumer,Retail,D. Rossi,false
SO-105407,2023-08-08,NA,Mexico,Calligraphy Starter Kit,Writing,1,58,0,58,Consumer,Online,D. Rossi,false
SO-101143,2023-08-09,MEA,South Africa,Leather Journal Cover,Accessories,1,42,0,42,Consumer,Online,G. Patel,false
SO-101171,2023-08-09,LATAM,Brazil,Planner 2024,Stationery,3,24,0,72,Consumer,Retail,G. Patel,false
SO-102076,2023-08-09,LATAM,Brazil,Pen Case Canvas,Accessories,3,22,0.05,62.7,Small Business,Retail,B. Lindqvist,false
SO-103965,2023-08-09,NA,Canada,Leather Journal Cover,Accessories,1,42,0.05,39.9,Enterprise,Wholesale,F. Moreau,false
SO-104449,2023-08-09,LATAM,Chile,Leather Journal Cover,Accessories,10,42,0.05,399,Consumer,Online,F. Moreau,false
SO-104676,2023-08-09,APAC,Singapore,Desk Mat Linen,Desk,1,34,0,34,Consumer,Retail,D. Rossi,false
SO-100512,2023-08-10,MEA,Kenya,Pen Stand Walnut,Desk,3,29,0,87,Enterprise,Retail,D. Rossi,false
SO-101120,2023-08-10,EU,Germany,Calligraphy Starter Kit,Writing,3,58,0.1,156.6,Consumer,Online,G. Patel,false
SO-101133,2023-08-10,EU,France,Pen Stand Walnut,Desk,2,29,0,58,Consumer,Retail,E. Haddad,false
SO-101440,2023-08-10,EU,France,Gel Pen 5-pack,Writing,2,9.9,0.2,15.84,Enterprise,Retail,D. Rossi,false
SO-102479,2023-08-10,APAC,Japan,Leather Journal Cover,Accessories,1,42,0,42,Consumer,Online,H. Silva,false
SO-104454,2023-08-10,NA,Mexico,Quill Notebook A5,Stationery,2,12.5,0,25,Consumer,Online,E. Haddad,false
SO-104730,2023-08-10,EU,France,Monitor Riser Oak,Desk,3,64,0,192,Consumer,Online,G. Patel,false
SO-100642,2023-08-11,MEA,Kenya,Quill Notebook A4,Stationery,1,16,0,16,Small Business,Online,E. Haddad,false
SO-101047,2023-08-11,EU,Spain,Planner 2024,Stationery,2,24,0,48,Consumer,Online,A. Okafor,false
SO-101533,2023-08-11,LATAM,Argentina,Gel Pen 5-pack,Writing,3,9.9,0,29.7,Consumer,Retail,B. Lindqvist,false
SO-102717,2023-08-11,NA,Canada,Fountain Pen Brass,Writing,10,79,0,790,Consumer,Retail,H. Silva,false
SO-104549,2023-08-11,EU,Germany,Gel Pen 5-pack,Writing,1,9.9,0,9.9,Small Business,Wholesale,E. Haddad,false
SO-104639,2023-08-11,APAC,Singapore,Quill Notebook A5,Stationery,5,12.5,0,62.5,Small Business,Online,E. Haddad,false
SO-105098,2023-08-11,NA,Mexico,Ink Cartridge Midnight,Ink,2,6.5,0.1,11.7,Consumer,Online,C. Nakamura,false
SO-105613,2023-08-11,APAC,Australia,Monitor Riser Oak,Desk,1,64,0,64,Consumer,Wholesale,H. Silva,false
SO-105661,2023-08-11,EU,Spain,Quill Notebook A5,Stationery,2,12.5,0,25,Consumer,Retail,C. Nakamura,false
SO-100210,2023-08-12,APAC,Singapore,Quill Notebook A5,Stationery,3,12.5,0.05,35.63,Consumer,Online,B. Lindqvist,false
SO-102422,2023-08-12,APAC,Japan,Gel Pen 5-pack,Writing,3,9.9,0.05,28.22,Small Business,Retail,A. Okafor,false
SO-105387,2023-08-12,LATAM,Brazil,Ink Bottle Sepia 50ml,Ink,2,18,0.05,34.2,Consumer,Online,E. Haddad,false
SO-105437,2023-08-12,NA,Mexico,Fountain Pen Brass,Writing,1,79,0,79,Consumer,Online,E. Haddad,false
SO-105762,2023-08-12,EU,United Kingdom,Leather Journal Cover,Accessories,2,42,0,84,Consumer,Online,E. Haddad,false
SO-100185,2023-08-13,MEA,Kenya,Leather Journal Cover,Accessories,3,42,0,126,Small Business,Wholesale,D. Rossi,false
SO-100305,2023-08-13,MEA,South Africa,Calligraphy Starter Kit,Writing,1,58,0.05,55.1,Consumer,Online,F. Moreau,false
SO-100763,2023-08-13,MEA,South Africa,Ink Bottle Sepia 50ml,Ink,2,18,0,36,Consumer,Wholesale,D. Rossi,false
SO-100766,2023-08-13,MEA,Kenya,Pen Case Canvas,Accessories,10,22,0.05,209,Consumer,Online,G. Patel,false
SO-103226,2023-08-13,APAC,India,Fountain Pen Brass,Writing,2,79,0.05,150.1,Consumer,Retail,H. Silva,false
SO-103370,2023-08-13,NA,Mexico,Planner 2024,Stationery,1,24,0,24,Consumer,Online,D. Rossi,false
SO-103558,2023-08-13,MEA,Kenya,Leather Journal Cover,Accessories,3,42,0,126,Consumer,Online,C. Nakamura,false
SO-105210,2023-08-13,NA,Canada,Monitor Riser Oak,Desk,2,64,0,128,Enterprise,Online,A. Okafor,false
SO-105264,2023-08-13,APAC,Australia,Planner 2024,Stationery,1,24,0,24,Small Business,Online,B. Lindqvist,false
SO-105974,2023-08-13,NA,Mexico,Quill Notebook A4,Stationery,3,16,0.05,45.6,Small Business,Online,B. Lindqvist,false
SO-100241,2023-08-14,APAC,Japan,Ink Cartridge Midnight,Ink,1,6.5,0.2,5.2,Small Business,Retail,A. Okafor,false
SO-100738,2023-08-14,APAC,Japan,Gel Pen 5-pack,Writing,2,9.9,0.1,17.82,Consumer,Online,B. Lindqvist,false
SO-101160,2023-08-14,EU,France,Calligraphy Starter Kit,Writing,1,58,0,58,Consumer,Retail,D. Rossi,false
SO-101700,2023-08-14,APAC,Japan,Gel Pen 5-pack,Writing,1,9.9,0,9.9,Small Business,Online,C. Nakamura,false
SO-102926,2023-08-14,LATAM,Chile,Pen Stand Walnut,Desk,1,29,0.1,26.1,Small Business,Online,D. Rossi,false
SO-103861,2023-08-14,MEA,South Africa,Pen Stand Walnut,Desk,1,29,0,29,Consumer,Online,B. Lindqvist,false
SO-104892,2023-08-14,NA,United States,Ink Cartridge Midnight,Ink,3,6.5,0.05,18.52,Consumer,Wholesale,D. Rossi,false
SO-105771,2023-08-14,MEA,South Africa,Ink Cartridge Midnight,Ink,3,6.5,0,19.5,Small Business,Online,E. Haddad,false
SO-101127,2023-08-15,NA,Canada,Gel Pen 5-pack,Writing,1,9.9,0,9.9,Consumer,Retail,D. Rossi,false
SO-102383,2023-08-15,LATAM,Brazil,Planner 2024,Stationery,2,24,0.1,43.2,Enterprise,Retail,E. Haddad,true
SO-104318,2023-08-15,APAC,Japan,Sticky Notes Pastel,Stationery,1,5.5,0,5.5,Small Business,Retail,H. Silva,false
SO-104321,2023-08-15,MEA,United Arab Emirates,Pen Case Canvas,Accessories,10,22,0,220,Consumer,Online,E. Haddad,true
SO-105291,2023-08-15,MEA,Kenya,Ink Bottle Sepia 50ml,Ink,10,18,0,180,Consumer,Online,C. Nakamura,false
SO-100381,2023-08-16,APAC,Singapore,Monitor Riser Oak,Desk,1,64,0.05,60.8,Consumer,Online,A. Okafor,false
SO-101126,2023-08-16,LATAM,Chile,Gel Pen 5-pack,Writing,3,9.9,0,29.7,Consumer,Wholesale,E. Haddad,false
SO-101443,2023-08-16,LATAM,Brazil,Fountain Pen Classic,Writing,2,48,0,96,Enterprise,Online,E. Haddad,false
SO-102185,2023-08-16,APAC,India,Quill Notebook A4,Stationery,3,16,0.05,45.6,Small Business,Online,G. Patel,false
SO-102673,2023-08-16,APAC,India,Quill Notebook A5,Stationery,3,12.5,0,37.5,Consumer,Retail,G. Patel,false
SO-102736,2023-08-16,EU,United Kingdom,Calligraphy Starter Kit,Writing,2,58,0,116,Small Business,Retail,G. Patel,false
SO-102745,2023-08-16,APAC,India,Calligraphy Starter Kit,Writing,1,58,0,58,Enterprise,Online,D. Rossi,false
SO-103240,2023-08-16,MEA,United Arab Emirates,Ink Bottle Sepia 50ml,Ink,5,18,0,90,Consumer,Online,B. Lindqvist,false
SO-103400,2023-08-16,APAC,India,Planner 2024,Stationery,5,24,0,120,Small Business,Wholesale,H. Silva,false
SO-104607,2023-08-16,EU,France,Quill Notebook A4,Stationery,2,16,0.1,28.8,Consumer,Retail,E. Haddad,false
SO-104816,2023-08-16,MEA,United Arab Emirates,Pen Case Canvas,Accessories,3,22,0,66,Consumer,Retail,E. Haddad,false
SO-105038,2023-08-16,LATAM,Chile,Ink Bottle Sepia 50ml,Ink,1,18,0,18,Consumer,Online,E. Haddad,false
SO-101847,2023-08-17,APAC,Japan,Pen Stand Walnut,Desk,3,29,0.1,78.3,Consumer,Online,D. Rossi,false
SO-102133,2023-08-17,NA,United States,Quill Notebook A5,Stationery,1,12.5,0,12.5,Enterprise,Online,C. Nakamura,false
SO-103681,2023-08-17,APAC,Singapore,Gel Pen 5-pack,Writing,2,9.9,0,19.8,Small Business,Online,B. Lindqvist,false
SO-104488,2023-08-17,LATAM,Chile,Quill Notebook A5,Stationery,1,12.5,0,12.5,Small Business,Retail,C. Nakamura,false
SO-104564,2023-08-17,EU,France,Fountain Pen Brass,Writing,1,79,0,79,Consumer,Retail,D. Rossi,false
SO-104625,2023-08-17,APAC,Australia,Pen Case Canvas,Accessories,1,22,0.1,19.8,Enterprise,Retail,C. Nakamura,false
SO-105360,2023-08-17,EU,United Kingdom,Gel Pen 5-pack,Writing,5,9.9,0,49.5,Enterprise,Online,H. Silva,false
SO-100840,2023-08-18,APAC,Australia,Quill Notebook A4,Stationery,2,16,0.05,30.4,Small Business,Online,E. Haddad,false
SO-101088,2023-08-18,NA,United States,Sticky Notes Pastel,Stationery,2,5.5,0,11,Small Business,Online,F. Moreau,false
SO-102187,2023-08-18,EU,Netherlands,Fountain Pen Classic,Writing,1,48,0,48,Consumer,Online,B. Lindqvist,false
SO-103604,2023-08-18,APAC,India,Desk Mat Linen,Desk,1,34,0.1,30.6,Small Business,Online,H. Silva,false
SO-103627,2023-08-18,APAC,India,Quill Notebook A4,Stationery,2,16,0,32,Consumer,Retail,B. Lindqvist,false
SO-104605,2023-08-18,EU,Spain,Gel Pen 5-pack,Writing,1,9.9,0,9.9,Consumer,Retail,B. Lindqvist,false
SO-104706,2023-08-18,LATAM,Argentina,Monitor Riser Oak,Desk,2,64,0,128,Consumer,Online,E. Haddad,false
SO-104725,2023-08-18,EU,Spain,Planner 2024,Stationery,2,24,0,48,Consumer,Online,H. Silva,false
SO-102073,2023-08-19,MEA,South Africa,Pen Stand Walnut,Desk,1,29,0,29,Enterprise,Online,A. Okafor,false
SO-102210,2023-08-19,APAC,Australia,Fountain Pen Classic,Writing,1,48,0,48,Enterprise,Online,E. Haddad,false
SO-103603,2023-08-19,MEA,Kenya,Fountain Pen Brass,Writing,2,79,0,158,Consumer,Online,H. Silva,false
SO-104383,2023-08-19,LATAM,Brazil,Quill Notebook A5,Stationery,2,12.5,0.1,22.5,Consumer,Online,D. Rossi,false
SO-104740,2023-08-19,LATAM,Argentina,Pen Stand Walnut,Desk,1,29,0,29,Consumer,Online,B. Lindqvist,false
SO-105304,2023-08-19,MEA,South Africa,Planner 2024,Stationery,3,24,0,72,Consumer,Retail,D. Rossi,false
SO-101112,2023-08-20,APAC,Singapore,Fountain Pen Classic,Writing,1,48,0.05,45.6,Consumer,Online,F. Moreau,false
SO-101982,2023-08-20,LATAM,Argentina,Gel Pen 5-pack,Writing,1,9.9,0,9.9,Consumer,Retail,G. Patel,false
SO-102142,2023-08-20,NA,Canada,Calligraphy Starter Kit,Writing,2,58,0,116,Consumer,Online,D. Rossi,false
SO-102982,2023-08-20,EU,Germany,Calligraphy Starter Kit,Writing,1,58,0,58,Consumer,Wholesale,E. Haddad,false
SO-103764,2023-08-20,EU,Germany,Ink Cartridge Midnight,Ink,2,6.5,0,13,Consumer,Wholesale,G. Patel,false
SO-103921,2023-08-20,LATAM,Argentina,Fountain Pen Brass,Writing,3,79,0,237,Enterprise,Online,H. Silva,false
SO-104957,2023-08-20,EU,Germany,Sticky Notes Pastel,Stationery,10,5.5,0.1,49.5,Consumer,Online,D. Rossi,false
SO-105673,2023-08-20,LATAM,Chile,Pen Stand Walnut,Desk,3,29,0.1,78.3,Consumer,Retail,D. Rossi,false
SO-101209,2023-08-21,APAC,India,Desk Mat Linen,Desk,2,34,0,68,Consumer,Online,D. Rossi,false
SO-101372,2023-08-21,NA,United States,Gel Pen 5-pack,Writing,3,9.9,0,29.7,Consumer,Online,C. Nakamura,false
SO-101750,2023-08-21,EU,United Kingdom,Leather Journal Cover,Accessories,5,42,0.1,189,Small Business,Retail,A. Okafor,false
SO-102408,2023-08-21,EU,Spain,Desk Mat Linen,Desk,1,34,0,34,Consumer,Online,A. Okafor,false
SO-102914,2023-08-21,LATAM,Brazil,Desk Mat Linen,Desk,2,34,0.1,61.2,Small Business,Wholesale,G. Patel,false
SO-103935,2023-08-21,EU,France,Sticky Notes Pastel,Stationery,2,5.5,0.2,8.8,Consumer,Online,D. Rossi,false
SO-104014,2023-08-21,APAC,India,Leather Journal Cover,Accessories,3,42,0,126,Consumer,Retail,D. Rossi,false
SO-104261,2023-08-21,NA,Canada,Pen Stand Walnut,Desk,1,29,0,29,Consumer,Wholesale,E. Haddad,false
SO-105156,2023-08-21,APAC,Singapore,Pen Stand Walnut,Desk,5,29,0.05,137.75,Consumer,Retail,C. Nakamura,false
SO-100325,2023-08-22,LATAM,Argentina,Monitor Riser Oak,Desk,2,64,0.05,121.6,Small Business,Online,G. Patel,false
SO-100905,2023-08-22,NA,Mexico,Ink Cartridge Midnight,Ink,1,6.5,0,6.5,Consumer,Online,B. Lindqvist,false
SO-100912,2023-08-22,LATAM,Chile,Pen Case Canvas,Accessories,3,22,0.05,62.7,Small Business,Online,B. Lindqvist,false
SO-102009,2023-08-22,MEA,South Africa,Leather Journal Cover,Accessories,5,42,0,210,Small Business,Online,B. Lindqvist,false
SO-102445,2023-08-22,APAC,Australia,Fountain Pen Brass,Writing,1,79,0.05,75.05,Enterprise,Retail,D. Rossi,false
SO-103956,2023-08-22,MEA,United Arab Emirates,Gel Pen 5-pack,Writing,1,9.9,0.05,9.4,Small Business,Retail,D. Rossi,false
SO-104460,2023-08-22,NA,United States,Quill Notebook A5,Stationery,1,12.5,0,12.5,Consumer,Online,F. Moreau,false
SO-104743,2023-08-22,EU,France,Fountain Pen Classic,Writing,3,48,0.05,136.8,Consumer,Online,F. Moreau,false
SO-100002,2023-08-23,MEA,Kenya,Fountain Pen Brass,Writing,1,79,0,79,Small Business,Online,H. Silva,false
SO-101991,2023-08-23,APAC,India,Monitor Riser Oak,Desk,3,64,0,192,Consumer,Retail,G. Patel,false
SO-102432,2023-08-23,EU,Germany,Planner 2024,Stationery,3,24,0.1,64.8,Consumer,Online,A. Okafor,false
SO-103898,2023-08-23,APAC,Japan,Quill Notebook A4,Stationery,1,16,0.1,14.4,Consumer,Online,B. Lindqvist,false
SO-104334,2023-08-23,EU,Netherlands,Pen Case Canvas,Accessories,3,22,0,66,Small Business,Online,C. Nakamura,false
SO-104876,2023-08-23,EU,Netherlands,Pen Stand Walnut,Desk,2,29,0.05,55.1,Consumer,Online,H. Silva,false
SO-104989,2023-08-23,MEA,United Arab Emirates,Calligraphy Starter Kit,Writing,3,58,0,174,Enterprise,Online,D. Rossi,true
SO-100008,2023-08-24,EU,Germany,Ink Bottle Sepia 50ml,Ink,1,18,0,18,Consumer,Online,D. Rossi,false
SO-100829,2023-08-24,APAC,Japan,Pen Stand Walnut,Desk,1,29,0,29,Small Business,Online,G. Patel,false
SO-101664,2023-08-24,NA,United States,Calligraphy Starter Kit,Writing,3,58,0.05,165.3,Consumer,Retail,D. Rossi,false
SO-102079,2023-08-24,APAC,Singapore,Gel Pen 5-pack,Writing,3,9.9,0,29.7,Small Business,Online,C. Nakamura,true
SO-103494,2023-08-24,LATAM,Chile,Monitor Riser Oak,Desk,3,64,0,192,Enterprise,Wholesale,H. Silva,false
SO-104357,2023-08-24,APAC,Singapore,Planner 2024,Stationery,2,24,0,48,Consumer,Wholesale,B. Lindqvist,false
SO-104417,2023-08-24,MEA,United Arab Emirates,Sticky Notes Pastel,Stationery,2,5.5,0,11,Small Business,Online,A. Okafor,false
SO-104799,2023-08-24,NA,United States,Pen Case Canvas,Accessories,1,22,0,22,Consumer,Online,B. Lindqvist,false
SO-105253,2023-08-24,LATAM,Chile,Leather Journal Cover,Accessories,5,42,0.05,199.5,Enterprise,Online,F. Moreau,false
SO-105697,2023-08-24,EU,United Kingdom,Quill Notebook A4,Stationery,3,16,0.05,45.6,Small Business,Wholesale,F. Moreau,false
SO-101085,2023-08-25,EU,United Kingdom,Sticky Notes Pastel,Stationery,2,5.5,0,11,Consumer,Online,A. Okafor,false
SO-101358,2023-08-25,MEA,United Arab Emirates,Quill Notebook A5,Stationery,1,12.5,0,12.5,Consumer,Online,G. Patel,false
SO-102874,2023-08-25,NA,Mexico,Fountain Pen Classic,Writing,2,48,0,96,Enterprise,Online,C. Nakamura,false
SO-103402,2023-08-25,APAC,India,Leather Journal Cover,Accessories,1,42,0.05,39.9,Consumer,Online,A. Okafor,false
SO-103543,2023-08-25,LATAM,Argentina,Quill Notebook A4,Stationery,1,16,0,16,Small Business,Online,B. Lindqvist,false
SO-104044,2023-08-25,NA,Canada,Ink Cartridge Midnight,Ink,3,6.5,0,19.5,Consumer,Retail,E. Haddad,false
SO-104927,2023-08-25,EU,United Kingdom,Planner 2024,Stationery,3,24,0.05,68.4,Small Business,Retail,D. Rossi,false
SO-105049,2023-08-25,NA,Canada,Monitor Riser Oak,Desk,1,64,0,64,Enterprise,Online,D. Rossi,false
SO-100229,2023-08-26,MEA,Kenya,Quill Notebook A5,Stationery,1,12.5,0,12.5,Consumer,Online,A. Okafor,false
SO-100689,2023-08-26,APAC,Japan,Ink Cartridge Midnight,Ink,5,6.5,0,32.5,Consumer,Online,C. Nakamura,false
SO-100760,2023-08-26,APAC,Australia,Ink Bottle Sepia 50ml,Ink,2,18,0.05,34.2,Consumer,Online,C. Nakamura,false
SO-100824,2023-08-26,NA,United States,Leather Journal Cover,Accessories,1,42,0,42,Small Business,Online,A. Okafor,false
SO-101356,2023-08-26,NA,United States,Monitor Riser Oak,Desk,1,64,0.05,60.8,Consumer,Online,F. Moreau,false
SO-102194,2023-08-26,LATAM,Brazil,Gel Pen 5-pack,Writing,2,9.9,0.1,17.82,Small Business,Online,F. Moreau,false
SO-104517,2023-08-26,EU,United Kingdom,Monitor Riser Oak,Desk,1,64,0.05,60.8,Consumer,Online,G. Patel,false
SO-105266,2023-08-26,MEA,South Africa,Ink Bottle Sepia 50ml,Ink,1,18,0,18,Consumer,Retail,D. Rossi,false
SO-102580,2023-08-27,APAC,India,Quill Notebook A5,Stationery,1,12.5,0,12.5,Small Business,Wholesale,A. Okafor,false
SO-102622,2023-08-27,MEA,South Africa,Quill Notebook A4,Stationery,1,16,0,16,Small Business,Online,B. Lindqvist,false
SO-103297,2023-08-27,EU,United Kingdom,Desk Mat Linen,Desk,2,34,0.1,61.2,Consumer,Online,D. Rossi,false
SO-103551,2023-08-27,LATAM,Argentina,Leather Journal Cover,Accessories,2,42,0.05,79.8,Small Business,Online,D. Rossi,false
SO-104854,2023-08-27,MEA,Kenya,Calligraphy Starter Kit,Writing,2,58,0.1,104.4,Small Business,Online,F. Moreau,false
SO-105331,2023-08-27,MEA,South Africa,Planner 2024,Stationery,1,24,0,24,Small Business,Wholesale,B. Lindqvist,false
SO-100449,2023-08-28,EU,Spain,Calligraphy Starter Kit,Writing,5,58,0,290,Consumer,Online,G. Patel,false
SO-100847,2023-08-28,MEA,South Africa,Desk Mat Linen,Desk,5,34,0,170,Small Business,Wholesale,C. Nakamura,false
SO-101103,2023-08-28,EU,Spain,Gel Pen 5-pack,Writing,5,9.9,0,49.5,Small Business,Online,C. Nakamura,false
SO-101581,2023-08-28,NA,Canada,Gel Pen 5-pack,Writing,5,9.9,0.1,44.55,Consumer,Online,G. Patel,false
SO-102388,2023-08-28,EU,Spain,Calligraphy Starter Kit,Writing,3,58,0,174,Consumer,Online,H. Silva,false
SO-103051,2023-08-28,APAC,Japan,Ink Bottle Sepia 50ml,Ink,3,18,0.05,51.3,Small Business,Online,F. Moreau,false
SO-103445,2023-08-28,MEA,United Arab Emirates,Monitor Riser Oak,Desk,1,64,0,64,Small Business,Online,C. Nakamura,false
SO-103936,2023-08-28,LATAM,Chile,Ink Cartridge Midnight,Ink,1,6.5,0.05,6.18,Consumer,Online,E. Haddad,false
SO-104666,2023-08-28,APAC,India,Desk Mat Linen,Desk,1,34,0,34,Enterprise,Retail,G. Patel,false
SO-104972,2023-08-28,NA,Canada,Quill Notebook A4,Stationery,1,16,0,16,Consumer,Online,F. Moreau,false
SO-105008,2023-08-28,NA,Canada,Planner 2024,Stationery,1,24,0.05,22.8,Consumer,Online,E. Haddad,false
SO-105494,2023-08-28,MEA,United Arab Emirates,Monitor Riser Oak,Desk,10,64,0,640,Consumer,Online,H. Silva,false
SO-100426,2023-08-29,NA,United States,Pen Stand Walnut,Desk,1,29,0.1,26.1,Small Business,Online,F. Moreau,false
SO-103591,2023-08-29,EU,Spain,Pen Stand Walnut,Desk,1,29,0,29,Consumer,Retail,B. Lindqvist,false
SO-103651,2023-08-29,LATAM,Chile,Pen Case Canvas,Accessories,1,22,0.1,19.8,Small Business,Online,B. Lindqvist,false
SO-103812,2023-08-29,NA,Mexico,Ink Bottle Sepia 50ml,Ink,5,18,0,90,Consumer,Online,F. Moreau,false
SO-105152,2023-08-29,APAC,Australia,Fountain Pen Classic,Writing,1,48,0.1,43.2,Consumer,Online,A. Okafor,false
SO-100228,2023-08-30,EU,France,Calligraphy Starter Kit,Writing,1,58,0.05,55.1,Consumer,Online,C. Nakamura,false
SO-100647,2023-08-30,LATAM,Brazil,Pen Stand Walnut,Desk,3,29,0,87,Consumer,Online,D. Rossi,false
SO-100772,2023-08-30,EU,Spain,Leather Journal Cover,Accessories,1,42,0,42,Enterprise,Online,F. Moreau,false
SO-102426,2023-08-30,NA,Canada,Pen Case Canvas,Accessories,1,22,0.2,17.6,Consumer,Online,A. Okafor,false
SO-102609,2023-08-30,APAC,Australia,Pen Case Canvas,Accessories,1,22,0.05,20.9,Small Business,Online,A. Okafor,false
SO-104682,2023-08-30,NA,United States,Planner 2024,Stationery,2,24,0,48,Enterprise,Retail,E. Haddad,false
SO-100110,2023-08-31,EU,Spain,Leather Journal Cover,Accessories,5,42,0,210,Enterprise,Online,B. Lindqvist,false
SO-100132,2023-08-31,NA,Mexico,Desk Mat Linen,Desk,2,34,0,68,Consumer,Retail,D. Rossi,false
SO-100384,2023-08-31,NA,United States,Sticky Notes Pastel,Stationery,2,5.5,0.1,9.9,Consumer,Online,F. Moreau,false
SO-101811,2023-08-31,APAC,India,Pen Case Canvas,Accessories,1,22,0,22,Small Business,Online,F. Moreau,false
SO-102123,2023-08-31,NA,Mexico,Quill Notebook A5,Stationery,1,12.5,0.2,10,Consumer,Online,E. Haddad,false
SO-102484,2023-08-31,NA,Mexico,Fountain Pen Brass,Writing,1,79,0,79,Consumer,Retail,B. Lindqvist,false
SO-103396,2023-08-31,NA,United States,Planner 2024,Stationery,2,24,0.05,45.6,Consumer,Online,G. Patel,false
SO-103711,2023-08-31,LATAM,Argentina,Leather Journal Cover,Accessories,3,42,0,126,Consumer,Retail,G. Patel,false
SO-103786,2023-08-31,LATAM,Argentina,Ink Cartridge Midnight,Ink,2,6.5,0,13,Small Business,Online,A. Okafor,false
SO-104090,2023-08-31,LATAM,Brazil,Desk Mat Linen,Desk,3,34,0,102,Consumer,Retail,A. Okafor,false
SO-105053,2023-08-31,NA,Canada,Planner 2024,Stationery,2,24,0.2,38.4,Consumer,Online,B. Lindqvist,false
SO-105353,2023-08-31,LATAM,Chile,Ink Cartridge Midnight,Ink,1,6.5,0,6.5,Small Business,Retail,D. Rossi,false
SO-105709,2023-08-31,APAC,Singapore,Desk Mat Linen,Desk,2,34,0.05,64.6,Enterprise,Retail,H. Silva,false
SO-100197,2023-09-01,LATAM,Brazil,Gel Pen 5-pack,Writing,10,9.9,0.1,89.1,Small Business,Online,G. Patel,false
SO-100986,2023-09-01,MEA,United Arab Emirates,Quill Notebook A4,Stationery,3,16,0,48,Small Business,Wholesale,H. Silva,false
SO-102741,2023-09-01,EU,Germany,Pen Stand Walnut,Desk,1,29,0.2,23.2,Consumer,Online,F. Moreau,false
SO-102888,2023-09-01,MEA,Kenya,Monitor Riser Oak,Desk,5,64,0,320,Small Business,Online,H. Silva,false
SO-105854,2023-09-01,APAC,Japan,Fountain Pen Brass,Writing,1,79,0,79,Consumer,Online,H. Silva,false
SO-100414,2023-09-02,APAC,Japan,Fountain Pen Classic,Writing,2,48,0.1,86.4,Small Business,Online,C. Nakamura,false
SO-100497,2023-09-02,MEA,Kenya,Sticky Notes Pastel,Stationery,3,5.5,0.1,14.85,Enterprise,Online,B. Lindqvist,false
SO-101170,2023-09-02,NA,United States,Quill Notebook A5,Stationery,1,12.5,0,12.5,Consumer,Retail,D. Rossi,false
SO-102890,2023-09-02,NA,Mexico,Ink Cartridge Midnight,Ink,2,6.5,0.2,10.4,Small Business,Online,C. Nakamura,false
SO-104438,2023-09-02,MEA,South Africa,Leather Journal Cover,Accessories,2,42,0,84,Enterprise,Online,F. Moreau,false
SO-104572,2023-09-02,LATAM,Chile,Ink Cartridge Midnight,Ink,2,6.5,0.2,10.4,Small Business,Wholesale,A. Okafor,false
SO-103057,2023-09-03,LATAM,Brazil,Quill Notebook A4,Stationery,10,16,0,160,Consumer,Retail,F. Moreau,false
SO-103544,2023-09-03,LATAM,Brazil,Ink Bottle Sepia 50ml,Ink,2,18,0,36,Consumer,Wholesale,H. Silva,false
SO-105167,2023-09-03,NA,United States,Quill Notebook A4,Stationery,1,16,0,16,Consumer,Retail,C. Nakamura,false
SO-102030,2023-09-04,APAC,Singapore,Ink Bottle Sepia 50ml,Ink,3,18,0.2,43.2,Small Business,Retail,A. Okafor,false
SO-102224,2023-09-04,MEA,South Africa,Planner 2024,Stationery,2,24,0,48,Small Business,Wholesale,G. Patel,false
SO-102346,2023-09-04,NA,Canada,Planner 2024,Stationery,1,24,0,24,Consumer,Retail,D. Rossi,false
SO-103777,2023-09-04,MEA,South Africa,Gel Pen 5-pack,Writing,1,9.9,0,9.9,Small Business,Retail,B. Lindqvist,false
SO-104077,2023-09-04,LATAM,Brazil,Pen Stand Walnut,Desk,3,29,0,87,Small Business,Online,E. Haddad,false
SO-105201,2023-09-04,EU,France,Planner 2024,Stationery,2,24,0,48,Small Business,Online,C. Nakamura,false
SO-101378,2023-09-05,MEA,South Africa,Ink Bottle Sepia 50ml,Ink,3,18,0.05,51.3,Consumer,Online,G. Patel,false
SO-101632,2023-09-05,APAC,India,Ink Cartridge Midnight,Ink,3,6.5,0,19.5,Consumer,Retail,F. Moreau,false
SO-103831,2023-09-05,MEA,Kenya,Quill Notebook A4,Stationery,1,16,0.05,15.2,Small Business,Wholesale,B. Lindqvist,false
SO-104592,2023-09-05,EU,France,Planner 2024,Stationery,1,24,0.2,19.2,Small Business,Online,G. Patel,false
SO-104738,2023-09-05,NA,United States,Monitor Riser Oak,Desk,1,64,0.05,60.8,Small Business,Online,E. Haddad,false
SO-104896,2023-09-05,EU,United Kingdom,Planner 2024,Stationery,3,24,0,72,Consumer,Retail,G. Patel,false
SO-104951,2023-09-05,EU,France,Ink Cartridge Midnight,Ink,3,6.5,0,19.5,Consumer,Online,H. Silva,false
SO-105302,2023-09-05,LATAM,Chile,Sticky Notes Pastel,Stationery,1,5.5,0,5.5,Consumer,Online,H. Silva,false
SO-105935,2023-09-05,APAC,India,Planner 2024,Stationery,1,24,0,24,Enterprise,Wholesale,F. Moreau,false
SO-101836,2023-09-06,NA,Canada,Pen Stand Walnut,Desk,1,29,0,29,Consumer,Wholesale,C. Nakamura,false
SO-103055,2023-09-06,LATAM,Argentina,Fountain Pen Classic,Writing,5,48,0.1,216,Consumer,Online,E. Haddad,false
SO-105640,2023-09-06,MEA,South Africa,Ink Cartridge Midnight,Ink,1,6.5,0.05,6.18,Enterprise,Online,D. Rossi,false
SO-105957,2023-09-06,MEA,United Arab Emirates,Quill Notebook A4,Stationery,3,16,0,48,Small Business,Online,A. Okafor,false
SO-100610,2023-09-07,NA,Canada,Calligraphy Starter Kit,Writing,1,58,0.1,52.2,Consumer,Wholesale,D. Rossi,false
SO-101673,2023-09-07,EU,United Kingdom,Planner 2024,Stationery,1,24,0,24,Consumer,Online,G. Patel,true
SO-101796,2023-09-07,EU,Germany,Desk Mat Linen,Desk,1,34,0.1,30.6,Enterprise,Retail,D. Rossi,true
SO-101910,2023-09-07,LATAM,Brazil,Ink Bottle Sepia 50ml,Ink,1,18,0.05,17.1,Enterprise,Retail,C. Nakamura,false
SO-101974,2023-09-07,NA,Canada,Planner 2024,Stationery,1,24,0.2,19.2,Consumer,Online,H. Silva,false
SO-102158,2023-09-07,MEA,Kenya,Planner 2024,Stationery,1,24,0,24,Consumer,Online,C. Nakamura,false
SO-102756,2023-09-07,LATAM,Chile,Ink Cartridge Midnight,Ink,1,6.5,0,6.5,Consumer,Online,A. Okafor,false
SO-103317,2023-09-07,APAC,Singapore,Ink Bottle Sepia 50ml,Ink,2,18,0.05,34.2,Consumer,Online,B. Lindqvist,false
SO-104106,2023-09-07,EU,United Kingdom,Planner 2024,Stationery,3,24,0.1,64.8,Consumer,Online,D. Rossi,false
SO-104567,2023-09-07,NA,Canada,Quill Notebook A4,Stationery,2,16,0.2,25.6,Consumer,Retail,C. Nakamura,false
SO-104571,2023-09-07,EU,Spain,Quill Notebook A4,Stationery,3,16,0,48,Small Business,Retail,F. Moreau,false
SO-105114,2023-09-07,LATAM,Brazil,Gel Pen 5-pack,Writing,1,9.9,0,9.9,Enterprise,Online,G. Patel,false
SO-101220,2023-09-08,APAC,Singapore,Sticky Notes Pastel,Stationery,10,5.5,0,55,Small Business,Retail,A. Okafor,false
SO-102790,2023-09-08,NA,Mexico,Pen Case Canvas,Accessories,1,22,0,22,Small Business,Wholesale,C. Nakamura,false
SO-103581,2023-09-08,LATAM,Chile,Gel Pen 5-pack,Writing,1,9.9,0.1,8.91,Small Business,Wholesale,B. Lindqvist,true
SO-103759,2023-09-08,LATAM,Argentina,Ink Bottle Sepia 50ml,Ink,1,18,0,18,Consumer,Online,G. Patel,false
SO-104159,2023-09-08,LATAM,Chile,Planner 2024,Stationery,1,24,0.05,22.8,Enterprise,Retail,D. Rossi,false
SO-105019,2023-09-08,EU,Spain,Pen Case Canvas,Accessories,1,22,0,22,Consumer,Online,A. Okafor,false
SO-105338,2023-09-08,NA,Canada,Fountain Pen Brass,Writing,2,79,0.05,150.1,Consumer,Retail,C. Nakamura,false
SO-105836,2023-09-08,MEA,United Arab Emirates,Sticky Notes Pastel,Stationery,2,5.5,0.1,9.9,Consumer,Retail,B. Lindqvist,false
SO-100076,2023-09-09,MEA,South Africa,Ink Cartridge Midnight,Ink,3,6.5,0.05,18.52,Small Business,Wholesale,D. Rossi,false
SO-101343,2023-09-09,APAC,Australia,Ink Cartridge Midnight,Ink,1,6.5,0,6.5,Consumer,Retail,H. Silva,false
SO-103934,2023-09-09,LATAM,Chile,Ink Cartridge Midnight,Ink,5,6.5,0,32.5,Consumer,Online,E. Haddad,false
SO-104673,2023-09-09,LATAM,Chile,Planner 2024,Stationery,3,24,0,72,Small Business,Online,G. Patel,false
SO-104902,2023-09-09,APAC,Australia,Quill Notebook A5,Stationery,2,12.5,0.2,20,Enterprise,Online,E. Haddad,false
SO-105276,2023-09-09,MEA,South Africa,Planner 2024,Stationery,2,24,0.05,45.6,Enterprise,Retail,G. Patel,false
SO-105470,2023-09-09,NA,United States,Pen Stand Walnut,Desk,2,29,0.05,55.1,Small Business,Online,H. Silva,false
SO-100126,2023-09-10,MEA,Kenya,Calligraphy Starter Kit,Writing,1,58,0.05,55.1,Small Business,Online,G. Patel,false
SO-102160,2023-09-10,LATAM,Chile,Sticky Notes Pastel,Stationery,2,5.5,0.1,9.9,Enterprise,Retail,H. Silva,false
SO-104079,2023-09-10,MEA,South Africa,Fountain Pen Classic,Writing,1,48,0.05,45.6,Consumer,Online,F. Moreau,false
SO-104285,2023-09-10,EU,Netherlands,Quill Notebook A5,Stationery,3,12.5,0,37.5,Consumer,Wholesale,H. Silva,false
SO-104484,2023-09-10,LATAM,Brazil,Pen Case Canvas,Accessories,3,22,0,66,Small Business,Wholesale,C. Nakamura,false
SO-105826,2023-09-10,EU,Spain,Pen Stand Walnut,Desk,1,29,0,29,Small Business,Retail,H. Silva,false
SO-101254,2023-09-11,EU,United Kingdom,Desk Mat Linen,Desk,3,34,0.05,96.9,Consumer,Retail,H. Silva,false
SO-102514,2023-09-11,MEA,Kenya,Pen Stand Walnut,Desk,3,29,0.05,82.65,Consumer,Wholesale,B. Lindqvist,false
SO-102907,2023-09-11,MEA,Kenya,Ink Cartridge Midnight,Ink,2,6.5,0,13,Consumer,Retail,C. Nakamura,false
SO-100163,2023-09-12,EU,Spain,Ink Cartridge Midnight,Ink,1,6.5,0,6.5,Consumer,Online,B. Lindqvist,false
SO-100393,2023-09-12,MEA,South Africa,Monitor Riser Oak,Desk,2,64,0,128,Consumer,Online,B. Lindqvist,false
SO-100830,2023-09-12,LATAM,Chile,Leather Journal Cover,Accessories,3,42,0.1,113.4,Enterprise,Online,H. Silva,false
SO-100845,2023-09-12,NA,United States,Fountain Pen Brass,Writing,2,79,0.05,150.1,Consumer,Online,F. Moreau,false
SO-100991,2023-09-12,MEA,Kenya,Planner 2024,Stationery,1,24,0,24,Small Business,Wholesale,E. Haddad,false
SO-102459,2023-09-12,LATAM,Brazil,Sticky Notes Pastel,Stationery,3,5.5,0.05,15.68,Small Business,Online,D. Rossi,false
SO-102513,2023-09-12,EU,France,Pen Stand Walnut,Desk,2,29,0,58,Consumer,Online,D. Rossi,false
SO-102540,2023-09-12,EU,Netherlands,Quill Notebook A5,Stationery,1,12.5,0,12.5,Consumer,Online,E. Haddad,false
SO-104221,2023-09-12,LATAM,Chile,Quill Notebook A5,Stationery,3,12.5,0,37.5,Small Business,Retail,F. Moreau,false
SO-105258,2023-09-12,LATAM,Chile,Gel Pen 5-pack,Writing,3,9.9,0,29.7,Small Business,Online,G. Patel,false
SO-105616,2023-09-12,APAC,Japan,Pen Case Canvas,Accessories,1,22,0.1,19.8,Enterprise,Online,G. Patel,false
SO-105668,2023-09-12,EU,Spain,Pen Case Canvas,Accessories,2,22,0.1,39.6,Consumer,Online,A. Okafor,false
SO-105865,2023-09-12,APAC,Singapore,Quill Notebook A5,Stationery,2,12.5,0.2,20,Consumer,Online,C. Nakamura,false
SO-101586,2023-09-13,LATAM,Chile,Calligraphy Starter Kit,Writing,1,58,0,58,Consumer,Retail,G. Patel,false
SO-101726,2023-09-13,EU,United Kingdom,Calligraphy Starter Kit,Writing,1,58,0,58,Consumer,Online,A. Okafor,false
SO-103947,2023-09-13,LATAM,Brazil,Ink Bottle Sepia 50ml,Ink,3,18,0,54,Consumer,Online,C. Nakamura,false
SO-105110,2023-09-13,MEA,South Africa,Leather Journal Cover,Accessories,2,42,0,84,Small Business,Online,F. Moreau,false
SO-105738,2023-09-13,LATAM,Brazil,Pen Stand Walnut,Desk,1,29,0,29,Small Business,Online,E. Haddad,false
SO-100236,2023-09-14,LATAM,Chile,Gel Pen 5-pack,Writing,2,9.9,0.1,17.82,Small Business,Online,F. Moreau,false
SO-101038,2023-09-14,EU,Germany,Leather Journal Cover,Accessories,5,42,0.2,168,Consumer,Online,B. Lindqvist,false
SO-101712,2023-09-14,MEA,South Africa,Calligraphy Starter Kit,Writing,1,58,0,58,Small Business,Online,E. Haddad,false
SO-101834,2023-09-14,MEA,South Africa,Ink Cartridge Midnight,Ink,1,6.5,0,6.5,Consumer,Online,B. Lindqvist,false
SO-103124,2023-09-14,MEA,Kenya,Gel Pen 5-pack,Writing,3,9.9,0,29.7,Small Business,Retail,A. Okafor,false
SO-103486,2023-09-14,NA,Canada,Ink Cartridge Midnight,Ink,1,6.5,0,6.5,Small Business,Online,A. Okafor,false
SO-104042,2023-09-14,APAC,Singapore,Pen Stand Walnut,Desk,5,29,0.05,137.75,Consumer,Online,A. Okafor,false
SO-104577,2023-09-14,LATAM,Argentina,Quill Notebook A5,Stationery,2,12.5,0,25,Consumer,Retail,H. Silva,false
SO-104794,2023-09-14,EU,France,Planner 2024,Stationery,1,24,0.05,22.8,Consumer,Online,A. Okafor,false
SO-100752,2023-09-15,APAC,India,Planner 2024,Stationery,1,24,0.1,21.6,Consumer,Retail,G. Patel,true
SO-101228,2023-09-15,NA,United States,Sticky Notes Pastel,Stationery,3,5.5,0.2,13.2,Consumer,Wholesale,F. Moreau,false
SO-101375,2023-09-15,MEA,South Africa,Quill Notebook A5,Stationery,10,12.5,0,125,Enterprise,Online,B. Lindqvist,false
SO-103361,2023-09-15,NA,Mexico,Ink Cartridge Midnight,Ink,2,6.5,0,13,Consumer,Wholesale,E. Haddad,false
SO-104023,2023-09-15,EU,United Kingdom,Fountain Pen Classic,Writing,3,48,0,144,Consumer,Online,F. Moreau,false
SO-104206,2023-09-15,NA,Canada,Desk Mat Linen,Desk,3,34,0,102,Small Business,Retail,F. Moreau,false
SO-104463,2023-09-15,APAC,Japan,Fountain Pen Brass,Writing,5,79,0.1,355.5,Small Business,Online,B. Lindqvist,false
SO-104975,2023-09-15,MEA,Kenya,Calligraphy Starter Kit,Writing,3,58,0.1,156.6,Enterprise,Online,C. Nakamura,false
SO-105532,2023-09-15,EU,Spain,Fountain Pen Brass,Writing,2,79,0.1,142.2,Consumer,Retail,C. Nakamura,false
SO-100193,2023-09-16,EU,France,Calligraphy Starter Kit,Writing,3,58,0,174,Small Business,Retail,G. Patel,false
SO-100859,2023-09-16,LATAM,Argentina,Gel Pen 5-pack,Writing,3,9.9,0.1,26.73,Small Business,Online,A. Okafor,false
SO-100909,2023-09-16,MEA,South Africa,Monitor Riser Oak,Desk,1,64,0.1,57.6,Consumer,Online,G. Patel,false
SO-101148,2023-09-16,MEA,South Africa,Ink Bottle Sepia 50ml,Ink,10,18,0,180,Consumer,Wholesale,B. Lindqvist,false
SO-102035,2023-09-16,NA,Mexico,Planner 2024,Stationery,3,24,0.2,57.6,Consumer,Retail,B. Lindqvist,false
SO-102595,2023-09-16,MEA,Kenya,Fountain Pen Brass,Writing,3,79,0.1,213.3,Consumer,Online,H. Silva,false
SO-103339,2023-09-16,LATAM,Argentina,Ink Bottle Sepia 50ml,Ink,3,18,0.05,51.3,Small Business,Online,F. Moreau,false
SO-104006,2023-09-16,APAC,Singapore,Quill Notebook A5,Stationery,5,12.5,0.05,59.38,Enterprise,Online,C. Nakamura,false
SO-105555,2023-09-16,MEA,South Africa,Desk Mat Linen,Desk,5,34,0.2,136,Enterprise,Wholesale,H. Silva,false
SO-105567,2023-09-16,MEA,South Africa,Gel Pen 5-pack,Writing,2,9.9,0,19.8,Consumer,Online,A. Okafor,false
SO-105804,2023-09-16,APAC,Singapore,Calligraphy Starter Kit,Writing,1,58,0.05,55.1,Consumer,Online,D. Rossi,false
SO-101303,2023-09-17,MEA,Kenya,Monitor Riser Oak,Desk,2,64,0,128,Consumer,Online,C. Nakamura,false
SO-101615,2023-09-17,APAC,India,Calligraphy Starter Kit,Writing,3,58,0.1,156.6,Enterprise,Online,A. Okafor,false
SO-101858,2023-09-17,MEA,United Arab Emirates,Monitor Riser Oak,Desk,1,64,0.05,60.8,Consumer,Online,A. Okafor,false
SO-103187,2023-09-17,EU,France,Sticky Notes Pastel,Stationery,1,5.5,0,5.5,Enterprise,Online,D. Rossi,false
SO-103703,2023-09-17,LATAM,Argentina,Pen Case Canvas,Accessories,3,22,0,66,Small Business,Online,A. Okafor,false
SO-104144,2023-09-17,APAC,Australia,Monitor Riser Oak,Desk,3,64,0.05,182.4,Enterprise,Online,H. Silva,false
SO-104026,2023-09-18,NA,Canada,Sticky Notes Pastel,Stationery,1,5.5,0,5.5,Consumer,Online,B. Lindqvist,false
SO-104562,2023-09-18,APAC,Australia,Leather Journal Cover,Accessories,2,42,0,84,Consumer,Online,G. Patel,false
SO-105129,2023-09-18,LATAM,Brazil,Calligraphy Starter Kit,Writing,1,58,0.1,52.2,Small Business,Retail,C. Nakamura,false
SO-105168,2023-09-18,EU,United Kingdom,Fountain Pen Classic,Writing,5,48,0.1,216,Consumer,Retail,B. Lindqvist,false
SO-105182,2023-09-18,EU,Spain,Desk Mat Linen,Desk,3,34,0,102,Consumer,Wholesale,C. Nakamura,false
SO-100556,2023-09-19,EU,France,Planner 2024,Stationery,2,24,0,48,Small Business,Retail,A. Okafor,false
SO-100898,2023-09-19,EU,United Kingdom,Quill Notebook A4,Stationery,2,16,0.1,28.8,Consumer,Retail,F. Moreau,false
SO-100931,2023-09-19,NA,United States,Pen Case Canvas,Accessories,2,22,0,44,Small Business,Retail,B. Lindqvist,false
SO-102014,2023-09-19,NA,Mexico,Gel Pen 5-pack,Writing,2,9.9,0,19.8,Enterprise,Online,F. Moreau,true
SO-100270,2023-09-20,MEA,Kenya,Pen Stand Walnut,Desk,1,29,0.05,27.55,Small Business,Retail,D. Rossi,false
SO-100380,2023-09-20,NA,United States,Quill Notebook A4,Stationery,1,16,0.05,15.2,Consumer,Online,E. Haddad,false
SO-100793,2023-09-20,MEA,Kenya,Pen Case Canvas,Accessories,1,22,0,22,Consumer,Retail,A. Okafor,false
SO-101142,2023-09-20,EU,Germany,Planner 2024,Stationery,1,24,0.1,21.6,Small Business,Online,F. Moreau,false
SO-101255,2023-09-20,NA,Mexico,Fountain Pen Classic,Writing,3,48,0,144,Consumer,Wholesale,C. Nakamura,false
SO-101784,2023-09-20,NA,United States,Pen Stand Walnut,Desk,1,29,0,29,Consumer,Wholesale,B. Lindqvist,false
SO-102692,2023-09-20,APAC,India,Desk Mat Linen,Desk,5,34,0,170,Consumer,Retail,H. Silva,false
SO-103740,2023-09-20,NA,Mexico,Leather Journal Cover,Accessories,1,42,0,42,Consumer,Retail,F. Moreau,false
SO-101748,2023-09-21,APAC,Singapore,Gel Pen 5-pack,Writing,1,9.9,0,9.9,Consumer,Retail,H. Silva,false
SO-102015,2023-09-21,MEA,Kenya,Leather Journal Cover,Accessories,2,42,0.1,75.6,Small Business,Online,B. Lindqvist,false
SO-102055,2023-09-21,LATAM,Chile,Pen Stand Walnut,Desk,1,29,0,29,Consumer,Retail,E. Haddad,false
SO-102062,2023-09-21,MEA,United Arab Emirates,Pen Case Canvas,Accessories,1,22,0.05,20.9,Consumer,Online,H. Silva,false
SO-105070,2023-09-21,APAC,Singapore,Planner 2024,Stationery,5,24,0.05,114,Enterprise,Retail,D. Rossi,false
SO-105225,2023-09-21,LATAM,Chile,Quill Notebook A5,Stationery,2,12.5,0,25,Consumer,Retail,E. Haddad,false
SO-105486,2023-09-21,NA,United States,Ink Bottle Sepia 50ml,Ink,2,18,0,36,Consumer,Online,D. Rossi,false
SO-105542,2023-09-21,EU,Spain,Pen Case Canvas,Accessories,1,22,0,22,Small Business,Retail,H. Silva,false
SO-105598,2023-09-21,EU,Germany,Monitor Riser Oak,Desk,5,64,0,320,Enterprise,Online,D. Rossi,false
SO-105648,2023-09-21,APAC,India,Ink Cartridge Midnight,Ink,5,6.5,0,32.5,Consumer,Retail,C. Nakamura,false
SO-105708,2023-09-21,LATAM,Brazil,Pen Case Canvas,Accessories,2,22,0.05,41.8,Small Business,Retail,F. Moreau,false
SO-105992,2023-09-21,APAC,Singapore,Sticky Notes Pastel,Stationery,2,5.5,0,11,Small Business,Retail,E. Haddad,false
SO-100068,2023-09-22,NA,Mexico,Quill Notebook A4,Stationery,2,16,0,32,Enterprise,Online,D. Rossi,false
SO-100920,2023-09-22,EU,United Kingdom,Calligraphy Starter Kit,Writing,5,58,0,290,Consumer,Retail,D. Rossi,false
SO-100955,2023-09-22,APAC,India,Quill Notebook A5,Stationery,3,12.5,0.1,33.75,Consumer,Online,A. Okafor,false
SO-101034,2023-09-22,MEA,South Africa,Ink Bottle Sepia 50ml,Ink,5,18,0,90,Small Business,Online,B. Lindqvist,false
SO-103032,2023-09-22,MEA,United Arab Emirates,Leather Journal Cover,Accessories,3,42,0.1,113.4,Small Business,Online,H. Silva,false
SO-104528,2023-09-22,NA,United States,Leather Journal Cover,Accessories,5,42,0,210,Enterprise,Online,E. Haddad,false
SO-104700,2023-09-22,LATAM,Argentina,Desk Mat Linen,Desk,2,34,0,68,Small Business,Online,B. Lindqvist,false
SO-100833,2023-09-23,EU,Spain,Fountain Pen Classic,Writing,3,48,0.05,136.8,Consumer,Online,F. Moreau,false
SO-102512,2023-09-23,EU,Netherlands,Quill Notebook A4,Stationery,1,16,0.05,15.2,Consumer,Online,B. Lindqvist,false
SO-103070,2023-09-23,EU,Spain,Desk Mat Linen,Desk,1,34,0.2,27.2,Consumer,Online,F. Moreau,false
SO-103177,2023-09-23,NA,Mexico,Leather Journal Cover,Accessories,2,42,0,84,Small Business,Online,A. Okafor,false
SO-103468,2023-09-23,EU,Spain,Quill Notebook A5,Stationery,1,12.5,0,12.5,Enterprise,Online,H. Silva,false
SO-103524,2023-09-23,APAC,Australia,Pen Case Canvas,Accessories,2,22,0,44,Small Business,Wholesale,F. Moreau,false
SO-104540,2023-09-23,NA,Canada,Quill Notebook A4,Stationery,2,16,0.05,30.4,Consumer,Online,F. Moreau,false
SO-105006,2023-09-23,APAC,Singapore,Pen Stand Walnut,Desk,3,29,0,87,Consumer,Retail,C. Nakamura,false
SO-105121,2023-09-23,MEA,South Africa,Sticky Notes Pastel,Stationery,3,5.5,0.1,14.85,Small Business,Wholesale,G. Patel,false
SO-105139,2023-09-23,MEA,Kenya,Ink Cartridge Midnight,Ink,1,6.5,0,6.5,Consumer,Online,G. Patel,false
SO-105426,2023-09-23,MEA,South Africa,Desk Mat Linen,Desk,2,34,0,68,Consumer,Online,F. Moreau,false
SO-105565,2023-09-23,APAC,Australia,Pen Case Canvas,Accessories,1,22,0,22,Consumer,Online,H. Silva,false
SO-100809,2023-09-24,EU,Germany,Monitor Riser Oak,Desk,1,64,0.05,60.8,Consumer,Online,G. Patel,false
SO-100916,2023-09-24,APAC,India,Gel Pen 5-pack,Writing,1,9.9,0.2,7.92,Small Business,Retail,D. Rossi,false
SO-101717,2023-09-24,EU,Spain,Fountain Pen Brass,Writing,10,79,0,790,Consumer,Retail,G. Patel,false
SO-101994,2023-09-24,MEA,United Arab Emirates,Planner 2024,Stationery,3,24,0.1,64.8,Consumer,Wholesale,F. Moreau,false
SO-103118,2023-09-24,APAC,Japan,Pen Case Canvas,Accessories,5,22,0,110,Small Business,Online,G. Patel,false
SO-103528,2023-09-24,APAC,Singapore,Fountain Pen Classic,Writing,2,48,0.05,91.2,Consumer,Retail,A. Okafor,false
SO-103588,2023-09-24,NA,Canada,Leather Journal Cover,Accessories,3,42,0,126,Consumer,Online,H. Silva,true
SO-103770,2023-09-24,MEA,Kenya,Pen Stand Walnut,Desk,5,29,0,145,Consumer,Online,D. Rossi,false
SO-104648,2023-09-24,NA,Mexico,Monitor Riser Oak,Desk,1,64,0,64,Consumer,Retail,A. Okafor,false
SO-104859,2023-09-24,LATAM,Brazil,Leather Journal Cover,Accessories,1,42,0,42,Small Business,Online,D. Rossi,false
SO-105171,2023-09-24,LATAM,Argentina,Leather Journal Cover,Accessories,1,42,0.05,39.9,Small Business,Wholesale,B. Lindqvist,false
SO-105736,2023-09-24,EU,Germany,Monitor Riser Oak,Desk,1,64,0,64,Consumer,Retail,C. Nakamura,true
SO-100130,2023-09-25,EU,Spain,Quill Notebook A4,Stationery,1,16,0,16,Consumer,Wholesale,E. Haddad,false
SO-100495,2023-09-25,EU,United Kingdom,Fountain Pen Classic,Writing,1,48,0.05,45.6,Consumer,Online,B. Lindqvist,false
SO-101069,2023-09-25,APAC,Japan,Planner 2024,Stationery,1,24,0,24,Consumer,Retail,B. Lindqvist,false
SO-101093,2023-09-25,NA,Canada,Desk Mat Linen,Desk,1,34,0,34,Consumer,Online,C. Nakamura,false
SO-101166,2023-09-25,EU,Germany,Leather Journal Cover,Accessories,2,42,0.1,75.6,Consumer,Online,F. Moreau,false
SO-101268,2023-09-25,MEA,South Africa,Pen Stand Walnut,Desk,1,29,0.05,27.55,Consumer,Online,G. Patel,false
SO-102606,2023-09-25,EU,Spain,Calligraphy Starter Kit,Writing,1,58,0,58,Consumer,Online,B. Lindqvist,false
SO-102933,2023-09-25,EU,Germany,Monitor Riser Oak,Desk,1,64,0,64,Small Business,Online,F. Moreau,false
SO-105050,2023-09-25,MEA,Kenya,Monitor Riser Oak,Desk,1,64,0.1,57.6,Consumer,Retail,B. Lindqvist,false
SO-105866,2023-09-25,EU,Spain,Desk Mat Linen,Desk,1,34,0,34,Small Business,Retail,D. Rossi,false
SO-100640,2023-09-26,APAC,Singapore,Ink Bottle Sepia 50ml,Ink,1,18,0.05,17.1,Consumer,Retail,H. Silva,false
SO-101971,2023-09-26,NA,United States,Pen Case Canvas,Accessories,3,22,0,66,Consumer,Retail,D. Rossi,false
SO-102153,2023-09-26,APAC,Singapore,Leather Journal Cover,Accessories,1,42,0,42,Consumer,Online,E. Haddad,false
SO-102322,2023-09-26,APAC,Singapore,Fountain Pen Classic,Writing,2,48,0,96,Consumer,Online,A. Okafor,false
SO-102854,2023-09-26,NA,Mexico,Ink Bottle Sepia 50ml,Ink,1,18,0,18,Small Business,Online,G. Patel,false
SO-103477,2023-09-26,APAC,Japan,Fountain Pen Brass,Writing,2,79,0.1,142.2,Consumer,Online,H. Silva,false
SO-103926,2023-09-26,LATAM,Chile,Quill Notebook A5,Stationery,5,12.5,0.1,56.25,Consumer,Retail,F. Moreau,false
SO-105336,2023-09-26,EU,Germany,Monitor Riser Oak,Desk,3,64,0,192,Consumer,Retail,C. Nakamura,false
SO-105530,2023-09-26,LATAM,Chile,Ink Cartridge Midnight,Ink,3,6.5,0,19.5,Small Business,Online,G. Patel,false
SO-105588,2023-09-26,NA,United States,Sticky Notes Pastel,Stationery,5,5.5,0,27.5,Small Business,Online,A. Okafor,false
SO-105624,2023-09-26,LATAM,Chile,Monitor Riser Oak,Desk,1,64,0.1,57.6,Consumer,Online,C. Nakamura,false
SO-100423,2023-09-27,MEA,South Africa,Quill Notebook A5,Stationery,1,12.5,0.2,10,Enterprise,Online,E. Haddad,false
SO-100620,2023-09-27,LATAM,Chile,Pen Case Canvas,Accessories,1,22,0.1,19.8,Small Business,Online,A. Okafor,false
SO-100777,2023-09-27,MEA,Kenya,Fountain Pen Brass,Writing,2,79,0,158,Consumer,Online,G. Patel,false
SO-101130,2023-09-27,MEA,South Africa,Quill Notebook A4,Stationery,2,16,0,32,Small Business,Wholesale,D. Rossi,false
SO-102329,2023-09-27,EU,Spain,Desk Mat Linen,Desk,1,34,0.05,32.3,Consumer,Wholesale,B. Lindqvist,false
SO-103007,2023-09-27,NA,United States,Gel Pen 5-pack,Writing,2,9.9,0,19.8,Consumer,Retail,E. Haddad,false
SO-103061,2023-09-27,LATAM,Brazil,Pen Stand Walnut,Desk,1,29,0,29,Enterprise,Online,G. Patel,false
SO-104020,2023-09-27,LATAM,Brazil,Gel Pen 5-pack,Writing,1,9.9,0,9.9,Consumer,Retail,C. Nakamura,false
SO-104867,2023-09-27,MEA,Kenya,Fountain Pen Classic,Writing,1,48,0.05,45.6,Consumer,Wholesale,D. Rossi,false
SO-105649,2023-09-27,APAC,Australia,Gel Pen 5-pack,Writing,1,9.9,0,9.9,Consumer,Online,B. Lindqvist,false
SO-105968,2023-09-27,EU,Spain,Ink Cartridge Midnight,Ink,2,6.5,0.1,11.7,Enterprise,Retail,F. Moreau,false
SO-101421,2023-09-28,NA,Canada,Pen Stand Walnut,Desk,2,29,0.05,55.1,Small Business,Online,B. Lindqvist,false
SO-101617,2023-09-28,APAC,India,Quill Notebook A5,Stationery,3,12.5,0,37.5,Consumer,Online,H. Silva,false
SO-101887,2023-09-28,LATAM,Chile,Desk Mat Linen,Desk,1,34,0,34,Consumer,Online,H. Silva,false
SO-101919,2023-09-28,EU,United Kingdom,Quill Notebook A4,Stationery,1,16,0.2,12.8,Small Business,Online,F. Moreau,false
SO-102879,2023-09-28,LATAM,Brazil,Leather Journal Cover,Accessories,2,42,0.1,75.6,Consumer,Retail,D. Rossi,false
SO-102965,2023-09-28,APAC,Singapore,Gel Pen 5-pack,Writing,1,9.9,0,9.9,Small Business,Retail,C. Nakamura,false
SO-102985,2023-09-28,LATAM,Argentina,Desk Mat Linen,Desk,2,34,0,68,Consumer,Retail,F. Moreau,false
SO-103656,2023-09-28,LATAM,Argentina,Gel Pen 5-pack,Writing,2,9.9,0,19.8,Consumer,Online,G. Patel,false
SO-105712,2023-09-28,APAC,Japan,Pen Case Canvas,Accessories,1,22,0.1,19.8,Small Business,Online,H. Silva,true
SO-102275,2023-09-29,MEA,United Arab Emirates,Quill Notebook A4,Stationery,3,16,0.1,43.2,Small Business,Retail,G. Patel,false
SO-103255,2023-09-29,MEA,South Africa,Fountain Pen Brass,Writing,2,79,0.2,126.4,Enterprise,Online,E. Haddad,true
SO-104000,2023-09-29,MEA,South Africa,Quill Notebook A4,Stationery,3,16,0,48,Consumer,Retail,H. Silva,false
SO-100233,2023-09-30,NA,United States,Leather Journal Cover,Accessories,1,42,0,42,Enterprise,Online,D. Rossi,false
SO-100632,2023-09-30,LATAM,Chile,Sticky Notes Pastel,Stationery,1,5.5,0.05,5.23,Small Business,Online,D. Rossi,false
SO-101181,2023-09-30,LATAM,Argentina,Quill Notebook A5,Stationery,1,12.5,0,12.5,Consumer,Online,H. Silva,false
SO-102229,2023-09-30,EU,France,Planner 2024,Stationery,1,24,0,24,Small Business,Retail,A. Okafor,false
SO-102302,2023-09-30,MEA,Kenya,Pen Stand Walnut,Desk,1,29,0.05,27.55,Small Business,Online,F. Moreau,false
SO-102364,2023-09-30,APAC,Singapore,Pen Stand Walnut,Desk,1,29,0.2,23.2,Small Business,Online,F. Moreau,false
SO-102870,2023-09-30,NA,United States,Pen Stand Walnut,Desk,2,29,0,58,Small Business,Retail,G. Patel,false
SO-103511,2023-09-30,NA,Canada,Fountain Pen Classic,Writing,1,48,0.2,38.4,Enterprise,Retail,D. Rossi,false
SO-103690,2023-09-30,APAC,Australia,Ink Cartridge Midnight,Ink,3,6.5,0,19.5,Consumer,Wholesale,H. Silva,false
SO-104131,2023-09-30,LATAM,Argentina,Ink Cartridge Midnight,Ink,2,6.5,0,13,Small Business,Wholesale,E. Haddad,false
SO-105272,2023-09-30,NA,Mexico,Planner 2024,Stationery,1,24,0,24,Small Business,Retail,A. Okafor,false
SO-105731,2023-09-30,EU,Germany,Ink Bottle Sepia 50ml,Ink,2,18,0,36,Small Business,Online,E. Haddad,false
SO-105894,2023-09-30,NA,Mexico,Desk Mat Linen,Desk,3,34,0,102,Consumer,Online,H. Silva,false
SO-101110,2023-10-01,NA,United States,Pen Case Canvas,Accessories,1,22,0,29.7,Consumer,Wholesale,G. Patel,false
SO-102094,2023-10-01,NA,United States,Ink Cartridge Midnight,Ink,2,6.5,0.1,15.8,Consumer,Online,A. Okafor,false
SO-102161,2023-10-01,MEA,United Arab Emirates,Leather Journal Cover,Accessories,1,42,0,56.7,Enterprise,Retail,D. Rossi,false
SO-102587,2023-10-01,APAC,Singapore,Leather Journal Cover,Accessories,5,42,0,283.5,Consumer,Wholesale,H. Silva,false
SO-102663,2023-10-01,NA,Canada,Ink Bottle Sepia 50ml,Ink,1,18,0,24.3,Small Business,Online,D. Rossi,false
SO-103274,2023-10-01,MEA,South Africa,Pen Case Canvas,Accessories,1,22,0,29.7,Consumer,Online,F. Moreau,false
SO-103674,2023-10-01,NA,United States,Quill Notebook A4,Stationery,2,16,0.1,38.88,Consumer,Retail,G. Patel,false
SO-103765,2023-10-01,NA,United States,Planner 2024,Stationery,2,24,0,64.8,Enterprise,Online,G. Patel,false
SO-100946,2023-10-02,MEA,South Africa,Pen Case Canvas,Accessories,1,22,0,29.7,Small Business,Online,D. Rossi,false
SO-101686,2023-10-02,APAC,India,Desk Mat Linen,Desk,2,34,0.1,82.62,Consumer,Online,B. Lindqvist,false
SO-102031,2023-10-02,EU,United Kingdom,Ink Bottle Sepia 50ml,Ink,3,18,0.05,69.26,Small Business,Online,D. Rossi,false
SO-102068,2023-10-02,LATAM,Brazil,Quill Notebook A5,Stationery,1,12.5,0,16.88,Small Business,Online,D. Rossi,false
SO-102961,2023-10-02,EU,France,Sticky Notes Pastel,Stationery,1,5.5,0,7.43,Consumer,Online,H. Silva,false
SO-103836,2023-10-02,LATAM,Brazil,Fountain Pen Brass,Writing,3,79,0.05,303.95,Small Business,Online,E. Haddad,false
SO-105341,2023-10-02,LATAM,Chile,Pen Case Canvas,Accessories,2,22,0,59.4,Consumer,Retail,C. Nakamura,false
SO-105403,2023-10-02,NA,Canada,Gel Pen 5-pack,Writing,1,9.9,0.05,12.7,Consumer,Retail,E. Haddad,false
SO-105680,2023-10-02,MEA,South Africa,Sticky Notes Pastel,Stationery,2,5.5,0,14.85,Consumer,Retail,C. Nakamura,false
SO-105897,2023-10-02,APAC,Australia,Fountain Pen Classic,Writing,3,48,0.1,174.96,Small Business,Online,F. Moreau,false
SO-102345,2023-10-03,NA,Mexico,Desk Mat Linen,Desk,1,34,0.05,43.61,Consumer,Online,H. Silva,false
SO-103152,2023-10-03,NA,Canada,Gel Pen 5-pack,Writing,1,9.9,0.05,12.7,Consumer,Retail,F. Moreau,false
SO-103620,2023-10-03,APAC,Australia,Pen Case Canvas,Accessories,1,22,0,29.7,Consumer,Wholesale,H. Silva,false
SO-105333,2023-10-03,APAC,Japan,Pen Case Canvas,Accessories,1,22,0,29.7,Small Business,Wholesale,F. Moreau,false
SO-101111,2023-10-04,APAC,Singapore,Quill Notebook A4,Stationery,1,16,0,21.6,Small Business,Retail,C. Nakamura,false
SO-102711,2023-10-04,APAC,Australia,Gel Pen 5-pack,Writing,10,9.9,0,133.65,Consumer,Online,D. Rossi,false
SO-104051,2023-10-04,NA,United States,Monitor Riser Oak,Desk,10,64,0,864,Consumer,Retail,C. Nakamura,false
SO-105166,2023-10-04,APAC,India,Desk Mat Linen,Desk,1,34,0.05,43.61,Consumer,Online,F. Moreau,false
SO-105384,2023-10-04,LATAM,Chile,Planner 2024,Stationery,1,24,0.05,30.78,Consumer,Online,D. Rossi,false
SO-105583,2023-10-04,NA,Canada,Pen Stand Walnut,Desk,2,29,0,78.3,Consumer,Retail,G. Patel,false
SO-100476,2023-10-05,EU,France,Ink Cartridge Midnight,Ink,10,6.5,0,87.75,Small Business,Wholesale,F. Moreau,false
SO-100767,2023-10-05,LATAM,Chile,Gel Pen 5-pack,Writing,3,9.9,0.05,38.09,Consumer,Online,H. Silva,true
SO-100857,2023-10-05,NA,Mexico,Fountain Pen Classic,Writing,1,48,0.05,61.56,Consumer,Online,B. Lindqvist,false
SO-101592,2023-10-05,NA,United States,Ink Cartridge Midnight,Ink,1,6.5,0,8.78,Consumer,Online,H. Silva,false
SO-102182,2023-10-05,NA,Mexico,Calligraphy Starter Kit,Writing,5,58,0,391.5,Small Business,Retail,F. Moreau,false
SO-102511,2023-10-05,LATAM,Chile,Monitor Riser Oak,Desk,3,64,0,259.2,Small Business,Online,B. Lindqvist,true
SO-103508,2023-10-05,EU,Netherlands,Monitor Riser Oak,Desk,5,64,0.1,388.8,Consumer,Retail,D. Rossi,false
SO-103790,2023-10-05,NA,United States,Quill Notebook A4,Stationery,2,16,0.05,41.04,Consumer,Online,D. Rossi,false
SO-104837,2023-10-05,APAC,Singapore,Ink Cartridge Midnight,Ink,1,6.5,0.2,7.02,Enterprise,Online,D. Rossi,false
SO-105420,2023-10-05,LATAM,Chile,Gel Pen 5-pack,Writing,1,9.9,0,13.37,Consumer,Online,G. Patel,false
SO-101282,2023-10-06,MEA,South Africa,Ink Bottle Sepia 50ml,Ink,10,18,0,243,Enterprise,Online,E. Haddad,false
SO-103592,2023-10-06,NA,United States,Quill Notebook A4,Stationery,1,16,0.05,20.52,Enterprise,Retail,G. Patel,false
SO-104094,2023-10-06,MEA,United Arab Emirates,Pen Case Canvas,Accessories,1,22,0.05,28.22,Consumer,Retail,A. Okafor,false
SO-104341,2023-10-06,MEA,South Africa,Pen Stand Walnut,Desk,1,29,0,39.15,Consumer,Online,H. Silva,false
SO-105016,2023-10-06,APAC,Australia,Calligraphy Starter Kit,Writing,5,58,0.1,352.35,Consumer,Online,F. Moreau,false
SO-100334,2023-10-07,LATAM,Brazil,Calligraphy Starter Kit,Writing,2,58,0,156.6,Consumer,Online,E. Haddad,false
SO-100894,2023-10-07,LATAM,Argentina,Desk Mat Linen,Desk,1,34,0.1,41.31,Small Business,Online,E. Haddad,false
SO-101072,2023-10-07,APAC,Singapore,Fountain Pen Brass,Writing,2,79,0,213.3,Enterprise,Retail,B. Lindqvist,false
SO-101441,2023-10-07,APAC,Singapore,Desk Mat Linen,Desk,2,34,0,91.8,Consumer,Retail,F. Moreau,false
SO-101633,2023-10-07,LATAM,Argentina,Monitor Riser Oak,Desk,3,64,0.05,246.24,Small Business,Online,C. Nakamura,false
SO-102078,2023-10-07,NA,Canada,Pen Case Canvas,Accessories,3,22,0,89.1,Small Business,Retail,F. Moreau,false
SO-104089,2023-10-07,EU,Netherlands,Pen Stand Walnut,Desk,3,29,0,117.45,Enterprise,Online,F. Moreau,false
SO-104161,2023-10-07,EU,Spain,Quill Notebook A5,Stationery,2,12.5,0,33.75,Enterprise,Retail,F. Moreau,false
SO-100816,2023-10-08,MEA,Kenya,Desk Mat Linen,Desk,2,34,0,91.8,Small Business,Online,B. Lindqvist,false
SO-101943,2023-10-08,LATAM,Chile,Monitor Riser Oak,Desk,10,64,0,864,Consumer,Wholesale,D. Rossi,false
SO-102316,2023-10-08,LATAM,Chile,Gel Pen 5-pack,Writing,3,9.9,0.05,38.09,Small Business,Retail,A. Okafor,false
SO-102568,2023-10-08,APAC,Singapore,Pen Case Canvas,Accessories,3,22,0.1,80.19,Enterprise,Retail,E. Haddad,false
SO-102611,2023-10-08,APAC,Japan,Pen Case Canvas,Accessories,3,22,0.2,71.28,Consumer,Online,E. Haddad,false
SO-103099,2023-10-08,MEA,South Africa,Ink Bottle Sepia 50ml,Ink,2,18,0,48.6,Consumer,Retail,C. Nakamura,false
SO-103337,2023-10-08,APAC,Australia,Quill Notebook A4,Stationery,2,16,0,43.2,Consumer,Online,E. Haddad,false
SO-105270,2023-10-08,LATAM,Brazil,Planner 2024,Stationery,2,24,0.1,58.32,Small Business,Online,F. Moreau,false
SO-105414,2023-10-08,EU,United Kingdom,Fountain Pen Classic,Writing,2,48,0,129.6,Consumer,Online,A. Okafor,false
SO-105686,2023-10-08,EU,United Kingdom,Sticky Notes Pastel,Stationery,2,5.5,0.05,14.11,Consumer,Wholesale,H. Silva,false
SO-101395,2023-10-09,LATAM,Chile,Ink Cartridge Midnight,Ink,1,6.5,0.05,8.34,Consumer,Retail,B. Lindqvist,false
SO-102522,2023-10-09,MEA,United Arab Emirates,Quill Notebook A4,Stationery,1,16,0,21.6,Consumer,Online,F. Moreau,false
SO-102818,2023-10-09,EU,France,Fountain Pen Classic,Writing,2,48,0.05,123.12,Small Business,Online,D. Rossi,false
SO-103103,2023-10-09,LATAM,Chile,Planner 2024,Stationery,3,24,0.1,87.48,Consumer,Online,B. Lindqvist,false
SO-103583,2023-10-09,MEA,Kenya,Leather Journal Cover,Accessories,3,42,0.05,161.6,Consumer,Retail,F. Moreau,false
SO-105084,2023-10-09,MEA,Kenya,Gel Pen 5-pack,Writing,3,9.9,0,40.1,Consumer,Online,D. Rossi,false
SO-100731,2023-10-10,APAC,India,Planner 2024,Stationery,2,24,0.1,58.32,Consumer,Online,G. Patel,false
SO-101309,2023-10-10,EU,Spain,Pen Case Canvas,Accessories,3,22,0.05,84.65,Enterprise,Online,B. Lindqvist,false
SO-101311,2023-10-10,EU,Netherlands,Sticky Notes Pastel,Stationery,1,5.5,0,7.43,Small Business,Retail,G. Patel,false
SO-101491,2023-10-10,MEA,South Africa,Calligraphy Starter Kit,Writing,2,58,0.05,148.77,Enterprise,Retail,A. Okafor,true
SO-103165,2023-10-10,NA,United States,Quill Notebook A4,Stationery,1,16,0.1,19.44,Consumer,Retail,D. Rossi,false
SO-103276,2023-10-10,MEA,United Arab Emirates,Pen Case Canvas,Accessories,1,22,0,29.7,Consumer,Retail,A. Okafor,false
SO-103420,2023-10-10,EU,United Kingdom,Pen Case Canvas,Accessories,2,22,0,59.4,Consumer,Retail,C. Nakamura,false
SO-103948,2023-10-10,LATAM,Argentina,Quill Notebook A4,Stationery,1,16,0,21.6,Consumer,Online,A. Okafor,false
SO-104184,2023-10-10,APAC,Singapore,Pen Stand Walnut,Desk,3,29,0,117.45,Small Business,Online,A. Okafor,false
SO-104535,2023-10-10,EU,Netherlands,Quill Notebook A4,Stationery,1,16,0,21.6,Small Business,Wholesale,H. Silva,false
SO-105091,2023-10-10,MEA,Kenya,Calligraphy Starter Kit,Writing,1,58,0,78.3,Consumer,Retail,D. Rossi,false
SO-105189,2023-10-10,APAC,Singapore,Fountain Pen Brass,Writing,1,79,0,106.65,Consumer,Retail,C. Nakamura,true
SO-100458,2023-10-11,NA,United States,Sticky Notes Pastel,Stationery,3,5.5,0.05,21.16,Consumer,Online,D. Rossi,false
SO-101302,2023-10-11,LATAM,Brazil,Ink Bottle Sepia 50ml,Ink,1,18,0.2,19.44,Consumer,Online,C. Nakamura,false
SO-103054,2023-10-11,APAC,India,Planner 2024,Stationery,3,24,0,97.2,Consumer,Online,C. Nakamura,false
SO-104052,2023-10-11,APAC,India,Planner 2024,Stationery,1,24,0,32.4,Small Business,Online,D. Rossi,false
SO-104409,2023-10-11,LATAM,Brazil,Quill Notebook A5,Stationery,10,12.5,0,168.75,Small Business,Wholesale,G. Patel,false
SO-104722,2023-10-11,APAC,Australia,Gel Pen 5-pack,Writing,1,9.9,0.1,12.03,Small Business,Online,B. Lindqvist,false
SO-105471,2023-10-11,EU,Germany,Calligraphy Starter Kit,Writing,1,58,0,78.3,Small Business,Retail,C. Nakamura,false
SO-105742,2023-10-11,EU,Spain,Fountain Pen Classic,Writing,2,48,0,129.6,Enterprise,Retail,G. Patel,false
SO-100040,2023-10-12,EU,Spain,Quill Notebook A5,Stationery,2,12.5,0.05,32.06,Consumer,Retail,E. Haddad,false
SO-102144,2023-10-12,LATAM,Argentina,Quill Notebook A5,Stationery,2,12.5,0,33.75,Consumer,Wholesale,H. Silva,false
SO-102413,2023-10-12,LATAM,Brazil,Planner 2024,Stationery,2,24,0.2,51.84,Small Business,Online,F. Moreau,false
SO-103835,2023-10-12,APAC,Japan,Ink Cartridge Midnight,Ink,3,6.5,0,26.33,Consumer,Online,B. Lindqvist,false
SO-104437,2023-10-12,APAC,Australia,Sticky Notes Pastel,Stationery,2,5.5,0.05,14.11,Enterprise,Wholesale,D. Rossi,false
SO-100111,2023-10-13,LATAM,Argentina,Quill Notebook A5,Stationery,1,12.5,0,16.88,Consumer,Online,B. Lindqvist,false
SO-101223,2023-10-13,EU,Spain,Pen Stand Walnut,Desk,1,29,0,39.15,Consumer,Online,H. Silva,false
SO-101804,2023-10-13,LATAM,Argentina,Desk Mat Linen,Desk,2,34,0.05,87.21,Enterprise,Retail,D. Rossi,false
SO-102541,2023-10-13,EU,United Kingdom,Ink Bottle Sepia 50ml,Ink,3,18,0,72.9,Consumer,Retail,B. Lindqvist,false
SO-103072,2023-10-13,LATAM,Chile,Ink Cartridge Midnight,Ink,3,6.5,0,26.33,Consumer,Online,F. Moreau,false
SO-103123,2023-10-13,EU,France,Pen Stand Walnut,Desk,2,29,0.05,74.38,Small Business,Online,D. Rossi,false
SO-103566,2023-10-13,LATAM,Brazil,Monitor Riser Oak,Desk,2,64,0,172.8,Small Business,Retail,H. Silva,false
SO-104766,2023-10-13,NA,United States,Pen Stand Walnut,Desk,3,29,0.1,105.71,Consumer,Online,G. Patel,false
SO-105926,2023-10-13,APAC,India,Fountain Pen Classic,Writing,1,48,0,64.8,Consumer,Online,G. Patel,false
SO-100269,2023-10-14,NA,Mexico,Quill Notebook A4,Stationery,3,16,0,64.8,Small Business,Wholesale,G. Patel,false
SO-101208,2023-10-14,NA,United States,Ink Bottle Sepia 50ml,Ink,5,18,0,121.5,Consumer,Online,A. Okafor,false
SO-101720,2023-10-14,EU,France,Monitor Riser Oak,Desk,1,64,0.05,82.08,Enterprise,Wholesale,B. Lindqvist,false
SO-102423,2023-10-14,NA,Canada,Pen Stand Walnut,Desk,1,29,0.1,35.24,Enterprise,Online,A. Okafor,false
SO-102585,2023-10-14,LATAM,Brazil,Calligraphy Starter Kit,Writing,1,58,0,78.3,Consumer,Wholesale,D. Rossi,false
SO-102716,2023-10-14,NA,Canada,Pen Stand Walnut,Desk,1,29,0,39.15,Consumer,Online,D. Rossi,false
SO-102752,2023-10-14,NA,United States,Pen Case Canvas,Accessories,3,22,0,89.1,Small Business,Online,A. Okafor,false
SO-104254,2023-10-14,MEA,Kenya,Quill Notebook A5,Stationery,1,12.5,0.05,16.03,Consumer,Online,H. Silva,false
SO-105784,2023-10-14,NA,Canada,Fountain Pen Classic,Writing,2,48,0,129.6,Consumer,Online,D. Rossi,false
SO-103428,2023-10-15,MEA,Kenya,Ink Cartridge Midnight,Ink,2,6.5,0.05,16.67,Consumer,Online,E. Haddad,false
SO-104578,2023-10-15,MEA,United Arab Emirates,Quill Notebook A5,Stationery,2,12.5,0.1,30.38,Small Business,Retail,A. Okafor,false
SO-104784,2023-10-15,NA,Mexico,Planner 2024,Stationery,3,24,0,97.2,Consumer,Retail,A. Okafor,false
SO-105841,2023-10-15,EU,France,Fountain Pen Brass,Writing,1,79,0,106.65,Small Business,Online,G. Patel,true
SO-100094,2023-10-16,APAC,Singapore,Fountain Pen Classic,Writing,1,48,0.05,61.56,Consumer,Online,D. Rossi,false
SO-100160,2023-10-16,APAC,Singapore,Quill Notebook A5,Stationery,5,12.5,0,84.38,Consumer,Online,C. Nakamura,false
SO-100547,2023-10-16,EU,Spain,Monitor Riser Oak,Desk,1,64,0.1,77.76,Small Business,Online,G. Patel,false
SO-101966,2023-10-16,EU,Germany,Calligraphy Starter Kit,Writing,1,58,0,78.3,Consumer,Online,H. Silva,false
SO-103798,2023-10-16,MEA,Kenya,Quill Notebook A4,Stationery,1,16,0,21.6,Small Business,Retail,H. Silva,false
SO-105853,2023-10-16,MEA,United Arab Emirates,Monitor Riser Oak,Desk,1,64,0,86.4,Consumer,Online,B. Lindqvist,false
SO-100868,2023-10-17,NA,Canada,Planner 2024,Stationery,2,24,0,64.8,Small Business,Retail,D. Rossi,false
SO-101280,2023-10-17,MEA,United Arab Emirates,Quill Notebook A5,Stationery,3,12.5,0,50.63,Small Business,Online,F. Moreau,false
SO-101394,2023-10-17,MEA,United Arab Emirates,Desk Mat Linen,Desk,1,34,0.05,43.61,Enterprise,Online,D. Rossi,false
SO-102677,2023-10-17,APAC,India,Ink Bottle Sepia 50ml,Ink,1,18,0.05,23.08,Consumer,Retail,H. Silva,false
SO-102781,2023-10-17,MEA,United Arab Emirates,Sticky Notes Pastel,Stationery,1,5.5,0,7.43,Consumer,Online,F. Moreau,false
SO-103616,2023-10-17,EU,Spain,Leather Journal Cover,Accessories,1,42,0.05,53.87,Consumer,Online,C. Nakamura,false
SO-103666,2023-10-17,EU,Spain,Planner 2024,Stationery,1,24,0,32.4,Consumer,Retail,D. Rossi,false
SO-103860,2023-10-17,MEA,South Africa,Ink Cartridge Midnight,Ink,2,6.5,0,17.55,Consumer,Online,B. Lindqvist,false
SO-104455,2023-10-17,NA,United States,Gel Pen 5-pack,Writing,2,9.9,0.1,24.06,Consumer,Retail,F. Moreau,false
SO-104497,2023-10-17,MEA,South Africa,Pen Stand Walnut,Desk,1,29,0.05,37.19,Enterprise,Wholesale,G. Patel,false
SO-100129,2023-10-18,NA,Canada,Sticky Notes Pastel,Stationery,2,5.5,0.05,14.11,Small Business,Online,F. Moreau,false
SO-100994,2023-10-18,APAC,Australia,Gel Pen 5-pack,Writing,3,9.9,0.05,38.09,Consumer,Online,H. Silva,false
SO-101116,2023-10-18,EU,Spain,Ink Bottle Sepia 50ml,Ink,2,18,0.1,43.74,Consumer,Online,A. Okafor,false
SO-101176,2023-10-18,LATAM,Chile,Pen Stand Walnut,Desk,3,29,0,117.45,Consumer,Retail,E. Haddad,false
SO-101226,2023-10-18,EU,France,Monitor Riser Oak,Desk,3,64,0,259.2,Consumer,Online,D. Rossi,false
SO-101691,2023-10-18,APAC,Singapore,Pen Case Canvas,Accessories,3,22,0.2,71.28,Consumer,Online,A. Okafor,false
SO-103950,2023-10-18,EU,United Kingdom,Planner 2024,Stationery,3,24,0,97.2,Small Business,Online,G. Patel,false
SO-105418,2023-10-18,APAC,Japan,Monitor Riser Oak,Desk,3,64,0.2,207.36,Consumer,Online,E. Haddad,false
SO-100576,2023-10-19,APAC,Australia,Quill Notebook A4,Stationery,3,16,0,64.8,Small Business,Wholesale,H. Silva,false
SO-101382,2023-10-19,MEA,South Africa,Pen Case Canvas,Accessories,1,22,0.05,28.22,Small Business,Retail,G. Patel,false
SO-101931,2023-10-19,NA,Canada,Fountain Pen Brass,Writing,1,79,0,106.65,Consumer,Online,F. Moreau,false
SO-102029,2023-10-19,MEA,United Arab Emirates,Fountain Pen Classic,Writing,1,48,0,64.8,Consumer,Wholesale,B. Lindqvist,false
SO-102554,2023-10-19,APAC,Australia,Leather Journal Cover,Accessories,5,42,0,283.5,Consumer,Wholesale,A. Okafor,false
SO-102655,2023-10-19,MEA,South Africa,Sticky Notes Pastel,Stationery,2,5.5,0.05,14.11,Small Business,Online,A. Okafor,false
SO-102721,2023-10-19,EU,Germany,Ink Bottle Sepia 50ml,Ink,1,18,0,24.3,Small Business,Online,D. Rossi,false
SO-103186,2023-10-19,EU,Netherlands,Quill Notebook A5,Stationery,3,12.5,0,50.63,Small Business,Retail,E. Haddad,false
SO-103203,2023-10-19,LATAM,Argentina,Fountain Pen Brass,Writing,2,79,0,213.3,Small Business,Online,C. Nakamura,true
SO-104331,2023-10-19,NA,Canada,Calligraphy Starter Kit,Writing,1,58,0,78.3,Consumer,Retail,A. Okafor,false
SO-105370,2023-10-19,APAC,India,Fountain Pen Classic,Writing,1,48,0,64.8,Small Business,Online,G. Patel,false
SO-105967,2023-10-19,LATAM,Brazil,Quill Notebook A4,Stationery,1,16,0.1,19.44,Small Business,Online,B. Lindqvist,false
SO-105988,2023-10-19,EU,Spain,Pen Stand Walnut,Desk,1,29,0,39.15,Small Business,Online,H. Silva,false
SO-100123,2023-10-20,LATAM,Brazil,Desk Mat Linen,Desk,1,34,0.05,43.61,Consumer,Retail,D. Rossi,false
SO-101389,2023-10-20,APAC,India,Quill Notebook A4,Stationery,2,16,0,43.2,Consumer,Online,A. Okafor,false
SO-101455,2023-10-20,APAC,Australia,Ink Bottle Sepia 50ml,Ink,5,18,0,121.5,Small Business,Online,H. Silva,false
SO-102285,2023-10-20,NA,Mexico,Fountain Pen Brass,Writing,1,79,0.1,95.99,Consumer,Online,G. Patel,false
SO-103262,2023-10-20,NA,United States,Fountain Pen Classic,Writing,1,48,0,64.8,Consumer,Online,B. Lindqvist,false
SO-104253,2023-10-20,MEA,United Arab Emirates,Fountain Pen Classic,Writing,1,48,0,64.8,Consumer,Online,G. Patel,false
SO-104923,2023-10-20,MEA,South Africa,Quill Notebook A4,Stationery,2,16,0,43.2,Small Business,Online,G. Patel,false
SO-105018,2023-10-20,APAC,India,Quill Notebook A5,Stationery,1,12.5,0,16.88,Consumer,Online,E. Haddad,false
SO-105103,2023-10-20,LATAM,Chile,Pen Case Canvas,Accessories,5,22,0.05,141.08,Consumer,Online,G. Patel,false
SO-105803,2023-10-20,NA,Canada,Pen Case Canvas,Accessories,1,22,0,29.7,Enterprise,Online,A. Okafor,false
SO-102475,2023-10-21,MEA,Kenya,Fountain Pen Brass,Writing,1,79,0,106.65,Consumer,Online,C. Nakamura,false
SO-103849,2023-10-21,MEA,South Africa,Planner 2024,Stationery,3,24,0.05,92.34,Small Business,Online,F. Moreau,false
SO-104376,2023-10-21,LATAM,Argentina,Desk Mat Linen,Desk,1,34,0.05,43.61,Enterprise,Retail,D. Rossi,false
SO-104713,2023-10-21,MEA,United Arab Emirates,Calligraphy Starter Kit,Writing,3,58,0.05,223.16,Consumer,Online,B. Lindqvist,false
SO-100708,2023-10-22,APAC,Japan,Calligraphy Starter Kit,Writing,1,58,0,78.3,Consumer,Online,C. Nakamura,false
SO-100882,2023-10-22,MEA,United Arab Emirates,Fountain Pen Brass,Writing,3,79,0,319.95,Consumer,Online,D. Rossi,false
SO-101151,2023-10-22,MEA,United Arab Emirates,Quill Notebook A5,Stationery,1,12.5,0.2,13.5,Consumer,Online,E. Haddad,false
SO-101986,2023-10-22,NA,Mexico,Fountain Pen Brass,Writing,2,79,0.05,202.64,Consumer,Retail,G. Patel,false
SO-103304,2023-10-22,APAC,Japan,Monitor Riser Oak,Desk,1,64,0.05,82.08,Small Business,Online,H. Silva,false
SO-103536,2023-10-22,EU,Netherlands,Calligraphy Starter Kit,Writing,5,58,0,391.5,Consumer,Online,B. Lindqvist,false
SO-103753,2023-10-22,LATAM,Argentina,Planner 2024,Stationery,1,24,0,32.4,Consumer,Retail,D. Rossi,false
SO-103901,2023-10-22,EU,Netherlands,Monitor Riser Oak,Desk,1,64,0,86.4,Enterprise,Retail,E. Haddad,false
SO-105526,2023-10-22,LATAM,Argentina,Desk Mat Linen,Desk,2,34,0,91.8,Consumer,Online,F. Moreau,false
SO-100934,2023-10-23,MEA,United Arab Emirates,Desk Mat Linen,Desk,3,34,0,137.7,Small Business,Retail,F. Moreau,false
SO-101015,2023-10-23,APAC,Japan,Calligraphy Starter Kit,Writing,5,58,0,391.5,Small Business,Retail,A. Okafor,false
SO-101250,2023-10-23,APAC,Singapore,Gel Pen 5-pack,Writing,3,9.9,0.05,38.09,Enterprise,Retail,A. Okafor,false
SO-101290,2023-10-23,EU,Netherlands,Sticky Notes Pastel,Stationery,1,5.5,0,7.43,Consumer,Online,H. Silva,false
SO-102657,2023-10-23,MEA,United Arab Emirates,Fountain Pen Brass,Writing,3,79,0.1,287.96,Consumer,Online,D. Rossi,false
SO-103084,2023-10-23,APAC,India,Pen Case Canvas,Accessories,5,22,0.2,118.8,Consumer,Online,H. Silva,false
SO-104001,2023-10-23,MEA,South Africa,Calligraphy Starter Kit,Writing,5,58,0.1,352.35,Consumer,Wholesale,G. Patel,false
SO-104860,2023-10-23,LATAM,Chile,Monitor Riser Oak,Desk,3,64,0,259.2,Consumer,Online,E. Haddad,false
SO-100696,2023-10-24,LATAM,Chile,Fountain Pen Classic,Writing,1,48,0.05,61.56,Enterprise,Retail,A. Okafor,false
SO-101514,2023-10-24,NA,United States,Desk Mat Linen,Desk,1,34,0.2,36.72,Small Business,Retail,A. Okafor,false
SO-103093,2023-10-24,EU,Germany,Ink Bottle Sepia 50ml,Ink,2,18,0,48.6,Consumer,Online,F. Moreau,false
SO-103393,2023-10-24,MEA,South Africa,Quill Notebook A5,Stationery,2,12.5,0.2,27,Consumer,Wholesale,C. Nakamura,false
SO-104614,2023-10-24,APAC,Singapore,Pen Stand Walnut,Desk,1,29,0,39.15,Small Business,Online,B. Lindqvist,false
SO-105593,2023-10-24,MEA,Kenya,Sticky Notes Pastel,Stationery,2,5.5,0.2,11.88,Small Business,Online,G. Patel,false
SO-101984,2023-10-25,NA,United States,Fountain Pen Classic,Writing,2,48,0.1,116.64,Consumer,Online,G. Patel,false
SO-102326,2023-10-25,EU,Germany,Quill Notebook A5,Stationery,1,12.5,0,16.88,Consumer,Retail,B. Lindqvist,false
SO-102828,2023-10-25,MEA,Kenya,Pen Case Canvas,Accessories,2,22,0.1,53.46,Consumer,Online,C. Nakamura,false
SO-102869,2023-10-25,APAC,Australia,Calligraphy Starter Kit,Writing,1,58,0.1,70.47,Consumer,Retail,B. Lindqvist,false
SO-103618,2023-10-25,MEA,Kenya,Fountain Pen Brass,Writing,1,79,0,106.65,Small Business,Retail,D. Rossi,false
SO-103911,2023-10-25,APAC,India,Monitor Riser Oak,Desk,2,64,0.1,155.52,Consumer,Retail,F. Moreau,false
SO-104083,2023-10-25,EU,United Kingdom,Ink Cartridge Midnight,Ink,1,6.5,0.1,7.9,Consumer,Online,D. Rossi,false
SO-104351,2023-10-25,NA,Mexico,Fountain Pen Brass,Writing,2,79,0,213.3,Small Business,Online,A. Okafor,false
SO-104621,2023-10-25,NA,United States,Quill Notebook A4,Stationery,1,16,0.05,20.52,Consumer,Online,H. Silva,false
SO-104717,2023-10-25,EU,United Kingdom,Gel Pen 5-pack,Writing,1,9.9,0,13.37,Consumer,Online,C. Nakamura,true
SO-105048,2023-10-25,MEA,United Arab Emirates,Fountain Pen Classic,Writing,10,48,0,648,Small Business,Online,E. Haddad,false
SO-105666,2023-10-25,EU,United Kingdom,Fountain Pen Classic,Writing,2,48,0,129.6,Consumer,Wholesale,E. Haddad,false
SO-105744,2023-10-25,EU,Germany,Ink Bottle Sepia 50ml,Ink,3,18,0.2,58.32,Small Business,Online,D. Rossi,false
SO-100254,2023-10-26,NA,Canada,Fountain Pen Brass,Writing,1,79,0,106.65,Small Business,Online,D. Rossi,false
SO-100773,2023-10-26,EU,Germany,Quill Notebook A4,Stationery,5,16,0.05,102.6,Enterprise,Retail,B. Lindqvist,false
SO-101427,2023-10-26,MEA,South Africa,Calligraphy Starter Kit,Writing,1,58,0,78.3,Consumer,Online,E. Haddad,false
SO-102208,2023-10-26,APAC,Australia,Desk Mat Linen,Desk,1,34,0,45.9,Enterprise,Online,C. Nakamura,false
SO-102386,2023-10-26,APAC,India,Fountain Pen Brass,Writing,3,79,0,319.95,Consumer,Online,B. Lindqvist,false
SO-100029,2023-10-27,APAC,Australia,Pen Case Canvas,Accessories,1,22,0,29.7,Consumer,Online,A. Okafor,false
SO-101044,2023-10-27,LATAM,Chile,Sticky Notes Pastel,Stationery,1,5.5,0.2,5.94,Small Business,Online,B. Lindqvist,false
SO-101308,2023-10-27,NA,Mexico,Fountain Pen Brass,Writing,2,79,0.1,191.97,Enterprise,Online,F. Moreau,false
SO-103198,2023-10-27,NA,Canada,Quill Notebook A5,Stationery,1,12.5,0,16.88,Consumer,Retail,B. Lindqvist,false
SO-103631,2023-10-27,APAC,Singapore,Quill Notebook A4,Stationery,1,16,0,21.6,Small Business,Online,D. Rossi,false
SO-103734,2023-10-27,MEA,Kenya,Monitor Riser Oak,Desk,1,64,0,86.4,Consumer,Retail,H. Silva,false
SO-103914,2023-10-27,APAC,India,Ink Bottle Sepia 50ml,Ink,5,18,0,121.5,Consumer,Online,H. Silva,false
SO-104228,2023-10-27,MEA,South Africa,Desk Mat Linen,Desk,3,34,0,137.7,Enterprise,Wholesale,B. Lindqvist,false
SO-105014,2023-10-27,NA,Canada,Planner 2024,Stationery,2,24,0,64.8,Consumer,Online,F. Moreau,false
SO-105188,2023-10-27,LATAM,Chile,Fountain Pen Brass,Writing,1,79,0,106.65,Small Business,Retail,D. Rossi,false
SO-100979,2023-10-28,NA,Canada,Planner 2024,Stationery,1,24,0.2,25.92,Consumer,Retail,G. Patel,false
SO-102889,2023-10-28,MEA,Kenya,Pen Stand Walnut,Desk,2,29,0,78.3,Enterprise,Online,E. Haddad,false
SO-104954,2023-10-28,MEA,United Arab Emirates,Gel Pen 5-pack,Writing,1,9.9,0,13.37,Consumer,Online,C. Nakamura,false
SO-105206,2023-10-28,LATAM,Chile,Fountain Pen Brass,Writing,1,79,0,106.65,Small Business,Retail,F. Moreau,false
SO-105737,2023-10-28,LATAM,Argentina,Leather Journal Cover,Accessories,1,42,0,56.7,Small Business,Online,E. Haddad,false
SO-100001,2023-10-29,APAC,India,Ink Bottle Sepia 50ml,Ink,5,18,0.1,109.35,Enterprise,Wholesale,G. Patel,false
SO-100017,2023-10-29,NA,Mexico,Quill Notebook A4,Stationery,2,16,0.05,41.04,Consumer,Online,E. Haddad,false
SO-100577,2023-10-29,EU,Germany,Calligraphy Starter Kit,Writing,2,58,0.1,140.94,Consumer,Retail,E. Haddad,false
SO-101810,2023-10-29,APAC,Singapore,Ink Cartridge Midnight,Ink,2,6.5,0,17.55,Consumer,Online,B. Lindqvist,false
SO-102195,2023-10-29,MEA,United Arab Emirates,Gel Pen 5-pack,Writing,2,9.9,0,26.73,Enterprise,Online,H. Silva,true
SO-102280,2023-10-29,APAC,Japan,Monitor Riser Oak,Desk,1,64,0,86.4,Consumer,Online,C. Nakamura,false
SO-102391,2023-10-29,APAC,Australia,Sticky Notes Pastel,Stationery,2,5.5,0,14.85,Consumer,Online,D. Rossi,false
SO-102563,2023-10-29,LATAM,Argentina,Monitor Riser Oak,Desk,5,64,0,432,Small Business,Online,B. Lindqvist,false
SO-103363,2023-10-29,LATAM,Argentina,Gel Pen 5-pack,Writing,1,9.9,0.05,12.7,Consumer,Online,F. Moreau,false
SO-103501,2023-10-29,APAC,Japan,Ink Bottle Sepia 50ml,Ink,1,18,0,24.3,Enterprise,Online,G. Patel,false
SO-105717,2023-10-29,APAC,Japan,Sticky Notes Pastel,Stationery,10,5.5,0,74.25,Small Business,Online,E. Haddad,false
SO-100307,2023-10-30,EU,France,Ink Cartridge Midnight,Ink,1,6.5,0,8.78,Small Business,Online,H. Silva,false
SO-102034,2023-10-30,MEA,United Arab Emirates,Quill Notebook A4,Stationery,1,16,0,21.6,Consumer,Wholesale,G. Patel,false
SO-103972,2023-10-30,APAC,India,Pen Stand Walnut,Desk,2,29,0,78.3,Consumer,Online,E. Haddad,false
SO-105522,2023-10-30,EU,United Kingdom,Gel Pen 5-pack,Writing,3,9.9,0,40.1,Small Business,Online,G. Patel,false
SO-100004,2023-10-31,MEA,South Africa,Quill Notebook A5,Stationery,1,12.5,0,16.88,Consumer,Retail,A. Okafor,false
SO-100995,2023-10-31,NA,United States,Pen Stand Walnut,Desk,1,29,0.05,37.19,Consumer,Online,H. Silva,false
SO-101347,2023-10-31,EU,United Kingdom,Desk Mat Linen,Desk,1,34,0,45.9,Consumer,Retail,B. Lindqvist,false
SO-101666,2023-10-31,LATAM,Argentina,Quill Notebook A4,Stationery,1,16,0,21.6,Small Business,Online,F. Moreau,true
SO-102245,2023-10-31,LATAM,Argentina,Ink Cartridge Midnight,Ink,1,6.5,0.1,7.9,Consumer,Online,F. Moreau,false
SO-102381,2023-10-31,MEA,United Arab Emirates,Pen Stand Walnut,Desk,1,29,0,39.15,Consumer,Retail,A. Okafor,false
SO-102523,2023-10-31,LATAM,Chile,Quill Notebook A4,Stationery,1,16,0,21.6,Enterprise,Online,E. Haddad,false
SO-103537,2023-10-31,MEA,United Arab Emirates,Leather Journal Cover,Accessories,1,42,0.05,53.87,Consumer,Online,B. Lindqvist,false
SO-100255,2023-11-01,APAC,Australia,Quill Notebook A4,Stationery,1,16,0.05,20.52,Consumer,Wholesale,D. Rossi,false
SO-100812,2023-11-01,MEA,United Arab Emirates,Fountain Pen Brass,Writing,2,79,0.05,202.64,Small Business,Online,D. Rossi,false
SO-102048,2023-11-01,APAC,India,Ink Bottle Sepia 50ml,Ink,1,18,0.1,21.87,Enterprise,Retail,C. Nakamura,false
SO-102131,2023-11-01,APAC,Singapore,Quill Notebook A4,Stationery,1,16,0.1,19.44,Consumer,Online,H. Silva,false
SO-102257,2023-11-01,MEA,Kenya,Fountain Pen Brass,Writing,3,79,0,319.95,Small Business,Online,F. Moreau,false
SO-102472,2023-11-01,APAC,Australia,Desk Mat Linen,Desk,10,34,0,459,Small Business,Online,F. Moreau,false
SO-102971,2023-11-01,APAC,Singapore,Quill Notebook A4,Stationery,1,16,0,21.6,Small Business,Retail,E. Haddad,false
SO-103421,2023-11-01,NA,United States,Ink Cartridge Midnight,Ink,1,6.5,0.05,8.34,Enterprise,Retail,F. Moreau,false
SO-104219,2023-11-01,EU,United Kingdom,Ink Cartridge Midnight,Ink,1,6.5,0,8.78,Consumer,Retail,A. Okafor,false
SO-104287,2023-11-01,APAC,Australia,Desk Mat Linen,Desk,3,34,0,137.7,Consumer,Online,H. Silva,false
SO-105576,2023-11-01,NA,Mexico,Ink Bottle Sepia 50ml,Ink,1,18,0,24.3,Consumer,Online,H. Silva,false
SO-100253,2023-11-02,MEA,Kenya,Planner 2024,Stationery,1,24,0.2,25.92,Consumer,Wholesale,G. Patel,false
SO-100531,2023-11-02,MEA,South Africa,Sticky Notes Pastel,Stationery,3,5.5,0,22.28,Small Business,Retail,C. Nakamura,false
SO-102293,2023-11-02,APAC,Japan,Gel Pen 5-pack,Writing,3,9.9,0,40.1,Consumer,Retail,F. Moreau,false
SO-102306,2023-11-02,EU,Spain,Quill Notebook A5,Stationery,1,12.5,0,16.88,Consumer,Online,C. Nakamura,false
SO-102468,2023-11-02,NA,United States,Ink Cartridge Midnight,Ink,5,6.5,0,43.88,Consumer,Retail,B. Lindqvist,false
SO-102845,2023-11-02,LATAM,Argentina,Fountain Pen Brass,Writing,2,79,0,213.3,Consumer,Online,B. Lindqvist,false
SO-103612,2023-11-02,MEA,United Arab Emirates,Ink Cartridge Midnight,Ink,3,6.5,0.1,23.69,Consumer,Wholesale,G. Patel,false
SO-104059,2023-11-02,LATAM,Chile,Sticky Notes Pastel,Stationery,3,5.5,0,22.28,Small Business,Retail,C. Nakamura,false
SO-105306,2023-11-02,MEA,Kenya,Fountain Pen Brass,Writing,2,79,0,213.3,Consumer,Retail,C. Nakamura,false
SO-102675,2023-11-03,EU,Germany,Fountain Pen Brass,Writing,10,79,0.1,959.85,Consumer,Wholesale,G. Patel,false
SO-103403,2023-11-03,MEA,Kenya,Monitor Riser Oak,Desk,1,64,0,86.4,Small Business,Online,A. Okafor,false
SO-103547,2023-11-03,APAC,Australia,Ink Cartridge Midnight,Ink,5,6.5,0.05,41.68,Consumer,Wholesale,D. Rossi,false
SO-103954,2023-11-03,NA,Canada,Gel Pen 5-pack,Writing,2,9.9,0,26.73,Consumer,Retail,A. Okafor,false
SO-104147,2023-11-03,NA,Canada,Fountain Pen Brass,Writing,1,79,0,106.65,Small Business,Online,H. Silva,false
SO-101863,2023-11-04,LATAM,Chile,Quill Notebook A4,Stationery,2,16,0,43.2,Consumer,Online,B. Lindqvist,false
SO-103050,2023-11-04,LATAM,Argentina,Fountain Pen Classic,Writing,2,48,0.1,116.64,Consumer,Retail,C. Nakamura,false
SO-103399,2023-11-04,MEA,Kenya,Fountain Pen Brass,Writing,3,79,0,319.95,Small Business,Retail,E. Haddad,false
SO-105199,2023-11-04,MEA,Kenya,Gel Pen 5-pack,Writing,1,9.9,0,13.37,Consumer,Online,C. Nakamura,false
SO-105308,2023-11-04,EU,Germany,Ink Cartridge Midnight,Ink,2,6.5,0.05,16.67,Consumer,Retail,G. Patel,false
SO-105436,2023-11-04,NA,Canada,Calligraphy Starter Kit,Writing,5,58,0,391.5,Consumer,Wholesale,D. Rossi,false
SO-105822,2023-11-04,EU,France,Leather Journal Cover,Accessories,1,42,0,56.7,Consumer,Wholesale,D. Rossi,false
SO-100000,2023-11-05,LATAM,Chile,Sticky Notes Pastel,Stationery,2,5.5,0.1,13.37,Consumer,Online,D. Rossi,false
SO-100225,2023-11-05,NA,Canada,Fountain Pen Classic,Writing,3,48,0,194.4,Small Business,Online,G. Patel,false
SO-102434,2023-11-05,EU,Germany,Monitor Riser Oak,Desk,1,64,0.05,82.08,Small Business,Online,E. Haddad,true
SO-102720,2023-11-05,LATAM,Brazil,Monitor Riser Oak,Desk,3,64,0,259.2,Consumer,Online,B. Lindqvist,false
SO-103480,2023-11-05,LATAM,Chile,Pen Stand Walnut,Desk,2,29,0.1,70.47,Small Business,Online,C. Nakamura,false
SO-105452,2023-11-05,LATAM,Brazil,Quill Notebook A4,Stationery,5,16,0.1,97.2,Consumer,Wholesale,G. Patel,false
SO-103148,2023-11-06,EU,Netherlands,Monitor Riser Oak,Desk,1,64,0,86.4,Small Business,Online,C. Nakamura,false
SO-104002,2023-11-06,NA,Mexico,Ink Bottle Sepia 50ml,Ink,2,18,0.2,38.88,Enterprise,Retail,C. Nakamura,false
SO-104169,2023-11-06,EU,Spain,Fountain Pen Brass,Writing,3,79,0.05,303.95,Consumer,Online,H. Silva,false
SO-105678,2023-11-06,NA,Canada,Pen Stand Walnut,Desk,2,29,0,78.3,Enterprise,Online,G. Patel,false
SO-105782,2023-11-06,NA,Canada,Desk Mat Linen,Desk,2,34,0.1,82.62,Small Business,Retail,F. Moreau,false
SO-100169,2023-11-07,EU,France,Quill Notebook A4,Stationery,5,16,0,108,Consumer,Retail,B. Lindqvist,false
SO-100403,2023-11-07,NA,Mexico,Ink Cartridge Midnight,Ink,5,6.5,0.05,41.68,Consumer,Online,A. Okafor,true
SO-100607,2023-11-07,NA,Mexico,Pen Stand Walnut,Desk,1,29,0.05,37.19,Small Business,Retail,B. Lindqvist,false
SO-103031,2023-11-07,NA,United States,Desk Mat Linen,Desk,3,34,0,137.7,Consumer,Retail,D. Rossi,false
SO-103332,2023-11-07,LATAM,Chile,Planner 2024,Stationery,1,24,0.05,30.78,Consumer,Online,E. Haddad,false
SO-104352,2023-11-07,APAC,Singapore,Monitor Riser Oak,Desk,10,64,0.1,777.6,Consumer,Retail,E. Haddad,false
SO-104361,2023-11-07,EU,United Kingdom,Sticky Notes Pastel,Stationery,3,5.5,0,22.28,Small Business,Wholesale,H. Silva,false
SO-105560,2023-11-07,APAC,Singapore,Pen Stand Walnut,Desk,5,29,0,195.75,Consumer,Online,D. Rossi,false
SO-105980,2023-11-07,MEA,United Arab Emirates,Planner 2024,Stationery,5,24,0,162,Consumer,Online,B. Lindqvist,false
SO-100056,2023-11-08,LATAM,Chile,Gel Pen 5-pack,Writing,2,9.9,0,26.73,Consumer,Retail,H. Silva,false
SO-101727,2023-11-08,APAC,Australia,Planner 2024,Stationery,1,24,0.2,25.92,Enterprise,Wholesale,D. Rossi,false
SO-102713,2023-11-08,APAC,India,Pen Case Canvas,Accessories,3,22,0,89.1,Consumer,Retail,E. Haddad,false
SO-103333,2023-11-08,LATAM,Chile,Leather Journal Cover,Accessories,1,42,0,56.7,Enterprise,Online,G. Patel,false
SO-103900,2023-11-08,EU,Spain,Monitor Riser Oak,Desk,2,64,0,172.8,Consumer,Retail,E. Haddad,false
SO-105239,2023-11-08,NA,Mexico,Quill Notebook A4,Stationery,3,16,0.1,58.32,Small Business,Online,F. Moreau,false
SO-100499,2023-11-09,LATAM,Brazil,Gel Pen 5-pack,Writing,1,9.9,0,13.37,Consumer,Online,B. Lindqvist,false
SO-100721,2023-11-09,APAC,Japan,Desk Mat Linen,Desk,5,34,0,229.5,Consumer,Wholesale,F. Moreau,false
SO-100993,2023-11-09,NA,United States,Fountain Pen Brass,Writing,1,79,0.05,101.32,Consumer,Online,B. Lindqvist,false
SO-101011,2023-11-09,LATAM,Argentina,Pen Case Canvas,Accessories,1,22,0,29.7,Small Business,Retail,C. Nakamura,false
SO-101346,2023-11-09,EU,United Kingdom,Ink Bottle Sepia 50ml,Ink,5,18,0.1,109.35,Small Business,Retail,B. Lindqvist,false
SO-102223,2023-11-09,APAC,Australia,Gel Pen 5-pack,Writing,3,9.9,0,40.1,Consumer,Retail,H. Silva,false
SO-102458,2023-11-09,NA,Mexico,Quill Notebook A5,Stationery,1,12.5,0,16.88,Consumer,Retail,D. Rossi,false
SO-102887,2023-11-09,EU,Netherlands,Ink Cartridge Midnight,Ink,3,6.5,0,26.33,Consumer,Retail,F. Moreau,false
SO-103439,2023-11-09,MEA,South Africa,Fountain Pen Brass,Writing,1,79,0,106.65,Small Business,Online,C. Nakamura,false
SO-104508,2023-11-09,MEA,South Africa,Sticky Notes Pastel,Stationery,2,5.5,0,14.85,Consumer,Retail,C. Nakamura,false
SO-104788,2023-11-09,NA,Canada,Pen Case Canvas,Accessories,2,22,0.1,53.46,Small Business,Online,G. Patel,false
SO-105458,2023-11-09,NA,United States,Desk Mat Linen,Desk,1,34,0.05,43.61,Small Business,Online,B. Lindqvist,true
SO-105528,2023-11-09,APAC,Japan,Desk Mat Linen,Desk,3,34,0,137.7,Small Business,Retail,G. Patel,false
SO-105884,2023-11-09,LATAM,Brazil,Gel Pen 5-pack,Writing,1,9.9,0.05,12.7,Consumer,Online,D. Rossi,false
SO-100205,2023-11-10,MEA,South Africa,Sticky Notes Pastel,Stationery,1,5.5,0.05,7.05,Enterprise,Retail,A. Okafor,false
SO-100385,2023-11-10,LATAM,Brazil,Fountain Pen Classic,Writing,1,48,0,64.8,Consumer,Online,E. Haddad,false
SO-101977,2023-11-10,APAC,Australia,Quill Notebook A4,Stationery,1,16,0.05,20.52,Consumer,Online,H. Silva,false
SO-102341,2023-11-10,EU,Spain,Fountain Pen Brass,Writing,3,79,0,319.95,Small Business,Online,B. Lindqvist,false
SO-102378,2023-11-10,APAC,Japan,Fountain Pen Classic,Writing,1,48,0.05,61.56,Small Business,Retail,A. Okafor,false
SO-103358,2023-11-10,EU,Germany,Ink Bottle Sepia 50ml,Ink,1,18,0,24.3,Consumer,Online,H. Silva,false
SO-103451,2023-11-10,NA,Canada,Leather Journal Cover,Accessories,2,42,0.1,102.06,Consumer,Online,B. Lindqvist,false
SO-103830,2023-11-10,MEA,United Arab Emirates,Gel Pen 5-pack,Writing,1,9.9,0,13.37,Small Business,Wholesale,F. Moreau,false
SO-103924,2023-11-10,EU,Germany,Desk Mat Linen,Desk,2,34,0.1,82.62,Consumer,Online,C. Nakamura,false
SO-104888,2023-11-10,LATAM,Chile,Monitor Riser Oak,Desk,2,64,0,172.8,Consumer,Online,G. Patel,false
SO-105138,2023-11-10,EU,United Kingdom,Monitor Riser Oak,Desk,5,64,0,432,Consumer,Online,H. Silva,false
SO-100558,2023-11-11,MEA,United Arab Emirates,Gel Pen 5-pack,Writing,1,9.9,0,13.37,Small Business,Online,C. Nakamura,false
SO-101230,2023-11-11,EU,United Kingdom,Sticky Notes Pastel,Stationery,2,5.5,0.1,13.37,Consumer,Retail,C. Nakamura,false
SO-101529,2023-11-11,LATAM,Brazil,Quill Notebook A5,Stationery,5,12.5,0,84.38,Small Business,Online,A. Okafor,false
SO-102065,2023-11-11,LATAM,Brazil,Quill Notebook A4,Stationery,1,16,0,21.6,Small Business,Retail,D. Rossi,false
SO-102499,2023-11-11,NA,Canada,Sticky Notes Pastel,Stationery,1,5.5,0,7.43,Consumer,Online,A. Okafor,false
SO-102934,2023-11-11,LATAM,Argentina,Fountain Pen Classic,Writing,5,48,0,324,Consumer,Online,H. Silva,false
SO-104426,2023-11-11,MEA,United Arab Emirates,Leather Journal Cover,Accessories,1,42,0.1,51.03,Small Business,Online,F. Moreau,false
SO-104467,2023-11-11,NA,Mexico,Sticky Notes Pastel,Stationery,1,5.5,0.05,7.05,Consumer,Online,B. Lindqvist,false
SO-105465,2023-11-11,MEA,United Arab Emirates,Pen Case Canvas,Accessories,2,22,0.05,56.43,Enterprise,Retail,D. Rossi,false
SO-101629,2023-11-12,NA,Canada,Pen Stand Walnut,Desk,2,29,0,78.3,Consumer,Retail,E. Haddad,false
SO-102156,2023-11-12,APAC,India,Fountain Pen Classic,Writing,2,48,0,129.6,Small Business,Wholesale,G. Patel,false
SO-102284,2023-11-12,MEA,United Arab Emirates,Gel Pen 5-pack,Writing,1,9.9,0,13.37,Consumer,Retail,A. Okafor,false
SO-104064,2023-11-12,APAC,Australia,Pen Stand Walnut,Desk,2,29,0,78.3,Consumer,Retail,A. Okafor,false
SO-104295,2023-11-12,NA,Mexico,Fountain Pen Brass,Writing,3,79,0,319.95,Consumer,Online,H. Silva,false
SO-104462,2023-11-12,EU,Germany,Planner 2024,Stationery,5,24,0.05,153.9,Small Business,Online,G. Patel,false
SO-104622,2023-11-12,APAC,Japan,Monitor Riser Oak,Desk,1,64,0.1,77.76,Small Business,Retail,H. Silva,false
SO-105125,2023-11-12,EU,Spain,Fountain Pen Classic,Writing,1,48,0.05,61.56,Consumer,Online,G. Patel,false
SO-105488,2023-11-12,APAC,Japan,Monitor Riser Oak,Desk,2,64,0,172.8,Small Business,Online,D. Rossi,false
SO-105634,2023-11-12,LATAM,Argentina,Quill Notebook A4,Stationery,2,16,0,43.2,Consumer,Online,H. Silva,false
SO-100871,2023-11-13,NA,Mexico,Fountain Pen Classic,Writing,1,48,0.1,58.32,Small Business,Online,D. Rossi,false
SO-102114,2023-11-13,APAC,Australia,Ink Cartridge Midnight,Ink,3,6.5,0,26.33,Enterprise,Online,H. Silva,false
SO-102172,2023-11-13,MEA,United Arab Emirates,Ink Bottle Sepia 50ml,Ink,2,18,0.05,46.17,Consumer,Retail,C. Nakamura,false
SO-102654,2023-11-13,EU,Spain,Ink Cartridge Midnight,Ink,2,6.5,0.1,15.8,Small Business,Online,G. Patel,false
SO-103434,2023-11-13,NA,United States,Fountain Pen Classic,Writing,3,48,0,194.4,Consumer,Online,E. Haddad,false
SO-103963,2023-11-13,MEA,United Arab Emirates,Pen Stand Walnut,Desk,2,29,0.05,74.38,Consumer,Wholesale,D. Rossi,false
SO-104427,2023-11-13,MEA,South Africa,Quill Notebook A4,Stationery,2,16,0.05,41.04,Enterprise,Online,A. Okafor,false
SO-105733,2023-11-13,EU,United Kingdom,Leather Journal Cover,Accessories,1,42,0,56.7,Consumer,Online,E. Haddad,false
SO-100567,2023-11-14,MEA,South Africa,Gel Pen 5-pack,Writing,3,9.9,0.05,38.09,Consumer,Online,A. Okafor,false
SO-100728,2023-11-14,APAC,India,Leather Journal Cover,Accessories,3,42,0,170.1,Enterprise,Online,D. Rossi,true
SO-102767,2023-11-14,NA,United States,Fountain Pen Classic,Writing,1,48,0,64.8,Consumer,Retail,D. Rossi,false
SO-102802,2023-11-14,LATAM,Argentina,Planner 2024,Stationery,1,24,0,32.4,Enterprise,Online,G. Patel,false
SO-104078,2023-11-14,LATAM,Argentina,Desk Mat Linen,Desk,10,34,0.05,436.05,Consumer,Online,F. Moreau,false
SO-105498,2023-11-14,EU,United Kingdom,Fountain Pen Brass,Writing,1,79,0.1,95.99,Consumer,Online,B. Lindqvist,false
SO-101129,2023-11-15,NA,Mexico,Calligraphy Starter Kit,Writing,1,58,0,78.3,Consumer,Online,G. Patel,false
SO-101172,2023-11-15,APAC,Singapore,Ink Cartridge Midnight,Ink,5,6.5,0.1,39.49,Consumer,Online,G. Patel,false
SO-101604,2023-11-15,EU,Netherlands,Fountain Pen Classic,Writing,1,48,0,64.8,Consumer,Wholesale,B. Lindqvist,false
SO-101754,2023-11-15,MEA,Kenya,Planner 2024,Stationery,2,24,0.05,61.56,Consumer,Online,H. Silva,false
SO-103522,2023-11-15,APAC,Australia,Ink Cartridge Midnight,Ink,5,6.5,0,43.88,Enterprise,Online,A. Okafor,false
SO-103881,2023-11-15,NA,Mexico,Leather Journal Cover,Accessories,3,42,0,170.1,Consumer,Online,H. Silva,false
SO-104777,2023-11-15,LATAM,Argentina,Quill Notebook A4,Stationery,1,16,0.05,20.52,Small Business,Online,H. Silva,true
SO-104780,2023-11-15,MEA,Kenya,Calligraphy Starter Kit,Writing,3,58,0.1,211.41,Consumer,Online,G. Patel,false
SO-105212,2023-11-15,LATAM,Chile,Ink Cartridge Midnight,Ink,1,6.5,0,8.78,Consumer,Online,E. Haddad,false
SO-100058,2023-11-16,APAC,Singapore,Ink Bottle Sepia 50ml,Ink,1,18,0.2,19.44,Small Business,Online,E. Haddad,false
SO-101601,2023-11-16,EU,Germany,Calligraphy Starter Kit,Writing,1,58,0,78.3,Consumer,Online,F. Moreau,false
SO-101969,2023-11-16,APAC,Singapore,Monitor Riser Oak,Desk,2,64,0,172.8,Small Business,Online,D. Rossi,false
SO-102207,2023-11-16,EU,Netherlands,Fountain Pen Brass,Writing,1,79,0,106.65,Small Business,Wholesale,D. Rossi,false
SO-104290,2023-11-16,LATAM,Brazil,Sticky Notes Pastel,Stationery,2,5.5,0.1,13.37,Small Business,Retail,A. Okafor,false
SO-104432,2023-11-16,LATAM,Brazil,Quill Notebook A4,Stationery,3,16,0.05,61.56,Consumer,Retail,E. Haddad,false
SO-104656,2023-11-16,LATAM,Brazil,Ink Bottle Sepia 50ml,Ink,5,18,0,121.5,Small Business,Retail,B. Lindqvist,false
SO-104690,2023-11-16,NA,Mexico,Pen Stand Walnut,Desk,1,29,0.1,35.24,Consumer,Online,C. Nakamura,false
SO-105577,2023-11-16,NA,Canada,Fountain Pen Brass,Writing,1,79,0,106.65,Enterprise,Online,D. Rossi,false
SO-105999,2023-11-16,NA,Canada,Calligraphy Starter Kit,Writing,3,58,0.1,211.41,Consumer,Online,B. Lindqvist,false
SO-100015,2023-11-17,MEA,South Africa,Sticky Notes Pastel,Stationery,3,5.5,0.05,21.16,Consumer,Wholesale,B. Lindqvist,false
SO-100467,2023-11-17,NA,United States,Ink Bottle Sepia 50ml,Ink,1,18,0,24.3,Small Business,Online,E. Haddad,false
SO-100892,2023-11-17,LATAM,Brazil,Fountain Pen Classic,Writing,1,48,0,64.8,Small Business,Retail,F. Moreau,false
SO-101501,2023-11-17,APAC,Japan,Pen Stand Walnut,Desk,1,29,0,39.15,Consumer,Online,G. Patel,false
SO-101661,2023-11-17,LATAM,Argentina,Sticky Notes Pastel,Stationery,3,5.5,0,22.28,Consumer,Wholesale,A. Okafor,false
SO-102199,2023-11-17,APAC,Japan,Desk Mat Linen,Desk,3,34,0,137.7,Consumer,Online,G. Patel,false
SO-102991,2023-11-17,NA,United States,Fountain Pen Brass,Writing,5,79,0.1,479.93,Small Business,Retail,D. Rossi,false
SO-104289,2023-11-17,LATAM,Chile,Desk Mat Linen,Desk,1,34,0.05,43.61,Small Business,Retail,E. Haddad,false
SO-104442,2023-11-17,MEA,United Arab Emirates,Leather Journal Cover,Accessories,1,42,0,56.7,Consumer,Online,E. Haddad,false
SO-104737,2023-11-17,LATAM,Argentina,Fountain Pen Classic,Writing,1,48,0.1,58.32,Consumer,Online,F. Moreau,false
SO-100575,2023-11-18,MEA,South Africa,Quill Notebook A5,Stationery,2,12.5,0.05,32.06,Consumer,Online,F. Moreau,false
SO-100930,2023-11-18,LATAM,Brazil,Quill Notebook A4,Stationery,1,16,0.05,20.52,Consumer,Retail,A. Okafor,false
SO-101194,2023-11-18,MEA,United Arab Emirates,Monitor Riser Oak,Desk,2,64,0.1,155.52,Enterprise,Online,C. Nakamura,false
SO-101624,2023-11-18,MEA,Kenya,Ink Bottle Sepia 50ml,Ink,2,18,0,48.6,Consumer,Wholesale,C. Nakamura,false
SO-102005,2023-11-18,LATAM,Chile,Calligraphy Starter Kit,Writing,1,58,0,78.3,Consumer,Retail,E. Haddad,false
SO-102473,2023-11-18,EU,Germany,Ink Cartridge Midnight,Ink,2,6.5,0,17.55,Enterprise,Retail,G. Patel,false
SO-103541,2023-11-18,APAC,Singapore,Quill Notebook A4,Stationery,1,16,0,21.6,Consumer,Retail,D. Rossi,false
SO-104405,2023-11-18,MEA,South Africa,Pen Case Canvas,Accessories,2,22,0,59.4,Consumer,Online,D. Rossi,false
SO-105562,2023-11-18,NA,Canada,Pen Stand Walnut,Desk,10,29,0,391.5,Small Business,Retail,F. Moreau,false
SO-100644,2023-11-19,MEA,Kenya,Quill Notebook A5,Stationery,1,12.5,0,16.88,Consumer,Online,B. Lindqvist,false
SO-101158,2023-11-19,LATAM,Chile,Fountain Pen Classic,Writing,1,48,0,64.8,Consumer,Online,H. Silva,false
SO-103699,2023-11-19,EU,Germany,Leather Journal Cover,Accessories,1,42,0,56.7,Consumer,Online,B. Lindqvist,false
SO-104016,2023-11-19,APAC,Singapore,Desk Mat Linen,Desk,1,34,0,45.9,Consumer,Online,G. Patel,false
SO-104632,2023-11-19,APAC,India,Fountain Pen Classic,Writing,1,48,0,64.8,Consumer,Wholesale,H. Silva,false
SO-104800,2023-11-19,LATAM,Chile,Calligraphy Starter Kit,Writing,2,58,0,156.6,Small Business,Online,F. Moreau,false
SO-105235,2023-11-19,EU,Germany,Quill Notebook A4,Stationery,1,16,0,21.6,Consumer,Online,E. Haddad,false
SO-105323,2023-11-19,APAC,Japan,Ink Bottle Sepia 50ml,Ink,3,18,0,72.9,Enterprise,Retail,A. Okafor,false
SO-100533,2023-11-20,MEA,United Arab Emirates,Gel Pen 5-pack,Writing,1,9.9,0.05,12.7,Enterprise,Online,B. Lindqvist,false
SO-100643,2023-11-20,MEA,United Arab Emirates,Ink Cartridge Midnight,Ink,2,6.5,0.05,16.67,Small Business,Online,D. Rossi,false
SO-101339,2023-11-20,NA,Mexico,Ink Bottle Sepia 50ml,Ink,1,18,0,24.3,Consumer,Online,D. Rossi,false
SO-102840,2023-11-20,MEA,United Arab Emirates,Pen Stand Walnut,Desk,1,29,0,39.15,Consumer,Online,D. Rossi,false
SO-104245,2023-11-20,MEA,Kenya,Desk Mat Linen,Desk,1,34,0.1,41.31,Consumer,Online,E. Haddad,false
SO-104391,2023-11-20,MEA,South Africa,Calligraphy Starter Kit,Writing,2,58,0,156.6,Small Business,Online,C. Nakamura,false
SO-105620,2023-11-20,MEA,South Africa,Planner 2024,Stationery,3,24,0,97.2,Enterprise,Online,F. Moreau,false
SO-101512,2023-11-21,NA,United States,Planner 2024,Stationery,1,24,0.05,30.78,Enterprise,Retail,D. Rossi,false
SO-102236,2023-11-21,LATAM,Argentina,Ink Cartridge Midnight,Ink,3,6.5,0,26.33,Consumer,Online,F. Moreau,false
SO-103179,2023-11-21,MEA,Kenya,Desk Mat Linen,Desk,1,34,0.1,41.31,Consumer,Retail,F. Moreau,false
SO-104112,2023-11-21,APAC,Australia,Quill Notebook A4,Stationery,1,16,0.1,19.44,Small Business,Wholesale,C. Nakamura,false
SO-104237,2023-11-21,MEA,South Africa,Desk Mat Linen,Desk,2,34,0,91.8,Consumer,Online,F. Moreau,false
SO-104397,2023-11-21,EU,United Kingdom,Monitor Riser Oak,Desk,10,64,0,864,Small Business,Online,F. Moreau,false
SO-104910,2023-11-21,NA,United States,Leather Journal Cover,Accessories,1,42,0,56.7,Small Business,Online,F. Moreau,false
SO-105630,2023-11-21,NA,Mexico,Planner 2024,Stationery,10,24,0,324,Small Business,Online,C. Nakamura,false
SO-100020,2023-11-22,APAC,Australia,Fountain Pen Classic,Writing,2,48,0,129.6,Consumer,Online,E. Haddad,false
SO-102148,2023-11-22,EU,Spain,Gel Pen 5-pack,Writing,2,9.9,0,26.73,Consumer,Online,F. Moreau,false
SO-103214,2023-11-22,MEA,Kenya,Fountain Pen Brass,Writing,5,79,0,533.25,Consumer,Online,A. Okafor,false
SO-104584,2023-11-22,MEA,South Africa,Pen Stand Walnut,Desk,1,29,0.1,35.24,Small Business,Retail,A. Okafor,false
SO-104765,2023-11-22,MEA,United Arab Emirates,Monitor Riser Oak,Desk,5,64,0,432,Consumer,Wholesale,A. Okafor,false
SO-105112,2023-11-22,NA,United States,Quill Notebook A4,Stationery,2,16,0.05,41.04,Consumer,Online,A. Okafor,false
SO-105177,2023-11-22,MEA,Kenya,Fountain Pen Classic,Writing,2,48,0,129.6,Small Business,Online,G. Patel,false
SO-105931,2023-11-22,LATAM,Brazil,Quill Notebook A4,Stationery,1,16,0.1,19.44,Consumer,Retail,E. Haddad,false
SO-100733,2023-11-23,EU,Spain,Sticky Notes Pastel,Stationery,1,5.5,0,7.43,Enterprise,Online,E. Haddad,false
SO-103436,2023-11-23,LATAM,Brazil,Fountain Pen Brass,Writing,5,79,0,533.25,Consumer,Online,D. Rossi,false
SO-103833,2023-11-23,NA,Canada,Pen Stand Walnut,Desk,3,29,0,117.45,Consumer,Online,A. Okafor,false
SO-105011,2023-11-23,APAC,India,Fountain Pen Brass,Writing,1,79,0,106.65,Consumer,Online,B. Lindqvist,false
SO-105479,2023-11-23,NA,Canada,Pen Stand Walnut,Desk,1,29,0,39.15,Consumer,Online,E. Haddad,false
SO-105959,2023-11-23,EU,Netherlands,Monitor Riser Oak,Desk,3,64,0,259.2,Consumer,Online,F. Moreau,false
SO-100271,2023-11-24,MEA,South Africa,Ink Bottle Sepia 50ml,Ink,3,18,0,72.9,Small Business,Retail,A. Okafor,false
SO-100544,2023-11-24,APAC,Japan,Gel Pen 5-pack,Writing,1,9.9,0,13.37,Consumer,Online,C. Nakamura,false
SO-100786,2023-11-24,MEA,South Africa,Quill Notebook A5,Stationery,3,12.5,0,50.63,Small Business,Online,D. Rossi,false
SO-101305,2023-11-24,MEA,South Africa,Gel Pen 5-pack,Writing,1,9.9,0.05,12.7,Enterprise,Online,H. Silva,false
SO-101609,2023-11-24,EU,United Kingdom,Fountain Pen Classic,Writing,2,48,0,129.6,Small Business,Online,E. Haddad,false
SO-101844,2023-11-24,MEA,South Africa,Desk Mat Linen,Desk,2,34,0.05,87.21,Small Business,Retail,C. Nakamura,false
SO-102138,2023-11-24,EU,Germany,Quill Notebook A4,Stationery,1,16,0,21.6,Small Business,Retail,E. Haddad,false
SO-103315,2023-11-24,MEA,United Arab Emirates,Planner 2024,Stationery,3,24,0.05,92.34,Consumer,Wholesale,G. Patel,false
SO-104997,2023-11-24,MEA,Kenya,Sticky Notes Pastel,Stationery,3,5.5,0.05,21.16,Consumer,Retail,H. Silva,false
SO-100545,2023-11-25,EU,Spain,Pen Case Canvas,Accessories,3,22,0,89.1,Enterprise,Wholesale,F. Moreau,false
SO-102112,2023-11-25,EU,United Kingdom,Sticky Notes Pastel,Stationery,1,5.5,0.05,7.05,Consumer,Online,E. Haddad,false
SO-102196,2023-11-25,NA,United States,Fountain Pen Brass,Writing,3,79,0.05,303.95,Small Business,Online,A. Okafor,false
SO-102361,2023-11-25,LATAM,Chile,Gel Pen 5-pack,Writing,2,9.9,0.1,24.06,Consumer,Retail,H. Silva,false
SO-102566,2023-11-25,EU,Spain,Ink Cartridge Midnight,Ink,1,6.5,0,8.78,Consumer,Retail,E. Haddad,false
SO-102632,2023-11-25,EU,United Kingdom,Fountain Pen Classic,Writing,2,48,0.05,123.12,Small Business,Online,B. Lindqvist,false
SO-102761,2023-11-25,EU,Spain,Pen Stand Walnut,Desk,5,29,0.05,185.96,Consumer,Online,H. Silva,false
SO-104846,2023-11-25,LATAM,Brazil,Calligraphy Starter Kit,Writing,1,58,0,78.3,Consumer,Online,E. Haddad,false
SO-104858,2023-11-25,NA,United States,Planner 2024,Stationery,1,24,0,32.4,Consumer,Retail,D. Rossi,true
SO-100293,2023-11-26,MEA,United Arab Emirates,Gel Pen 5-pack,Writing,1,9.9,0,13.37,Small Business,Retail,F. Moreau,false
SO-100745,2023-11-26,NA,Mexico,Sticky Notes Pastel,Stationery,2,5.5,0,14.85,Consumer,Online,D. Rossi,false
SO-101614,2023-11-26,NA,Mexico,Calligraphy Starter Kit,Writing,2,58,0.1,140.94,Consumer,Online,G. Patel,false
SO-102884,2023-11-26,NA,United States,Quill Notebook A4,Stationery,5,16,0.1,97.2,Small Business,Online,B. Lindqvist,false
SO-103254,2023-11-26,NA,Mexico,Calligraphy Starter Kit,Writing,1,58,0,78.3,Small Business,Wholesale,C. Nakamura,false
SO-103432,2023-11-26,EU,Germany,Calligraphy Starter Kit,Writing,3,58,0.05,223.16,Consumer,Online,E. Haddad,false
SO-103743,2023-11-26,APAC,Singapore,Ink Bottle Sepia 50ml,Ink,2,18,0.1,43.74,Small Business,Retail,F. Moreau,false
SO-105451,2023-11-26,NA,United States,Ink Cartridge Midnight,Ink,2,6.5,0,17.55,Enterprise,Wholesale,E. Haddad,false
SO-105960,2023-11-26,MEA,Kenya,Planner 2024,Stationery,1,24,0,32.4,Consumer,Online,B. Lindqvist,false
SO-100351,2023-11-27,MEA,South Africa,Fountain Pen Brass,Writing,1,79,0.2,85.32,Small Business,Online,C. Nakamura,false
SO-100790,2023-11-27,EU,France,Ink Cartridge Midnight,Ink,2,6.5,0,17.55,Consumer,Retail,A. Okafor,false
SO-101319,2023-11-27,NA,Mexico,Pen Stand Walnut,Desk,1,29,0,39.15,Consumer,Retail,E. Haddad,false
SO-101872,2023-11-27,NA,United States,Monitor Riser Oak,Desk,10,64,0,864,Consumer,Online,E. Haddad,false
SO-102976,2023-11-27,EU,United Kingdom,Quill Notebook A5,Stationery,1,12.5,0.05,16.03,Small Business,Retail,C. Nakamura,false
SO-103015,2023-11-27,LATAM,Brazil,Ink Bottle Sepia 50ml,Ink,2,18,0,48.6,Consumer,Online,F. Moreau,false
SO-104056,2023-11-27,MEA,South Africa,Monitor Riser Oak,Desk,1,64,0.05,82.08,Consumer,Wholesale,E. Haddad,false
SO-101758,2023-11-28,MEA,South Africa,Sticky Notes Pastel,Stationery,1,5.5,0,7.43,Consumer,Online,A. Okafor,false
SO-102292,2023-11-28,EU,Netherlands,Pen Stand Walnut,Desk,2,29,0,78.3,Consumer,Online,E. Haddad,false
SO-102530,2023-11-28,LATAM,Brazil,Fountain Pen Classic,Writing,3,48,0.05,184.68,Small Business,Retail,A. Okafor,false
SO-104124,2023-11-28,EU,Spain,Gel Pen 5-pack,Writing,2,9.9,0.05,25.39,Small Business,Wholesale,C. Nakamura,false
SO-104374,2023-11-28,APAC,Japan,Ink Cartridge Midnight,Ink,1,6.5,0,8.78,Consumer,Wholesale,E. Haddad,false
SO-105298,2023-11-28,LATAM,Chile,Ink Cartridge Midnight,Ink,2,6.5,0.05,16.67,Consumer,Retail,C. Nakamura,false
SO-105506,2023-11-28,EU,United Kingdom,Fountain Pen Classic,Writing,2,48,0.1,116.64,Small Business,Online,G. Patel,false
SO-100292,2023-11-29,APAC,Singapore,Quill Notebook A5,Stationery,10,12.5,0,168.75,Small Business,Retail,H. Silva,false
SO-100427,2023-11-29,EU,Spain,Pen Stand Walnut,Desk,1,29,0,39.15,Enterprise,Online,C. Nakamura,false
SO-101152,2023-11-29,MEA,United Arab Emirates,Ink Bottle Sepia 50ml,Ink,1,18,0,24.3,Small Business,Online,A. Okafor,false
SO-101653,2023-11-29,MEA,Kenya,Planner 2024,Stationery,1,24,0,32.4,Small Business,Wholesale,A. Okafor,false
SO-102278,2023-11-29,NA,United States,Ink Cartridge Midnight,Ink,1,6.5,0.05,8.34,Consumer,Online,G. Patel,false
SO-102678,2023-11-29,EU,France,Quill Notebook A5,Stationery,2,12.5,0,33.75,Small Business,Retail,B. Lindqvist,false
SO-102796,2023-11-29,LATAM,Brazil,Gel Pen 5-pack,Writing,1,9.9,0,13.37,Consumer,Online,B. Lindqvist,false
SO-103071,2023-11-29,APAC,India,Planner 2024,Stationery,1,24,0.2,25.92,Small Business,Online,E. Haddad,false
SO-104308,2023-11-29,EU,France,Pen Stand Walnut,Desk,3,29,0,117.45,Enterprise,Online,D. Rossi,false
SO-105352,2023-11-29,MEA,United Arab Emirates,Desk Mat Linen,Desk,3,34,0.1,123.93,Consumer,Wholesale,F. Moreau,true
SO-105721,2023-11-29,LATAM,Chile,Pen Stand Walnut,Desk,1,29,0.05,37.19,Consumer,Online,A. Okafor,false
SO-100187,2023-11-30,NA,Mexico,Leather Journal Cover,Accessories,3,42,0.05,161.6,Consumer,Retail,B. Lindqvist,false
SO-101159,2023-11-30,LATAM,Brazil,Gel Pen 5-pack,Writing,1,9.9,0,13.37,Enterprise,Online,E. Haddad,false
SO-101914,2023-11-30,MEA,Kenya,Monitor Riser Oak,Desk,1,64,0.05,82.08,Consumer,Online,H. Silva,false
SO-101996,2023-11-30,APAC,India,Leather Journal Cover,Accessories,1,42,0.05,53.87,Consumer,Online,E. Haddad,false
SO-101997,2023-11-30,APAC,Australia,Planner 2024,Stationery,1,24,0.1,29.16,Consumer,Wholesale,C. Nakamura,false
SO-102880,2023-11-30,EU,Netherlands,Planner 2024,Stationery,2,24,0.1,58.32,Consumer,Online,H. Silva,false
SO-105191,2023-11-30,NA,Canada,Pen Case Canvas,Accessories,1,22,0,29.7,Consumer,Online,A. Okafor,false
SO-105658,2023-11-30,EU,Germany,Leather Journal Cover,Accessories,2,42,0,113.4,Consumer,Online,C. Nakamura,false
SO-105963,2023-11-30,MEA,South Africa,Fountain Pen Brass,Writing,1,79,0,106.65,Consumer,Online,E. Haddad,false
SO-102744,2023-12-01,MEA,South Africa,Calligraphy Starter Kit,Writing,1,58,0,78.3,Consumer,Retail,G. Patel,false
SO-102873,2023-12-01,EU,Netherlands,Ink Bottle Sepia 50ml,Ink,2,18,0.1,43.74,Enterprise,Online,D. Rossi,false
SO-102977,2023-12-01,LATAM,Argentina,Planner 2024,Stationery,3,24,0,97.2,Consumer,Retail,D. Rossi,false
SO-103375,2023-12-01,MEA,United Arab Emirates,Desk Mat Linen,Desk,1,34,0,45.9,Small Business,Online,D. Rossi,false
SO-103453,2023-12-01,APAC,India,Quill Notebook A5,Stationery,3,12.5,0,50.63,Small Business,Online,B. Lindqvist,false
SO-105830,2023-12-01,MEA,South Africa,Monitor Riser Oak,Desk,1,64,0,86.4,Consumer,Retail,G. Patel,false
SO-100560,2023-12-02,EU,Germany,Pen Case Canvas,Accessories,2,22,0.1,53.46,Small Business,Online,D. Rossi,false
SO-100997,2023-12-02,APAC,Singapore,Pen Stand Walnut,Desk,2,29,0,78.3,Small Business,Online,G. Patel,false
SO-102115,2023-12-02,MEA,South Africa,Leather Journal Cover,Accessories,1,42,0,56.7,Consumer,Online,G. Patel,false
SO-102896,2023-12-02,EU,Spain,Planner 2024,Stationery,3,24,0,97.2,Small Business,Retail,C. Nakamura,false
SO-103079,2023-12-02,LATAM,Argentina,Quill Notebook A4,Stationery,1,16,0.05,20.52,Consumer,Online,B. Lindqvist,false
SO-103741,2023-12-02,APAC,Australia,Pen Stand Walnut,Desk,2,29,0,78.3,Consumer,Retail,F. Moreau,true
SO-105140,2023-12-02,LATAM,Argentina,Quill Notebook A5,Stationery,2,12.5,0,33.75,Consumer,Retail,B. Lindqvist,false
SO-100405,2023-12-03,MEA,United Arab Emirates,Planner 2024,Stationery,2,24,0.1,58.32,Small Business,Online,G. Patel,false
SO-101675,2023-12-03,EU,Germany,Quill Notebook A5,Stationery,3,12.5,0,50.63,Enterprise,Online,D. Rossi,false
SO-102120,2023-12-03,APAC,Singapore,Pen Stand Walnut,Desk,1,29,0,39.15,Small Business,Wholesale,A. Okafor,false
SO-102590,2023-12-03,LATAM,Chile,Fountain Pen Classic,Writing,3,48,0,194.4,Consumer,Retail,C. Nakamura,false
SO-103540,2023-12-03,MEA,United Arab Emirates,Sticky Notes Pastel,Stationery,1,5.5,0.05,7.05,Small Business,Retail,G. Patel,true
SO-104176,2023-12-03,APAC,Australia,Desk Mat Linen,Desk,1,34,0.2,36.72,Consumer,Online,E. Haddad,false
SO-104311,2023-12-03,MEA,Kenya,Quill Notebook A4,Stationery,3,16,0.05,61.56,Small Business,Online,D. Rossi,false
SO-105604,2023-12-03,MEA,United Arab Emirates,Fountain Pen Brass,Writing,2,79,0.1,191.97,Enterprise,Online,B. Lindqvist,false
SO-100077,2023-12-04,EU,Spain,Quill Notebook A4,Stationery,1,16,0,21.6,Enterprise,Online,F. Moreau,true
SO-100096,2023-12-04,APAC,Japan,Quill Notebook A4,Stationery,1,16,0,21.6,Consumer,Online,E. Haddad,false
SO-100186,2023-12-04,APAC,India,Ink Bottle Sepia 50ml,Ink,1,18,0,24.3,Small Business,Online,D. Rossi,false
SO-100709,2023-12-04,MEA,South Africa,Fountain Pen Brass,Writing,1,79,0.05,101.32,Consumer,Online,B. Lindqvist,false
SO-101036,2023-12-04,LATAM,Brazil,Gel Pen 5-pack,Writing,3,9.9,0,40.1,Small Business,Online,G. Patel,false
SO-101445,2023-12-04,LATAM,Argentina,Ink Cartridge Midnight,Ink,1,6.5,0.1,7.9,Small Business,Wholesale,H. Silva,false
SO-102016,2023-12-04,MEA,Kenya,Leather Journal Cover,Accessories,2,42,0.2,90.72,Consumer,Online,B. Lindqvist,false
SO-102053,2023-12-04,LATAM,Argentina,Sticky Notes Pastel,Stationery,3,5.5,0.05,21.16,Consumer,Wholesale,H. Silva,false
SO-102820,2023-12-04,EU,United Kingdom,Planner 2024,Stationery,3,24,0,97.2,Consumer,Online,A. Okafor,false
SO-104845,2023-12-04,EU,Spain,Fountain Pen Classic,Writing,2,48,0.05,123.12,Enterprise,Online,F. Moreau,false
SO-104868,2023-12-04,MEA,United Arab Emirates,Planner 2024,Stationery,2,24,0.05,61.56,Consumer,Online,G. Patel,false
SO-100116,2023-12-05,APAC,Singapore,Ink Cartridge Midnight,Ink,2,6.5,0,17.55,Small Business,Retail,E. Haddad,true
SO-100961,2023-12-05,APAC,Japan,Planner 2024,Stationery,2,24,0,64.8,Consumer,Wholesale,E. Haddad,false
SO-101853,2023-12-05,EU,Germany,Desk Mat Linen,Desk,3,34,0,137.7,Consumer,Retail,B. Lindqvist,false
SO-101855,2023-12-05,NA,United States,Quill Notebook A4,Stationery,1,16,0.1,19.44,Consumer,Retail,A. Okafor,false
SO-104156,2023-12-05,EU,France,Monitor Riser Oak,Desk,1,64,0,86.4,Consumer,Online,G. Patel,true
SO-104985,2023-12-05,NA,United States,Fountain Pen Brass,Writing,3,79,0.05,303.95,Small Business,Retail,E. Haddad,false
SO-105398,2023-12-05,EU,France,Gel Pen 5-pack,Writing,1,9.9,0,13.37,Consumer,Online,H. Silva,false
SO-105655,2023-12-05,APAC,India,Desk Mat Linen,Desk,1,34,0,45.9,Small Business,Retail,G. Patel,false
SO-100311,2023-12-06,MEA,South Africa,Ink Cartridge Midnight,Ink,3,6.5,0,26.33,Consumer,Retail,F. Moreau,false
SO-100417,2023-12-06,NA,Canada,Quill Notebook A4,Stationery,2,16,0,43.2,Enterprise,Online,E. Haddad,false
SO-101636,2023-12-06,LATAM,Argentina,Quill Notebook A4,Stationery,3,16,0.1,58.32,Consumer,Online,G. Patel,false
SO-102652,2023-12-06,LATAM,Brazil,Planner 2024,Stationery,1,24,0,32.4,Enterprise,Retail,G. Patel,false
SO-103819,2023-12-06,APAC,Australia,Fountain Pen Classic,Writing,2,48,0.1,116.64,Small Business,Retail,E. Haddad,false
SO-104230,2023-12-06,EU,United Kingdom,Sticky Notes Pastel,Stationery,3,5.5,0.1,20.05,Consumer,Wholesale,A. Okafor,false
SO-104909,2023-12-06,EU,Germany,Leather Journal Cover,Accessories,1,42,0,56.7,Consumer,Retail,B. Lindqvist,false
SO-105364,2023-12-06,EU,Netherlands,Pen Case Canvas,Accessories,2,22,0,59.4,Enterprise,Online,C. Nakamura,false
SO-105527,2023-12-06,MEA,United Arab Emirates,Sticky Notes Pastel,Stationery,1,5.5,0.1,6.68,Consumer,Retail,G. Patel,false
SO-105571,2023-12-06,MEA,Kenya,Calligraphy Starter Kit,Writing,3,58,0,234.9,Small Business,Retail,C. Nakamura,false
SO-105779,2023-12-06,APAC,India,Pen Case Canvas,Accessories,10,22,0.05,282.15,Consumer,Retail,C. Nakamura,false
SO-101206,2023-12-07,MEA,United Arab Emirates,Ink Cartridge Midnight,Ink,2,6.5,0,17.55,Consumer,Online,F. Moreau,false
SO-105660,2023-12-07,NA,Mexico,Gel Pen 5-pack,Writing,1,9.9,0.1,12.03,Small Business,Retail,F. Moreau,false
SO-105777,2023-12-07,MEA,Kenya,Pen Case Canvas,Accessories,1,22,0.2,23.76,Consumer,Retail,F. Moreau,false
SO-101141,2023-12-08,NA,Canada,Pen Case Canvas,Accessories,1,22,0.1,26.73,Consumer,Online,E. Haddad,false
SO-101315,2023-12-08,MEA,South Africa,Gel Pen 5-pack,Writing,1,9.9,0,13.37,Small Business,Retail,C. Nakamura,false
SO-101730,2023-12-08,MEA,Kenya,Gel Pen 5-pack,Writing,1,9.9,0,13.37,Consumer,Online,F. Moreau,false
SO-102369,2023-12-08,NA,Mexico,Ink Bottle Sepia 50ml,Ink,1,18,0,24.3,Small Business,Online,C. Nakamura,false
SO-102829,2023-12-08,EU,Spain,Calligraphy Starter Kit,Writing,5,58,0.05,371.93,Small Business,Online,A. Okafor,false
SO-104943,2023-12-08,EU,Spain,Fountain Pen Classic,Writing,2,48,0.05,123.12,Small Business,Retail,F. Moreau,false
SO-105438,2023-12-08,MEA,Kenya,Calligraphy Starter Kit,Writing,2,58,0,156.6,Consumer,Online,G. Patel,false
SO-105765,2023-12-08,APAC,Australia,Desk Mat Linen,Desk,2,34,0,91.8,Small Business,Online,H. Silva,false
SO-100037,2023-12-09,NA,Canada,Pen Case Canvas,Accessories,3,22,0.05,84.65,Consumer,Retail,D. Rossi,false
SO-100162,2023-12-09,NA,United States,Quill Notebook A5,Stationery,5,12.5,0,84.38,Small Business,Online,A. Okafor,false
SO-101012,2023-12-09,LATAM,Chile,Monitor Riser Oak,Desk,2,64,0,172.8,Consumer,Online,D. Rossi,false
SO-101296,2023-12-09,NA,United States,Desk Mat Linen,Desk,2,34,0.1,82.62,Consumer,Online,E. Haddad,false
SO-101990,2023-12-09,EU,Germany,Sticky Notes Pastel,Stationery,2,5.5,0,14.85,Consumer,Retail,B. Lindqvist,false
SO-102515,2023-12-09,NA,Canada,Planner 2024,Stationery,3,24,0,97.2,Small Business,Retail,B. Lindqvist,false
SO-102746,2023-12-09,NA,Canada,Calligraphy Starter Kit,Writing,3,58,0.1,211.41,Small Business,Wholesale,E. Haddad,false
SO-103793,2023-12-09,EU,Netherlands,Calligraphy Starter Kit,Writing,1,58,0,78.3,Consumer,Wholesale,D. Rossi,false
SO-103891,2023-12-10,MEA,United Arab Emirates,Pen Case Canvas,Accessories,1,22,0,29.7,Small Business,Retail,F. Moreau,false
SO-104753,2023-12-10,MEA,United Arab Emirates,Quill Notebook A4,Stationery,3,16,0,64.8,Small Business,Retail,A. Okafor,false
SO-104754,2023-12-10,LATAM,Argentina,Fountain Pen Brass,Writing,3,79,0,319.95,Consumer,Online,B. Lindqvist,false
SO-105071,2023-12-10,EU,Netherlands,Ink Bottle Sepia 50ml,Ink,1,18,0,24.3,Consumer,Online,H. Silva,false
SO-105590,2023-12-10,EU,Germany,Gel Pen 5-pack,Writing,2,9.9,0.1,24.06,Small Business,Retail,D. Rossi,false
SO-100033,2023-12-11,APAC,Singapore,Fountain Pen Classic,Writing,2,48,0.2,103.68,Small Business,Retail,C. Nakamura,false
SO-101183,2023-12-11,APAC,Japan,Pen Stand Walnut,Desk,1,29,0,39.15,Consumer,Online,F. Moreau,false
SO-102098,2023-12-11,EU,Germany,Calligraphy Starter Kit,Writing,1,58,0,78.3,Small Business,Wholesale,F. Moreau,true
SO-104830,2023-12-11,EU,Spain,Leather Journal Cover,Accessories,2,42,0,113.4,Consumer,Online,C. Nakamura,false
SO-105133,2023-12-11,MEA,South Africa,Fountain Pen Classic,Writing,1,48,0,64.8,Consumer,Online,E. Haddad,false
SO-105880,2023-12-11,APAC,Japan,Pen Stand Walnut,Desk,3,29,0,117.45,Consumer,Online,E. Haddad,false
SO-105889,2023-12-11,LATAM,Brazil,Ink Bottle Sepia 50ml,Ink,3,18,0.05,69.26,Small Business,Online,E. Haddad,false
SO-101536,2023-12-12,EU,France,Quill Notebook A5,Stationery,1,12.5,0.2,13.5,Small Business,Retail,B. Lindqvist,false
SO-102619,2023-12-12,NA,Canada,Gel Pen 5-pack,Writing,2,9.9,0,26.73,Consumer,Wholesale,A. Okafor,false
SO-103411,2023-12-12,EU,Spain,Calligraphy Starter Kit,Writing,3,58,0,234.9,Small Business,Online,D. Rossi,false
SO-104756,2023-12-12,APAC,Japan,Ink Cartridge Midnight,Ink,1,6.5,0,8.78,Enterprise,Online,G. Patel,false
SO-100109,2023-12-13,NA,Canada,Monitor Riser Oak,Desk,2,64,0,172.8,Consumer,Online,F. Moreau,false
SO-100519,2023-12-13,APAC,Japan,Desk Mat Linen,Desk,10,34,0,459,Small Business,Retail,D. Rossi,false
SO-100683,2023-12-13,MEA,United Arab Emirates,Pen Stand Walnut,Desk,1,29,0,39.15,Small Business,Retail,B. Lindqvist,false
SO-101097,2023-12-13,MEA,Kenya,Desk Mat Linen,Desk,2,34,0.1,82.62,Consumer,Online,F. Moreau,false
SO-101269,2023-12-13,APAC,Singapore,Pen Stand Walnut,Desk,3,29,0.05,111.58,Enterprise,Online,G. Patel,false
SO-102440,2023-12-13,MEA,Kenya,Pen Stand Walnut,Desk,1,29,0,39.15,Consumer,Retail,A. Okafor,false
SO-102816,2023-12-13,NA,United States,Desk Mat Linen,Desk,2,34,0,91.8,Small Business,Retail,F. Moreau,false
SO-103283,2023-12-13,LATAM,Argentina,Sticky Notes Pastel,Stationery,1,5.5,0.05,7.05,Consumer,Wholesale,A. Okafor,false
SO-104251,2023-12-13,APAC,Singapore,Calligraphy Starter Kit,Writing,1,58,0.1,70.47,Small Business,Retail,B. Lindqvist,false
SO-105245,2023-12-13,APAC,Singapore,Gel Pen 5-pack,Writing,3,9.9,0,40.1,Small Business,Online,E. Haddad,false
SO-105847,2023-12-13,MEA,United Arab Emirates,Pen Stand Walnut,Desk,3,29,0.05,111.58,Consumer,Online,A. Okafor,false
SO-105882,2023-12-13,EU,Germany,Gel Pen 5-pack,Writing,1,9.9,0,13.37,Enterprise,Retail,H. Silva,false
SO-100131,2023-12-14,MEA,United Arab Emirates,Ink Bottle Sepia 50ml,Ink,2,18,0.05,46.17,Enterprise,Retail,G. Patel,false
SO-100223,2023-12-14,LATAM,Chile,Pen Case Canvas,Accessories,3,22,0,89.1,Consumer,Retail,C. Nakamura,false
SO-100895,2023-12-14,APAC,Australia,Pen Stand Walnut,Desk,1,29,0,39.15,Small Business,Online,B. Lindqvist,false
SO-100984,2023-12-14,EU,United Kingdom,Quill Notebook A4,Stationery,5,16,0.1,97.2,Small Business,Online,E. Haddad,false
SO-102271,2023-12-14,APAC,Japan,Desk Mat Linen,Desk,3,34,0.05,130.82,Small Business,Online,E. Haddad,false
SO-103602,2023-12-14,APAC,India,Gel Pen 5-pack,Writing,3,9.9,0,40.1,Small Business,Online,H. Silva,false
SO-100342,2023-12-15,EU,Netherlands,Sticky Notes Pastel,Stationery,2,5.5,0,14.85,Small Business,Online,E. Haddad,false
SO-100355,2023-12-15,EU,France,Gel Pen 5-pack,Writing,2,9.9,0,26.73,Consumer,Wholesale,H. Silva,false
SO-101102,2023-12-15,LATAM,Chile,Ink Cartridge Midnight,Ink,1,6.5,0.2,7.02,Consumer,Wholesale,E. Haddad,false
SO-101297,2023-12-15,MEA,South Africa,Leather Journal Cover,Accessories,3,42,0.1,153.09,Enterprise,Retail,E. Haddad,false
SO-101323,2023-12-15,EU,Netherlands,Gel Pen 5-pack,Writing,1,9.9,0.05,12.7,Small Business,Retail,D. Rossi,false
SO-101913,2023-12-15,MEA,Kenya,Quill Notebook A4,Stationery,2,16,0,43.2,Small Business,Online,C. Nakamura,true
SO-101993,2023-12-15,APAC,Japan,Sticky Notes Pastel,Stationery,2,5.5,0.05,14.11,Small Business,Retail,H. Silva,false
SO-102393,2023-12-15,MEA,South Africa,Planner 2024,Stationery,1,24,0,32.4,Enterprise,Retail,C. Nakamura,false
SO-103471,2023-12-15,LATAM,Chile,Fountain Pen Classic,Writing,1,48,0.1,58.32,Small Business,Online,G. Patel,false
SO-105307,2023-12-15,LATAM,Brazil,Sticky Notes Pastel,Stationery,1,5.5,0.2,5.94,Small Business,Wholesale,B. Lindqvist,false
SO-105359,2023-12-15,APAC,Australia,Quill Notebook A5,Stationery,3,12.5,0,50.63,Consumer,Retail,G. Patel,false
SO-105449,2023-12-15,APAC,Japan,Planner 2024,Stationery,1,24,0.1,29.16,Enterprise,Online,H. Silva,false
SO-100213,2023-12-16,EU,United Kingdom,Ink Cartridge Midnight,Ink,3,6.5,0.1,23.69,Small Business,Retail,B. Lindqvist,false
SO-100361,2023-12-16,NA,Canada,Monitor Riser Oak,Desk,2,64,0,172.8,Small Business,Online,H. Silva,false
SO-100795,2023-12-16,EU,France,Gel Pen 5-pack,Writing,1,9.9,0,13.37,Consumer,Online,D. Rossi,false
SO-100974,2023-12-16,MEA,Kenya,Quill Notebook A5,Stationery,1,12.5,0,16.88,Consumer,Online,F. Moreau,false
SO-101229,2023-12-16,LATAM,Brazil,Gel Pen 5-pack,Writing,1,9.9,0,13.37,Small Business,Wholesale,F. Moreau,false
SO-101826,2023-12-16,NA,United States,Sticky Notes Pastel,Stationery,2,5.5,0.05,14.11,Small Business,Online,B. Lindqvist,false
SO-102248,2023-12-16,EU,Germany,Pen Stand Walnut,Desk,3,29,0,117.45,Consumer,Retail,C. Nakamura,false
SO-102262,2023-12-16,MEA,South Africa,Planner 2024,Stationery,1,24,0,32.4,Small Business,Retail,A. Okafor,false
SO-102699,2023-12-16,MEA,South Africa,Ink Cartridge Midnight,Ink,2,6.5,0.05,16.67,Small Business,Online,B. Lindqvist,false
SO-102804,2023-12-16,LATAM,Argentina,Calligraphy Starter Kit,Writing,1,58,0,78.3,Small Business,Online,H. Silva,false
SO-102921,2023-12-16,APAC,Japan,Sticky Notes Pastel,Stationery,2,5.5,0,14.85,Small Business,Online,A. Okafor,false
SO-103128,2023-12-16,MEA,United Arab Emirates,Planner 2024,Stationery,1,24,0,32.4,Small Business,Retail,C. Nakamura,false
SO-103506,2023-12-16,APAC,Australia,Ink Bottle Sepia 50ml,Ink,1,18,0.1,21.87,Enterprise,Online,B. Lindqvist,false
SO-104018,2023-12-16,EU,France,Leather Journal Cover,Accessories,2,42,0,113.4,Small Business,Online,E. Haddad,false
SO-104134,2023-12-16,APAC,Japan,Desk Mat Linen,Desk,2,34,0,91.8,Small Business,Online,F. Moreau,false
SO-105007,2023-12-16,MEA,United Arab Emirates,Desk Mat Linen,Desk,3,34,0,137.7,Consumer,Online,A. Okafor,false
SO-105415,2023-12-16,APAC,Singapore,Pen Case Canvas,Accessories,3,22,0,89.1,Small Business,Online,E. Haddad,false
SO-105472,2023-12-16,LATAM,Chile,Calligraphy Starter Kit,Writing,3,58,0.2,187.92,Consumer,Retail,H. Silva,false
SO-105575,2023-12-16,LATAM,Chile,Planner 2024,Stationery,1,24,0.05,30.78,Consumer,Online,B. Lindqvist,false
SO-105674,2023-12-16,MEA,Kenya,Leather Journal Cover,Accessories,1,42,0.1,51.03,Consumer,Online,F. Moreau,false
SO-105682,2023-12-16,MEA,Kenya,Pen Stand Walnut,Desk,2,29,0,78.3,Small Business,Online,F. Moreau,false
SO-101247,2023-12-17,APAC,India,Pen Stand Walnut,Desk,1,29,0.05,37.19,Consumer,Online,D. Rossi,false
SO-101663,2023-12-17,MEA,South Africa,Gel Pen 5-pack,Writing,1,9.9,0,13.37,Small Business,Wholesale,G. Patel,false
SO-102027,2023-12-17,APAC,India,Ink Bottle Sepia 50ml,Ink,1,18,0.05,23.08,Consumer,Online,E. Haddad,false
SO-102057,2023-12-17,APAC,Australia,Fountain Pen Classic,Writing,2,48,0.1,116.64,Consumer,Online,F. Moreau,false
SO-102155,2023-12-17,MEA,United Arab Emirates,Desk Mat Linen,Desk,3,34,0,137.7,Consumer,Online,B. Lindqvist,false
SO-103630,2023-12-17,NA,Mexico,Calligraphy Starter Kit,Writing,1,58,0.05,74.38,Small Business,Online,H. Silva,false
SO-103943,2023-12-17,MEA,South Africa,Quill Notebook A4,Stationery,1,16,0,21.6,Consumer,Online,E. Haddad,false
SO-103961,2023-12-17,EU,Spain,Leather Journal Cover,Accessories,2,42,0.1,102.06,Small Business,Online,E. Haddad,false
SO-105315,2023-12-17,MEA,South Africa,Gel Pen 5-pack,Writing,2,9.9,0.1,24.06,Consumer,Retail,D. Rossi,false
SO-102337,2023-12-18,NA,United States,Gel Pen 5-pack,Writing,1,9.9,0,13.37,Small Business,Online,F. Moreau,false
SO-103052,2023-12-18,APAC,India,Fountain Pen Brass,Writing,2,79,0.05,202.64,Consumer,Online,G. Patel,false
SO-103931,2023-12-18,MEA,United Arab Emirates,Gel Pen 5-pack,Writing,5,9.9,0,66.83,Consumer,Retail,E. Haddad,false
SO-104148,2023-12-18,NA,United States,Fountain Pen Brass,Writing,3,79,0,319.95,Small Business,Retail,G. Patel,false
SO-105955,2023-12-18,LATAM,Brazil,Quill Notebook A5,Stationery,1,12.5,0,16.88,Enterprise,Retail,A. Okafor,false
SO-101944,2023-12-19,NA,United States,Ink Cartridge Midnight,Ink,1,6.5,0,8.78,Consumer,Online,F. Moreau,false
SO-102295,2023-12-19,NA,Mexico,Pen Stand Walnut,Desk,10,29,0.1,352.35,Small Business,Retail,D. Rossi,false
SO-102308,2023-12-19,APAC,India,Ink Bottle Sepia 50ml,Ink,2,18,0,48.6,Consumer,Retail,H. Silva,false
SO-103135,2023-12-19,LATAM,Chile,Ink Cartridge Midnight,Ink,2,6.5,0.05,16.67,Consumer,Retail,F. Moreau,false
SO-103324,2023-12-19,LATAM,Chile,Sticky Notes Pastel,Stationery,2,5.5,0.1,13.37,Small Business,Retail,A. Okafor,false
SO-103539,2023-12-19,EU,Netherlands,Fountain Pen Brass,Writing,2,79,0.1,191.97,Enterprise,Online,C. Nakamura,false
SO-104446,2023-12-19,LATAM,Argentina,Planner 2024,Stationery,2,24,0,64.8,Consumer,Retail,G. Patel,false
SO-105259,2023-12-19,MEA,Kenya,Fountain Pen Brass,Writing,2,79,0,213.3,Enterprise,Retail,B. Lindqvist,false
SO-100093,2023-12-20,MEA,South Africa,Gel Pen 5-pack,Writing,1,9.9,0.05,12.7,Consumer,Online,B. Lindqvist,false
SO-100718,2023-12-20,EU,Spain,Ink Cartridge Midnight,Ink,2,6.5,0,17.55,Consumer,Retail,D. Rossi,false
SO-101687,2023-12-20,MEA,Kenya,Quill Notebook A4,Stationery,1,16,0.05,20.52,Consumer,Retail,D. Rossi,false
SO-101877,2023-12-20,APAC,Singapore,Fountain Pen Classic,Writing,3,48,0.1,174.96,Small Business,Retail,H. Silva,false
SO-102928,2023-12-20,MEA,Kenya,Quill Notebook A4,Stationery,2,16,0.1,38.88,Small Business,Wholesale,H. Silva,false
SO-103706,2023-12-20,LATAM,Chile,Fountain Pen Brass,Writing,2,79,0.1,191.97,Consumer,Online,A. Okafor,false
SO-103937,2023-12-20,NA,United States,Fountain Pen Brass,Writing,1,79,0,106.65,Consumer,Online,E. Haddad,false
SO-103960,2023-12-20,LATAM,Argentina,Pen Case Canvas,Accessories,2,22,0,59.4,Consumer,Wholesale,F. Moreau,false
SO-104843,2023-12-20,LATAM,Chile,Pen Stand Walnut,Desk,1,29,0,39.15,Enterprise,Retail,D. Rossi,false
SO-105520,2023-12-20,NA,United States,Fountain Pen Classic,Writing,3,48,0,194.4,Small Business,Online,E. Haddad,false
SO-100480,2023-12-21,LATAM,Brazil,Calligraphy Starter Kit,Writing,3,58,0.2,187.92,Small Business,Retail,H. Silva,false
SO-103366,2023-12-21,APAC,Japan,Ink Bottle Sepia 50ml,Ink,10,18,0,243,Consumer,Retail,B. Lindqvist,false
SO-104349,2023-12-21,MEA,South Africa,Leather Journal Cover,Accessories,3,42,0,170.1,Consumer,Wholesale,D. Rossi,false
SO-104771,2023-12-21,NA,Canada,Fountain Pen Brass,Writing,1,79,0,106.65,Consumer,Online,B. Lindqvist,false
SO-104822,2023-12-21,APAC,Japan,Planner 2024,Stationery,3,24,0,97.2,Consumer,Retail,D. Rossi,false
SO-105246,2023-12-21,MEA,South Africa,Quill Notebook A5,Stationery,3,12.5,0,50.63,Small Business,Wholesale,C. Nakamura,false
SO-101336,2023-12-22,APAC,Japan,Desk Mat Linen,Desk,1,34,0,45.9,Small Business,Retail,D. Rossi,false
SO-103166,2023-12-22,NA,Canada,Pen Case Canvas,Accessories,1,22,0.05,28.22,Small Business,Online,G. Patel,false
SO-105180,2023-12-22,LATAM,Chile,Pen Case Canvas,Accessories,1,22,0,29.7,Small Business,Retail,F. Moreau,false
SO-105190,2023-12-22,LATAM,Chile,Pen Case Canvas,Accessories,1,22,0,29.7,Consumer,Retail,H. Silva,false
SO-101053,2023-12-23,NA,Canada,Fountain Pen Brass,Writing,2,79,0.05,202.64,Consumer,Online,H. Silva,false
SO-101449,2023-12-23,MEA,South Africa,Pen Case Canvas,Accessories,3,22,0.05,84.65,Consumer,Online,E. Haddad,false
SO-101560,2023-12-23,NA,Mexico,Quill Notebook A5,Stationery,1,12.5,0.05,16.03,Consumer,Online,F. Moreau,false
SO-101878,2023-12-23,NA,Canada,Fountain Pen Brass,Writing,1,79,0.1,95.99,Small Business,Online,C. Nakamura,false
SO-102203,2023-12-23,MEA,United Arab Emirates,Calligraphy Starter Kit,Writing,1,58,0.05,74.38,Small Business,Retail,G. Patel,false
SO-102570,2023-12-23,EU,Germany,Pen Case Canvas,Accessories,2,22,0,59.4,Consumer,Online,A. Okafor,false
SO-103982,2023-12-23,APAC,India,Sticky Notes Pastel,Stationery,1,5.5,0,7.43,Consumer,Retail,C. Nakamura,false
SO-104384,2023-12-23,LATAM,Argentina,Leather Journal Cover,Accessories,1,42,0.05,53.87,Consumer,Retail,G. Patel,false
SO-104575,2023-12-23,MEA,South Africa,Sticky Notes Pastel,Stationery,1,5.5,0,7.43,Consumer,Retail,B. Lindqvist,false
SO-100141,2023-12-24,LATAM,Argentina,Pen Stand Walnut,Desk,1,29,0,39.15,Consumer,Online,A. Okafor,false
SO-100535,2023-12-24,NA,Mexico,Gel Pen 5-pack,Writing,1,9.9,0,13.37,Enterprise,Retail,G. Patel,false
SO-100852,2023-12-24,LATAM,Brazil,Ink Cartridge Midnight,Ink,2,6.5,0.05,16.67,Consumer,Retail,B. Lindqvist,false
SO-101299,2023-12-24,EU,Netherlands,Pen Stand Walnut,Desk,1,29,0.2,31.32,Small Business,Online,B. Lindqvist,false
SO-102145,2023-12-24,MEA,Kenya,Pen Case Canvas,Accessories,1,22,0,29.7,Consumer,Online,H. Silva,false
SO-102350,2023-12-24,EU,United Kingdom,Quill Notebook A5,Stationery,3,12.5,0.05,48.09,Small Business,Online,F. Moreau,false
SO-102930,2023-12-24,NA,Canada,Desk Mat Linen,Desk,2,34,0,91.8,Small Business,Retail,D. Rossi,false
SO-103311,2023-12-24,MEA,South Africa,Ink Cartridge Midnight,Ink,1,6.5,0.05,8.34,Small Business,Retail,D. Rossi,false
SO-104013,2023-12-24,APAC,Singapore,Ink Cartridge Midnight,Ink,1,6.5,0.05,8.34,Consumer,Online,E. Haddad,false
SO-104117,2023-12-24,APAC,Japan,Ink Bottle Sepia 50ml,Ink,1,18,0.2,19.44,Consumer,Online,D. Rossi,false
SO-104939,2023-12-24,APAC,Australia,Gel Pen 5-pack,Writing,10,9.9,0.05,126.97,Consumer,Online,H. Silva,true
SO-105060,2023-12-24,NA,Mexico,Quill Notebook A5,Stationery,2,12.5,0,33.75,Consumer,Online,E. Haddad,false
SO-105124,2023-12-24,NA,Canada,Gel Pen 5-pack,Writing,3,9.9,0,40.1,Small Business,Online,F. Moreau,false
SO-105274,2023-12-24,NA,United States,Calligraphy Starter Kit,Writing,3,58,0,234.9,Consumer,Online,D. Rossi,false
SO-105373,2023-12-24,MEA,Kenya,Gel Pen 5-pack,Writing,1,9.9,0.1,12.03,Consumer,Online,H. Silva,false
SO-105524,2023-12-24,LATAM,Argentina,Planner 2024,Stationery,1,24,0,32.4,Consumer,Online,F. Moreau,false
SO-100118,2023-12-25,APAC,Singapore,Ink Cartridge Midnight,Ink,1,6.5,0,8.78,Consumer,Wholesale,H. Silva,false
SO-101154,2023-12-25,LATAM,Brazil,Planner 2024,Stationery,1,24,0,32.4,Consumer,Online,C. Nakamura,false
SO-101481,2023-12-25,APAC,Australia,Ink Cartridge Midnight,Ink,3,6.5,0.1,23.69,Small Business,Retail,G. Patel,false
SO-102332,2023-12-25,EU,Germany,Ink Cartridge Midnight,Ink,1,6.5,0.1,7.9,Consumer,Online,C. Nakamura,false
SO-102667,2023-12-25,LATAM,Brazil,Quill Notebook A4,Stationery,1,16,0.1,19.44,Small Business,Online,C. Nakamura,false
SO-103144,2023-12-25,NA,Mexico,Gel Pen 5-pack,Writing,1,9.9,0,13.37,Consumer,Online,C. Nakamura,false
SO-103649,2023-12-25,EU,United Kingdom,Leather Journal Cover,Accessories,3,42,0,170.1,Small Business,Wholesale,A. Okafor,false
SO-105455,2023-12-25,NA,United States,Ink Bottle Sepia 50ml,Ink,1,18,0,24.3,Consumer,Online,D. Rossi,false
SO-100284,2023-12-26,LATAM,Brazil,Monitor Riser Oak,Desk,2,64,0,172.8,Small Business,Online,A. Okafor,true
SO-100291,2023-12-26,EU,France,Gel Pen 5-pack,Writing,3,9.9,0.05,38.09,Consumer,Online,C. Nakamura,false
SO-101815,2023-12-26,EU,Spain,Planner 2024,Stationery,1,24,0.05,30.78,Consumer,Retail,G. Patel,false
SO-101979,2023-12-26,MEA,Kenya,Quill Notebook A5,Stationery,1,12.5,0,16.88,Small Business,Retail,A. Okafor,false
SO-103714,2023-12-26,NA,Canada,Monitor Riser Oak,Desk,1,64,0,86.4,Small Business,Online,C. Nakamura,false
SO-104103,2023-12-26,APAC,Japan,Ink Cartridge Midnight,Ink,1,6.5,0,8.78,Small Business,Online,H. Silva,false
SO-104629,2023-12-26,NA,Mexico,Quill Notebook A4,Stationery,3,16,0,64.8,Small Business,Retail,E. Haddad,false
SO-104901,2023-12-26,EU,Germany,Sticky Notes Pastel,Stationery,3,5.5,0,22.28,Consumer,Online,E. Haddad,false
SO-105625,2023-12-26,EU,France,Sticky Notes Pastel,Stationery,5,5.5,0.1,33.41,Consumer,Online,C. Nakamura,false
SO-100628,2023-12-27,MEA,United Arab Emirates,Pen Stand Walnut,Desk,3,29,0.2,93.96,Small Business,Online,H. Silva,false
SO-101715,2023-12-27,EU,France,Monitor Riser Oak,Desk,5,64,0,432,Small Business,Online,F. Moreau,false
SO-102103,2023-12-27,EU,France,Desk Mat Linen,Desk,1,34,0.1,41.31,Small Business,Retail,G. Patel,false
SO-102954,2023-12-27,EU,United Kingdom,Ink Bottle Sepia 50ml,Ink,5,18,0.05,115.43,Consumer,Wholesale,F. Moreau,false
SO-103134,2023-12-27,MEA,South Africa,Gel Pen 5-pack,Writing,1,9.9,0,13.37,Consumer,Wholesale,E. Haddad,false
SO-103391,2023-12-27,NA,Canada,Ink Cartridge Midnight,Ink,1,6.5,0.1,7.9,Consumer,Online,B. Lindqvist,true
SO-104388,2023-12-27,EU,Spain,Planner 2024,Stationery,1,24,0,32.4,Small Business,Wholesale,B. Lindqvist,false
SO-105045,2023-12-27,LATAM,Chile,Quill Notebook A5,Stationery,2,12.5,0.1,30.38,Enterprise,Online,F. Moreau,false
SO-105368,2023-12-27,APAC,Japan,Ink Cartridge Midnight,Ink,1,6.5,0,8.78,Consumer,Online,F. Moreau,false
SO-100651,2023-12-28,APAC,India,Fountain Pen Brass,Writing,10,79,0,1066.5,Consumer,Online,E. Haddad,false
SO-100755,2023-12-28,APAC,Japan,Fountain Pen Brass,Writing,1,79,0,106.65,Small Business,Online,E. Haddad,false
SO-100865,2023-12-28,NA,Mexico,Sticky Notes Pastel,Stationery,1,5.5,0,7.43,Consumer,Retail,D. Rossi,false
SO-102949,2023-12-28,APAC,Singapore,Leather Journal Cover,Accessories,1,42,0,56.7,Consumer,Online,D. Rossi,false
SO-103382,2023-12-28,MEA,Kenya,Pen Case Canvas,Accessories,1,22,0,29.7,Consumer,Online,G. Patel,false
SO-103889,2023-12-28,APAC,Australia,Leather Journal Cover,Accessories,3,42,0.2,136.08,Small Business,Wholesale,H. Silva,false
SO-104804,2023-12-28,NA,Canada,Ink Bottle Sepia 50ml,Ink,1,18,0,24.3,Consumer,Online,H. Silva,false
SO-100756,2023-12-29,APAC,Australia,Sticky Notes Pastel,Stationery,3,5.5,0.1,20.05,Consumer,Online,F. Moreau,false
SO-100999,2023-12-29,LATAM,Argentina,Quill Notebook A5,Stationery,3,12.5,0,50.63,Consumer,Online,F. Moreau,false
SO-101499,2023-12-29,LATAM,Argentina,Desk Mat Linen,Desk,5,34,0,229.5,Small Business,Online,A. Okafor,false
SO-102355,2023-12-29,MEA,South Africa,Desk Mat Linen,Desk,5,34,0,229.5,Consumer,Online,C. Nakamura,false
SO-102480,2023-12-29,EU,Netherlands,Leather Journal Cover,Accessories,1,42,0.05,53.87,Consumer,Online,B. Lindqvist,false
SO-102747,2023-12-29,LATAM,Brazil,Pen Case Canvas,Accessories,1,22,0.05,28.22,Small Business,Online,E. Haddad,false
SO-103749,2023-12-29,APAC,India,Quill Notebook A5,Stationery,3,12.5,0.05,48.09,Consumer,Retail,E. Haddad,false
SO-104931,2023-12-29,MEA,United Arab Emirates,Ink Bottle Sepia 50ml,Ink,2,18,0.05,46.17,Consumer,Retail,B. Lindqvist,false
SO-105397,2023-12-29,APAC,Australia,Pen Case Canvas,Accessories,1,22,0.05,28.22,Consumer,Online,A. Okafor,false
SO-105617,2023-12-29,EU,Germany,Sticky Notes Pastel,Stationery,5,5.5,0,37.13,Small Business,Online,E. Haddad,false
SO-100629,2023-12-30,MEA,Kenya,Gel Pen 5-pack,Writing,2,9.9,0,26.73,Consumer,Wholesale,G. Patel,false
SO-100849,2023-12-30,APAC,Japan,Sticky Notes Pastel,Stationery,2,5.5,0.05,14.11,Small Business,Retail,H. Silva,false
SO-100992,2023-12-30,MEA,United Arab Emirates,Sticky Notes Pastel,Stationery,1,5.5,0,7.43,Enterprise,Online,G. Patel,false
SO-102799,2023-12-30,APAC,Singapore,Fountain Pen Classic,Writing,1,48,0,64.8,Consumer,Retail,B. Lindqvist,false
SO-104750,2023-12-30,LATAM,Chile,Calligraphy Starter Kit,Writing,1,58,0,78.3,Consumer,Online,C. Nakamura,false
SO-100341,2023-12-31,LATAM,Chile,Sticky Notes Pastel,Stationery,1,5.5,0,7.43,Consumer,Retail,G. Patel,false
SO-101396,2023-12-31,LATAM,Brazil,Ink Bottle Sepia 50ml,Ink,10,18,0.05,230.85,Consumer,Online,E. Haddad,false
SO-101520,2023-12-31,APAC,Singapore,Planner 2024,Stationery,3,24,0,97.2,Consumer,Retail,F. Moreau,false
SO-101593,2023-12-31,LATAM,Brazil,Pen Case Canvas,Accessories,1,22,0.05,28.22,Small Business,Retail,H. Silva,false
SO-102340,2023-12-31,NA,United States,Leather Journal Cover,Accessories,1,42,0.2,45.36,Small Business,Wholesale,A. Okafor,false
SO-102953,2023-12-31,LATAM,Chile,Calligraphy Starter Kit,Writing,1,58,0.05,74.38,Small Business,Retail,A. Okafor,false
SO-103132,2023-12-31,LATAM,Brazil,Fountain Pen Brass,Writing,1,79,0.05,101.32,Consumer,Retail,B. Lindqvist,false
SO-104541,2023-12-31,APAC,India,Monitor Riser Oak,Desk,10,64,0,864,Small Business,Online,D. Rossi,false
SO-104861,2023-12-31,MEA,United Arab Emirates,Fountain Pen Classic,Writing,2,48,0.05,123.12,Consumer,Retail,E. Haddad,false
SO-105035,2023-12-31,MEA,South Africa,Fountain Pen Classic,Writing,2,48,0.05,123.12,Consumer,Retail,A. Okafor,false
SO-105825,2023-12-31,APAC,Japan,Ink Bottle Sepia 50ml,Ink,1,18,0.05,23.08,Consumer,Online,F. Moreau,false
SO-100399,2024-01-01,LATAM,Argentina,Ink Cartridge Midnight,Ink,3,6.5,0,16.58,Small Business,Wholesale,C. Nakamura,false
SO-100554,2024-01-01,EU,France,Fountain Pen Classic,Writing,1,48,0,40.8,Consumer,Online,A. Okafor,false
SO-100582,2024-01-01,EU,Germany,Gel Pen 5-pack,Writing,3,9.9,0.05,23.98,Consumer,Retail,G. Patel,false
SO-100976,2024-01-01,APAC,India,Sticky Notes Pastel,Stationery,10,5.5,0,46.75,Consumer,Wholesale,C. Nakamura,false
SO-101507,2024-01-01,MEA,United Arab Emirates,Pen Stand Walnut,Desk,1,29,0.05,23.42,Consumer,Retail,E. Haddad,false
SO-102941,2024-01-01,NA,Canada,Calligraphy Starter Kit,Writing,2,58,0,98.6,Small Business,Online,F. Moreau,false
SO-103446,2024-01-01,APAC,India,Ink Bottle Sepia 50ml,Ink,1,18,0.05,14.53,Small Business,Online,F. Moreau,false
SO-105148,2024-01-01,NA,Canada,Leather Journal Cover,Accessories,2,42,0,71.4,Consumer,Online,A. Okafor,true
SO-101518,2024-01-02,APAC,Singapore,Quill Notebook A5,Stationery,2,12.5,0,21.25,Enterprise,Online,C. Nakamura,false
SO-102301,2024-01-02,LATAM,Brazil,Sticky Notes Pastel,Stationery,2,5.5,0,9.35,Enterprise,Retail,D. Rossi,false
SO-102449,2024-01-02,EU,Spain,Desk Mat Linen,Desk,1,34,0.1,26.01,Consumer,Online,H. Silva,false
SO-103244,2024-01-02,EU,Spain,Pen Case Canvas,Accessories,1,22,0,18.7,Consumer,Retail,B. Lindqvist,false
SO-103635,2024-01-02,APAC,Singapore,Monitor Riser Oak,Desk,1,64,0,54.4,Enterprise,Online,E. Haddad,false
SO-104400,2024-01-02,LATAM,Argentina,Monitor Riser Oak,Desk,3,64,0,163.2,Small Business,Online,G. Patel,false
SO-104424,2024-01-02,LATAM,Argentina,Calligraphy Starter Kit,Writing,3,58,0,147.9,Enterprise,Online,H. Silva,false
SO-105641,2024-01-02,MEA,South Africa,Fountain Pen Brass,Writing,1,79,0.2,53.72,Enterprise,Online,C. Nakamura,false
SO-101114,2024-01-03,LATAM,Chile,Fountain Pen Brass,Writing,2,79,0,134.3,Enterprise,Retail,G. Patel,false
SO-102045,2024-01-03,NA,Mexico,Monitor Riser Oak,Desk,1,64,0,54.4,Consumer,Retail,C. Nakamura,false
SO-102826,2024-01-03,APAC,Japan,Leather Journal Cover,Accessories,3,42,0,107.1,Small Business,Online,F. Moreau,false
SO-103026,2024-01-03,APAC,Singapore,Monitor Riser Oak,Desk,5,64,0.2,217.6,Consumer,Online,C. Nakamura,false
SO-103290,2024-01-03,MEA,Kenya,Pen Stand Walnut,Desk,1,29,0.1,22.19,Consumer,Retail,C. Nakamura,false
SO-104128,2024-01-03,EU,United Kingdom,Planner 2024,Stationery,3,24,0.05,58.14,Consumer,Wholesale,H. Silva,false
SO-104227,2024-01-03,NA,United States,Fountain Pen Classic,Writing,1,48,0,40.8,Small Business,Retail,G. Patel,true
SO-104900,2024-01-03,LATAM,Chile,Desk Mat Linen,Desk,1,34,0,28.9,Consumer,Online,E. Haddad,false
SO-100235,2024-01-04,NA,United States,Ink Bottle Sepia 50ml,Ink,5,18,0.1,68.85,Consumer,Retail,C. Nakamura,false
SO-100549,2024-01-04,EU,United Kingdom,Quill Notebook A4,Stationery,1,16,0.05,12.92,Enterprise,Online,G. Patel,false
SO-100973,2024-01-04,NA,United States,Ink Bottle Sepia 50ml,Ink,5,18,0,76.5,Consumer,Retail,C. Nakamura,false
SO-103318,2024-01-04,NA,Mexico,Fountain Pen Brass,Writing,3,79,0.1,181.31,Consumer,Retail,G. Patel,false
SO-103823,2024-01-04,MEA,Kenya,Pen Stand Walnut,Desk,1,29,0.1,22.19,Consumer,Online,E. Haddad,false
SO-104457,2024-01-04,APAC,Australia,Pen Case Canvas,Accessories,1,22,0,18.7,Small Business,Online,D. Rossi,false
SO-104684,2024-01-04,APAC,Singapore,Gel Pen 5-pack,Writing,1,9.9,0.2,6.73,Small Business,Retail,B. Lindqvist,false
SO-104723,2024-01-04,NA,Mexico,Fountain Pen Brass,Writing,3,79,0,201.45,Consumer,Retail,G. Patel,false
SO-105088,2024-01-04,EU,Spain,Quill Notebook A4,Stationery,2,16,0.1,24.48,Consumer,Online,A. Okafor,false
SO-101871,2024-01-05,APAC,Singapore,Calligraphy Starter Kit,Writing,3,58,0,147.9,Consumer,Online,H. Silva,false
SO-102286,2024-01-05,NA,Mexico,Monitor Riser Oak,Desk,1,64,0.05,51.68,Consumer,Online,C. Nakamura,false
SO-102331,2024-01-05,MEA,Kenya,Pen Case Canvas,Accessories,1,22,0,18.7,Consumer,Online,E. Haddad,false
SO-102698,2024-01-05,MEA,Kenya,Pen Stand Walnut,Desk,2,29,0,49.3,Enterprise,Online,E. Haddad,false
SO-102959,2024-01-05,EU,Spain,Calligraphy Starter Kit,Writing,1,58,0,49.3,Consumer,Retail,H. Silva,false
SO-103235,2024-01-05,APAC,Australia,Sticky Notes Pastel,Stationery,3,5.5,0.05,13.32,Consumer,Online,G. Patel,false
SO-103925,2024-01-05,EU,Spain,Sticky Notes Pastel,Stationery,2,5.5,0,9.35,Small Business,Online,C. Nakamura,false
SO-104003,2024-01-05,MEA,South Africa,Fountain Pen Classic,Writing,1,48,0.1,36.72,Enterprise,Wholesale,H. Silva,false
SO-104699,2024-01-05,NA,United States,Ink Bottle Sepia 50ml,Ink,1,18,0,15.3,Consumer,Retail,C. Nakamura,false
SO-105150,2024-01-05,LATAM,Argentina,Fountain Pen Classic,Writing,1,48,0.05,38.76,Consumer,Online,A. Okafor,false
SO-105979,2024-01-05,APAC,Australia,Fountain Pen Classic,Writing,1,48,0,40.8,Consumer,Online,F. Moreau,false
SO-100090,2024-01-06,EU,Netherlands,Pen Case Canvas,Accessories,1,22,0,18.7,Small Business,Online,A. Okafor,false
SO-101175,2024-01-06,LATAM,Brazil,Quill Notebook A4,Stationery,2,16,0,27.2,Consumer,Wholesale,F. Moreau,false
SO-101642,2024-01-06,NA,United States,Desk Mat Linen,Desk,1,34,0.2,23.12,Consumer,Online,E. Haddad,false
SO-101785,2024-01-06,APAC,Australia,Planner 2024,Stationery,3,24,0,61.2,Consumer,Retail,G. Patel,false
SO-102706,2024-01-06,EU,France,Fountain Pen Brass,Writing,1,79,0,67.15,Small Business,Retail,G. Patel,false
SO-103189,2024-01-06,EU,Spain,Ink Bottle Sepia 50ml,Ink,1,18,0,15.3,Consumer,Retail,H. Silva,false
SO-103256,2024-01-06,NA,Mexico,Leather Journal Cover,Accessories,1,42,0,35.7,Consumer,Online,E. Haddad,false
SO-103735,2024-01-06,NA,United States,Quill Notebook A4,Stationery,1,16,0.2,10.88,Small Business,Online,F. Moreau,true
SO-103993,2024-01-06,EU,Spain,Pen Stand Walnut,Desk,3,29,0,73.95,Consumer,Online,H. Silva,false
SO-104093,2024-01-06,NA,Canada,Sticky Notes Pastel,Stationery,1,5.5,0,4.68,Enterprise,Retail,D. Rossi,false
SO-101678,2024-01-07,EU,France,Ink Bottle Sepia 50ml,Ink,3,18,0,45.9,Consumer,Retail,E. Haddad,false
SO-102214,2024-01-07,NA,Canada,Quill Notebook A4,Stationery,1,16,0,13.6,Consumer,Retail,B. Lindqvist,false
SO-102444,2024-01-07,LATAM,Brazil,Gel Pen 5-pack,Writing,1,9.9,0,8.42,Consumer,Online,H. Silva,false
SO-102910,2024-01-07,NA,Mexico,Fountain Pen Brass,Writing,2,79,0,134.3,Small Business,Online,E. Haddad,false
SO-103855,2024-01-07,MEA,South Africa,Ink Bottle Sepia 50ml,Ink,5,18,0,76.5,Consumer,Retail,A. Okafor,false
SO-105811,2024-01-07,NA,Mexico,Quill Notebook A4,Stationery,2,16,0,27.2,Consumer,Online,H. Silva,false
SO-100013,2024-01-08,EU,France,Gel Pen 5-pack,Writing,2,9.9,0,16.83,Small Business,Online,B. Lindqvist,false
SO-101246,2024-01-08,EU,Spain,Pen Case Canvas,Accessories,2,22,0.05,35.53,Consumer,Online,G. Patel,false
SO-101374,2024-01-08,NA,Mexico,Leather Journal Cover,Accessories,1,42,0.1,32.13,Consumer,Online,F. Moreau,false
SO-101603,2024-01-08,MEA,South Africa,Fountain Pen Brass,Writing,2,79,0.1,120.87,Small Business,Online,D. Rossi,false
SO-103223,2024-01-08,LATAM,Argentina,Planner 2024,Stationery,1,24,0.05,19.38,Small Business,Online,H. Silva,false
SO-104367,2024-01-08,MEA,United Arab Emirates,Calligraphy Starter Kit,Writing,3,58,0.05,140.51,Consumer,Online,D. Rossi,false
SO-104969,2024-01-08,NA,Mexico,Leather Journal Cover,Accessories,1,42,0,35.7,Small Business,Wholesale,F. Moreau,false
SO-105147,2024-01-08,NA,Canada,Sticky Notes Pastel,Stationery,3,5.5,0,14.03,Small Business,Online,D. Rossi,false
SO-105181,2024-01-08,LATAM,Argentina,Ink Bottle Sepia 50ml,Ink,1,18,0,15.3,Small Business,Retail,A. Okafor,false
SO-101579,2024-01-09,NA,Mexico,Gel Pen 5-pack,Writing,1,9.9,0,8.42,Consumer,Retail,G. Patel,false
SO-102211,2024-01-09,NA,United States,Pen Stand Walnut,Desk,5,29,0,123.25,Small Business,Online,F. Moreau,false
SO-103342,2024-01-09,NA,Canada,Fountain Pen Classic,Writing,2,48,0,81.6,Small Business,Wholesale,B. Lindqvist,false
SO-103521,2024-01-09,MEA,Kenya,Monitor Riser Oak,Desk,1,64,0,54.4,Consumer,Online,H. Silva,false
SO-105022,2024-01-09,MEA,Kenya,Desk Mat Linen,Desk,3,34,0.1,78.03,Small Business,Online,G. Patel,false
SO-100295,2024-01-10,EU,France,Ink Bottle Sepia 50ml,Ink,2,18,0,30.6,Enterprise,Online,A. Okafor,false
SO-100678,2024-01-10,LATAM,Brazil,Monitor Riser Oak,Desk,1,64,0,54.4,Consumer,Online,H. Silva,false
SO-100765,2024-01-10,NA,United States,Planner 2024,Stationery,5,24,0,102,Small Business,Online,C. Nakamura,false
SO-101729,2024-01-10,MEA,Kenya,Ink Bottle Sepia 50ml,Ink,1,18,0,15.3,Enterprise,Retail,H. Silva,false
SO-102731,2024-01-10,LATAM,Chile,Desk Mat Linen,Desk,5,34,0,144.5,Small Business,Online,C. Nakamura,false
SO-103117,2024-01-10,NA,United States,Planner 2024,Stationery,2,24,0.05,38.76,Small Business,Online,G. Patel,false
SO-103628,2024-01-10,EU,Spain,Sticky Notes Pastel,Stationery,5,5.5,0,23.38,Small Business,Retail,G. Patel,false
SO-105077,2024-01-10,APAC,Singapore,Quill Notebook A4,Stationery,2,16,0,27.2,Consumer,Online,D. Rossi,false
SO-102250,2024-01-11,MEA,Kenya,Pen Stand Walnut,Desk,2,29,0,49.3,Consumer,Online,E. Haddad,false
SO-102376,2024-01-11,EU,United Kingdom,Calligraphy Starter Kit,Writing,2,58,0.05,93.67,Small Business,Online,H. Silva,false
SO-102427,2024-01-11,LATAM,Brazil,Quill Notebook A5,Stationery,1,12.5,0.2,8.5,Consumer,Online,G. Patel,false
SO-102497,2024-01-11,NA,Canada,Desk Mat Linen,Desk,10,34,0.2,231.2,Consumer,Retail,G. Patel,false
SO-102572,2024-01-11,NA,Mexico,Quill Notebook A5,Stationery,1,12.5,0,10.63,Consumer,Online,F. Moreau,false
SO-102732,2024-01-11,MEA,United Arab Emirates,Fountain Pen Classic,Writing,5,48,0.1,183.6,Consumer,Online,H. Silva,false
SO-103712,2024-01-11,LATAM,Argentina,Fountain Pen Brass,Writing,3,79,0,201.45,Consumer,Retail,F. Moreau,false
SO-104319,2024-01-11,EU,Germany,Quill Notebook A5,Stationery,1,12.5,0.2,8.5,Consumer,Online,C. Nakamura,false
SO-105145,2024-01-11,MEA,South Africa,Planner 2024,Stationery,5,24,0,102,Small Business,Online,D. Rossi,false
SO-105716,2024-01-11,LATAM,Brazil,Fountain Pen Classic,Writing,2,48,0,81.6,Consumer,Online,F. Moreau,false
SO-103044,2024-01-12,NA,United States,Calligraphy Starter Kit,Writing,1,58,0,49.3,Consumer,Online,D. Rossi,false
SO-104281,2024-01-12,MEA,Kenya,Fountain Pen Brass,Writing,1,79,0,67.15,Enterprise,Online,E. Haddad,false
SO-105195,2024-01-12,APAC,India,Monitor Riser Oak,Desk,2,64,0.1,97.92,Consumer,Retail,F. Moreau,false
SO-105392,2024-01-12,NA,United States,Pen Case Canvas,Accessories,3,22,0,56.1,Consumer,Online,E. Haddad,true
SO-100159,2024-01-13,APAC,Australia,Fountain Pen Brass,Writing,2,79,0.05,127.59,Consumer,Retail,H. Silva,false
SO-100453,2024-01-13,APAC,India,Pen Stand Walnut,Desk,2,29,0.1,44.37,Enterprise,Wholesale,D. Rossi,false
SO-100925,2024-01-13,NA,United States,Gel Pen 5-pack,Writing,1,9.9,0.2,6.73,Consumer,Online,B. Lindqvist,false
SO-101951,2024-01-13,LATAM,Argentina,Pen Case Canvas,Accessories,2,22,0.05,35.53,Consumer,Retail,E. Haddad,false
SO-102467,2024-01-13,MEA,United Arab Emirates,Quill Notebook A4,Stationery,1,16,0,13.6,Consumer,Retail,H. Silva,false
SO-102936,2024-01-13,APAC,Japan,Gel Pen 5-pack,Writing,1,9.9,0.2,6.73,Consumer,Online,D. Rossi,false
SO-103418,2024-01-13,LATAM,Chile,Quill Notebook A5,Stationery,3,12.5,0,31.88,Small Business,Retail,B. Lindqvist,true
SO-104852,2024-01-13,NA,Canada,Gel Pen 5-pack,Writing,3,9.9,0.1,22.72,Consumer,Retail,C. Nakamura,true
SO-105868,2024-01-13,LATAM,Brazil,Ink Bottle Sepia 50ml,Ink,1,18,0.05,14.53,Consumer,Online,H. Silva,false
SO-102496,2024-01-14,APAC,Australia,Sticky Notes Pastel,Stationery,1,5.5,0.1,4.21,Small Business,Retail,G. Patel,false
SO-103106,2024-01-14,EU,United Kingdom,Quill Notebook A5,Stationery,2,12.5,0,21.25,Consumer,Online,C. Nakamura,false
SO-103347,2024-01-14,NA,Mexico,Leather Journal Cover,Accessories,1,42,0,35.7,Small Business,Wholesale,A. Okafor,false
SO-103174,2024-01-15,LATAM,Chile,Quill Notebook A5,Stationery,1,12.5,0.1,9.56,Consumer,Online,F. Moreau,false
SO-103692,2024-01-15,MEA,Kenya,Calligraphy Starter Kit,Writing,3,58,0,147.9,Consumer,Online,G. Patel,false
SO-103693,2024-01-15,MEA,South Africa,Desk Mat Linen,Desk,3,34,0.05,82.37,Enterprise,Online,C. Nakamura,false
SO-103791,2024-01-15,APAC,India,Fountain Pen Brass,Writing,2,79,0.1,120.87,Consumer,Retail,H. Silva,false
SO-104272,2024-01-15,APAC,Australia,Fountain Pen Classic,Writing,2,48,0.05,77.52,Consumer,Wholesale,E. Haddad,false
SO-105940,2024-01-15,APAC,Australia,Desk Mat Linen,Desk,3,34,0.1,78.03,Consumer,Online,E. Haddad,true
SO-100309,2024-01-16,NA,United States,Calligraphy Starter Kit,Writing,3,58,0,147.9,Consumer,Online,E. Haddad,false
SO-101321,2024-01-16,NA,Mexico,Monitor Riser Oak,Desk,1,64,0.05,51.68,Consumer,Online,A. Okafor,false
SO-103755,2024-01-16,MEA,United Arab Emirates,Quill Notebook A4,Stationery,3,16,0,40.8,Small Business,Wholesale,A. Okafor,false
SO-104167,2024-01-16,EU,Germany,Desk Mat Linen,Desk,1,34,0,28.9,Consumer,Retail,H. Silva,false
SO-104306,2024-01-16,EU,France,Ink Bottle Sepia 50ml,Ink,3,18,0,45.9,Small Business,Retail,F. Moreau,false
SO-104825,2024-01-16,APAC,Australia,Fountain Pen Classic,Writing,1,48,0,40.8,Consumer,Online,B. Lindqvist,false
SO-105757,2024-01-16,MEA,South Africa,Leather Journal Cover,Accessories,3,42,0.1,96.39,Small Business,Online,F. Moreau,false
SO-100367,2024-01-17,NA,Canada,Fountain Pen Classic,Writing,1,48,0.1,36.72,Consumer,Retail,H. Silva,false
SO-101008,2024-01-17,LATAM,Argentina,Gel Pen 5-pack,Writing,2,9.9,0,16.83,Consumer,Wholesale,C. Nakamura,false
SO-102008,2024-01-17,APAC,Japan,Desk Mat Linen,Desk,1,34,0,28.9,Consumer,Online,F. Moreau,false
SO-102320,2024-01-17,EU,United Kingdom,Leather Journal Cover,Accessories,2,42,0,71.4,Consumer,Online,F. Moreau,false
SO-103414,2024-01-17,APAC,India,Pen Case Canvas,Accessories,1,22,0.2,14.96,Enterprise,Online,C. Nakamura,false
SO-103723,2024-01-17,LATAM,Argentina,Quill Notebook A4,Stationery,2,16,0,27.2,Consumer,Online,G. Patel,false
SO-104010,2024-01-17,EU,Netherlands,Leather Journal Cover,Accessories,1,42,0.1,32.13,Small Business,Retail,D. Rossi,false
SO-104238,2024-01-17,EU,France,Ink Cartridge Midnight,Ink,2,6.5,0,11.05,Consumer,Retail,C. Nakamura,false
SO-105428,2024-01-17,EU,United Kingdom,Pen Case Canvas,Accessories,5,22,0,93.5,Small Business,Online,E. Haddad,false
SO-105504,2024-01-17,APAC,Australia,Leather Journal Cover,Accessories,1,42,0,35.7,Enterprise,Online,C. Nakamura,false
SO-105533,2024-01-17,MEA,Kenya,Quill Notebook A4,Stationery,5,16,0,68,Consumer,Online,E. Haddad,false
SO-100455,2024-01-18,APAC,Japan,Ink Cartridge Midnight,Ink,3,6.5,0.05,15.75,Consumer,Retail,G. Patel,false
SO-103012,2024-01-18,APAC,Singapore,Ink Bottle Sepia 50ml,Ink,1,18,0,15.3,Consumer,Wholesale,B. Lindqvist,false
SO-103301,2024-01-18,MEA,Kenya,Pen Stand Walnut,Desk,3,29,0.1,66.55,Consumer,Online,H. Silva,false
SO-103530,2024-01-18,MEA,South Africa,Gel Pen 5-pack,Writing,2,9.9,0.05,15.99,Small Business,Online,E. Haddad,false
SO-104368,2024-01-18,LATAM,Chile,Fountain Pen Classic,Writing,1,48,0,40.8,Consumer,Online,B. Lindqvist,false
SO-105735,2024-01-18,APAC,Japan,Leather Journal Cover,Accessories,3,42,0,107.1,Small Business,Retail,D. Rossi,false
SO-101173,2024-01-19,APAC,Australia,Ink Cartridge Midnight,Ink,1,6.5,0,5.53,Small Business,Retail,G. Patel,false
SO-101849,2024-01-19,EU,Spain,Fountain Pen Classic,Writing,1,48,0.2,32.64,Consumer,Online,A. Okafor,false
SO-102719,2024-01-19,LATAM,Chile,Leather Journal Cover,Accessories,1,42,0,35.7,Small Business,Retail,H. Silva,false
SO-103482,2024-01-19,LATAM,Brazil,Calligraphy Starter Kit,Writing,2,58,0.05,93.67,Enterprise,Wholesale,G. Patel,false
SO-105192,2024-01-19,APAC,Australia,Fountain Pen Classic,Writing,1,48,0,40.8,Consumer,Retail,H. Silva,false
SO-100586,2024-01-20,NA,Mexico,Desk Mat Linen,Desk,3,34,0,86.7,Consumer,Wholesale,C. Nakamura,false
SO-100996,2024-01-20,APAC,Singapore,Quill Notebook A5,Stationery,1,12.5,0.05,10.09,Consumer,Wholesale,B. Lindqvist,false
SO-101916,2024-01-20,APAC,Singapore,Quill Notebook A4,Stationery,1,16,0.05,12.92,Consumer,Online,D. Rossi,false
SO-102509,2024-01-20,EU,Spain,Gel Pen 5-pack,Writing,3,9.9,0.05,23.98,Enterprise,Online,E. Haddad,false
SO-103802,2024-01-20,LATAM,Argentina,Pen Stand Walnut,Desk,1,29,0,24.65,Consumer,Online,B. Lindqvist,true
SO-103870,2024-01-20,APAC,Singapore,Ink Bottle Sepia 50ml,Ink,5,18,0,76.5,Small Business,Retail,B. Lindqvist,false
SO-104510,2024-01-20,EU,United Kingdom,Gel Pen 5-pack,Writing,2,9.9,0,16.83,Small Business,Online,G. Patel,false
SO-105878,2024-01-20,APAC,Singapore,Pen Case Canvas,Accessories,1,22,0.05,17.76,Small Business,Online,H. Silva,false
SO-100075,2024-01-21,LATAM,Chile,Leather Journal Cover,Accessories,1,42,0,35.7,Consumer,Retail,H. Silva,false
SO-102923,2024-01-21,EU,Germany,Quill Notebook A4,Stationery,5,16,0,68,Consumer,Online,C. Nakamura,false
SO-103556,2024-01-21,EU,Spain,Quill Notebook A5,Stationery,2,12.5,0,21.25,Consumer,Wholesale,E. Haddad,false
SO-104356,2024-01-21,MEA,United Arab Emirates,Leather Journal Cover,Accessories,1,42,0.05,33.92,Consumer,Retail,E. Haddad,false
SO-105681,2024-01-21,NA,Mexico,Monitor Riser Oak,Desk,1,64,0,54.4,Enterprise,Online,E. Haddad,false
SO-103195,2024-01-22,EU,United Kingdom,Fountain Pen Brass,Writing,3,79,0,201.45,Consumer,Retail,G. Patel,false
SO-103871,2024-01-22,MEA,Kenya,Sticky Notes Pastel,Stationery,2,5.5,0,9.35,Small Business,Online,E. Haddad,true
SO-105261,2024-01-22,EU,Spain,Sticky Notes Pastel,Stationery,5,5.5,0,23.38,Consumer,Retail,G. Patel,false
SO-101454,2024-01-23,MEA,United Arab Emirates,Planner 2024,Stationery,3,24,0,61.2,Consumer,Online,D. Rossi,false
SO-101521,2024-01-23,LATAM,Argentina,Fountain Pen Classic,Writing,1,48,0,40.8,Consumer,Online,D. Rossi,false
SO-102025,2024-01-23,LATAM,Argentina,Leather Journal Cover,Accessories,1,42,0,35.7,Consumer,Online,F. Moreau,false
SO-102288,2024-01-23,MEA,South Africa,Gel Pen 5-pack,Writing,1,9.9,0.05,7.99,Small Business,Online,H. Silva,false
SO-103761,2024-01-23,EU,Netherlands,Ink Cartridge Midnight,Ink,2,6.5,0.1,9.95,Consumer,Online,A. Okafor,false
SO-105061,2024-01-23,EU,Netherlands,Monitor Riser Oak,Desk,2,64,0,108.8,Small Business,Retail,B. Lindqvist,false
SO-105316,2024-01-23,LATAM,Chile,Monitor Riser Oak,Desk,1,64,0.05,51.68,Small Business,Wholesale,D. Rossi,false
SO-105814,2024-01-23,EU,Germany,Planner 2024,Stationery,5,24,0,102,Consumer,Online,E. Haddad,true
SO-105950,2024-01-23,EU,Germany,Sticky Notes Pastel,Stationery,5,5.5,0.1,21.04,Small Business,Retail,C. Nakamura,false
SO-100019,2024-01-24,NA,Mexico,Monitor Riser Oak,Desk,1,64,0,54.4,Small Business,Online,C. Nakamura,false
SO-100507,2024-01-24,NA,Mexico,Desk Mat Linen,Desk,2,34,0,57.8,Consumer,Online,F. Moreau,false
SO-100578,2024-01-24,NA,United States,Fountain Pen Classic,Writing,3,48,0,122.4,Consumer,Online,C. Nakamura,false
SO-101988,2024-01-24,MEA,Kenya,Calligraphy Starter Kit,Writing,1,58,0,49.3,Small Business,Retail,B. Lindqvist,false
SO-104745,2024-01-24,EU,United Kingdom,Pen Stand Walnut,Desk,1,29,0,24.65,Consumer,Online,H. Silva,false
SO-105202,2024-01-24,APAC,Australia,Ink Bottle Sepia 50ml,Ink,3,18,0.05,43.61,Small Business,Online,F. Moreau,true
SO-101165,2024-01-25,NA,Mexico,Ink Cartridge Midnight,Ink,1,6.5,0.05,5.25,Consumer,Online,F. Moreau,true
SO-102684,2024-01-25,APAC,Singapore,Quill Notebook A5,Stationery,3,12.5,0.1,28.69,Small Business,Online,D. Rossi,false
SO-103092,2024-01-25,EU,France,Monitor Riser Oak,Desk,1,64,0,54.4,Consumer,Online,C. Nakamura,false
SO-103447,2024-01-25,EU,Netherlands,Ink Bottle Sepia 50ml,Ink,1,18,0.1,13.77,Consumer,Online,G. Patel,false
SO-103724,2024-01-25,EU,Germany,Planner 2024,Stationery,1,24,0,20.4,Consumer,Online,C. Nakamura,false
SO-103933,2024-01-25,NA,United States,Leather Journal Cover,Accessories,1,42,0,35.7,Small Business,Online,D. Rossi,false
SO-104305,2024-01-25,LATAM,Argentina,Ink Bottle Sepia 50ml,Ink,1,18,0,15.3,Consumer,Online,C. Nakamura,false
SO-104415,2024-01-25,APAC,Japan,Gel Pen 5-pack,Writing,5,9.9,0.1,37.87,Small Business,Online,A. Okafor,false
SO-105193,2024-01-25,APAC,Singapore,Quill Notebook A5,Stationery,5,12.5,0,53.13,Small Business,Retail,A. Okafor,false
SO-100354,2024-01-26,EU,United Kingdom,Ink Cartridge Midnight,Ink,3,6.5,0,16.58,Consumer,Online,H. Silva,false
SO-100366,2024-01-26,EU,United Kingdom,Fountain Pen Classic,Writing,1,48,0.05,38.76,Consumer,Online,B. Lindqvist,false
SO-100383,2024-01-26,EU,Netherlands,Monitor Riser Oak,Desk,2,64,0,108.8,Small Business,Online,G. Patel,false
SO-100886,2024-01-26,APAC,India,Leather Journal Cover,Accessories,2,42,0.05,67.83,Consumer,Online,F. Moreau,false
SO-101448,2024-01-26,EU,United Kingdom,Quill Notebook A4,Stationery,2,16,0.05,25.84,Small Business,Wholesale,G. Patel,false
SO-102526,2024-01-26,APAC,Singapore,Pen Case Canvas,Accessories,1,22,0.1,16.83,Consumer,Online,D. Rossi,true
SO-102617,2024-01-26,APAC,India,Fountain Pen Classic,Writing,5,48,0.05,193.8,Consumer,Retail,B. Lindqvist,false
SO-103281,2024-01-26,MEA,South Africa,Quill Notebook A5,Stationery,5,12.5,0,53.13,Consumer,Online,F. Moreau,false
SO-103619,2024-01-26,MEA,United Arab Emirates,Desk Mat Linen,Desk,1,34,0,28.9,Consumer,Online,E. Haddad,false
SO-103834,2024-01-26,APAC,Singapore,Planner 2024,Stationery,1,24,0.1,18.36,Consumer,Online,H. Silva,false
SO-104291,2024-01-26,EU,Spain,Quill Notebook A4,Stationery,1,16,0.1,12.24,Small Business,Wholesale,B. Lindqvist,false
SO-100174,2024-01-27,NA,Canada,Planner 2024,Stationery,2,24,0,40.8,Consumer,Online,C. Nakamura,false
SO-100623,2024-01-27,NA,Mexico,Planner 2024,Stationery,3,24,0,61.2,Consumer,Online,F. Moreau,false
SO-101588,2024-01-27,APAC,Singapore,Ink Cartridge Midnight,Ink,3,6.5,0.05,15.75,Consumer,Online,A. Okafor,false
SO-102725,2024-01-27,EU,United Kingdom,Sticky Notes Pastel,Stationery,3,5.5,0,14.03,Small Business,Retail,F. Moreau,false
SO-102842,2024-01-27,NA,United States,Ink Cartridge Midnight,Ink,1,6.5,0,5.53,Consumer,Online,G. Patel,false
SO-102975,2024-01-27,LATAM,Brazil,Quill Notebook A5,Stationery,3,12.5,0.05,30.28,Consumer,Online,B. Lindqvist,false
SO-105059,2024-01-27,LATAM,Brazil,Leather Journal Cover,Accessories,1,42,0.1,32.13,Enterprise,Online,G. Patel,false
SO-105936,2024-01-27,APAC,India,Planner 2024,Stationery,2,24,0,40.8,Small Business,Online,D. Rossi,false
SO-100069,2024-01-28,EU,France,Sticky Notes Pastel,Stationery,1,5.5,0,4.68,Enterprise,Online,F. Moreau,false
SO-100686,2024-01-28,LATAM,Chile,Ink Bottle Sepia 50ml,Ink,2,18,0,30.6,Enterprise,Retail,E. Haddad,false
SO-100980,2024-01-28,MEA,Kenya,Fountain Pen Brass,Writing,2,79,0,134.3,Consumer,Retail,C. Nakamura,false
SO-102179,2024-01-28,MEA,Kenya,Monitor Riser Oak,Desk,2,64,0.2,87.04,Consumer,Online,B. Lindqvist,false
SO-104877,2024-01-28,LATAM,Chile,Quill Notebook A4,Stationery,3,16,0,40.8,Consumer,Retail,F. Moreau,true
SO-105085,2024-01-28,MEA,United Arab Emirates,Quill Notebook A5,Stationery,1,12.5,0,10.63,Consumer,Online,A. Okafor,false
SO-105361,2024-01-28,LATAM,Brazil,Monitor Riser Oak,Desk,1,64,0.2,43.52,Small Business,Retail,F. Moreau,false
SO-100259,2024-01-29,APAC,Japan,Ink Cartridge Midnight,Ink,2,6.5,0,11.05,Small Business,Retail,A. Okafor,false
SO-100289,2024-01-29,APAC,Australia,Gel Pen 5-pack,Writing,5,9.9,0,42.08,Small Business,Online,E. Haddad,false
SO-100571,2024-01-29,APAC,Singapore,Desk Mat Linen,Desk,1,34,0,28.9,Enterprise,Online,B. Lindqvist,false
SO-102979,2024-01-29,LATAM,Argentina,Fountain Pen Brass,Writing,2,79,0.05,127.59,Consumer,Online,C. Nakamura,false
SO-103251,2024-01-29,APAC,India,Fountain Pen Brass,Writing,10,79,0.2,537.2,Small Business,Retail,E. Haddad,false
SO-103287,2024-01-29,MEA,Kenya,Gel Pen 5-pack,Writing,1,9.9,0.1,7.57,Consumer,Online,C. Nakamura,false
SO-103555,2024-01-29,MEA,Kenya,Fountain Pen Brass,Writing,2,79,0.05,127.59,Small Business,Retail,B. Lindqvist,false
SO-103557,2024-01-29,EU,Netherlands,Desk Mat Linen,Desk,3,34,0,86.7,Consumer,Retail,D. Rossi,false
SO-103644,2024-01-29,LATAM,Argentina,Planner 2024,Stationery,3,24,0.1,55.08,Small Business,Online,B. Lindqvist,false
SO-104390,2024-01-29,NA,Mexico,Quill Notebook A5,Stationery,3,12.5,0.1,28.69,Consumer,Online,D. Rossi,false
SO-100841,2024-01-30,LATAM,Chile,Planner 2024,Stationery,1,24,0,20.4,Enterprise,Online,B. Lindqvist,false
SO-101408,2024-01-30,MEA,Kenya,Quill Notebook A5,Stationery,3,12.5,0.1,28.69,Consumer,Online,E. Haddad,false
SO-101806,2024-01-30,MEA,Kenya,Calligraphy Starter Kit,Writing,2,58,0.1,88.74,Consumer,Online,H. Silva,false
SO-103392,2024-01-30,EU,Germany,Sticky Notes Pastel,Stationery,1,5.5,0,4.68,Consumer,Online,G. Patel,false
SO-104630,2024-01-30,EU,Spain,Pen Stand Walnut,Desk,3,29,0,73.95,Consumer,Online,C. Nakamura,false
SO-104787,2024-01-30,LATAM,Brazil,Quill Notebook A4,Stationery,1,16,0.05,12.92,Consumer,Retail,H. Silva,false
SO-105844,2024-01-30,NA,Mexico,Pen Case Canvas,Accessories,2,22,0.05,35.53,Consumer,Retail,H. Silva,false
SO-100425,2024-01-31,APAC,Singapore,Monitor Riser Oak,Desk,2,64,0,108.8,Consumer,Retail,B. Lindqvist,false
SO-102130,2024-01-31,NA,Mexico,Desk Mat Linen,Desk,1,34,0,28.9,Consumer,Online,B. Lindqvist,false
SO-102493,2024-01-31,APAC,India,Fountain Pen Brass,Writing,1,79,0.05,63.79,Consumer,Retail,G. Patel,false
SO-102553,2024-01-31,LATAM,Chile,Pen Case Canvas,Accessories,3,22,0,56.1,Consumer,Retail,A. Okafor,false
SO-103460,2024-01-31,NA,Mexico,Sticky Notes Pastel,Stationery,1,5.5,0,4.68,Consumer,Retail,A. Okafor,false
SO-104958,2024-01-31,MEA,South Africa,Ink Bottle Sepia 50ml,Ink,3,18,0,45.9,Enterprise,Online,A. Okafor,false
SO-105382,2024-01-31,APAC,Singapore,Quill Notebook A4,Stationery,2,16,0,27.2,Consumer,Retail,G. Patel,false
SO-105495,2024-01-31,APAC,India,Gel Pen 5-pack,Writing,1,9.9,0.1,7.57,Enterprise,Retail,B. Lindqvist,false
SO-105714,2024-01-31,LATAM,Argentina,Fountain Pen Classic,Writing,2,48,0.1,73.44,Consumer,Online,F. Moreau,false
SO-100157,2024-02-01,LATAM,Chile,Leather Journal Cover,Accessories,2,42,0.1,75.6,Enterprise,Retail,C. Nakamura,true
SO-100247,2024-02-01,NA,Canada,Desk Mat Linen,Desk,2,34,0.1,61.2,Consumer,Wholesale,G. Patel,false
SO-100789,2024-02-01,EU,Germany,Ink Bottle Sepia 50ml,Ink,5,18,0,90,Small Business,Online,B. Lindqvist,false
SO-101216,2024-02-01,LATAM,Argentina,Quill Notebook A5,Stationery,1,12.5,0.1,11.25,Enterprise,Online,F. Moreau,false
SO-101658,2024-02-01,APAC,Singapore,Pen Stand Walnut,Desk,3,29,0,87,Small Business,Online,A. Okafor,false
SO-102252,2024-02-01,NA,United States,Quill Notebook A4,Stationery,5,16,0,80,Consumer,Retail,A. Okafor,false
SO-102723,2024-02-01,APAC,India,Quill Notebook A4,Stationery,3,16,0,48,Consumer,Online,F. Moreau,false
SO-103718,2024-02-01,APAC,India,Gel Pen 5-pack,Writing,1,9.9,0.05,9.4,Consumer,Retail,C. Nakamura,false
SO-104058,2024-02-01,MEA,Kenya,Quill Notebook A5,Stationery,2,12.5,0,25,Enterprise,Online,G. Patel,false
SO-104363,2024-02-01,EU,France,Fountain Pen Classic,Writing,2,48,0,96,Small Business,Online,D. Rossi,false
SO-100796,2024-02-02,NA,Canada,Leather Journal Cover,Accessories,1,42,0,42,Small Business,Retail,F. Moreau,false
SO-100814,2024-02-02,EU,Netherlands,Monitor Riser Oak,Desk,3,64,0,192,Small Business,Online,D. Rossi,false
SO-101084,2024-02-02,EU,Spain,Quill Notebook A4,Stationery,3,16,0.1,43.2,Enterprise,Retail,B. Lindqvist,false
SO-101752,2024-02-02,EU,United Kingdom,Quill Notebook A4,Stationery,1,16,0,16,Consumer,Online,B. Lindqvist,false
SO-102460,2024-02-02,NA,United States,Quill Notebook A4,Stationery,1,16,0,16,Consumer,Online,H. Silva,false
SO-103207,2024-02-02,NA,Mexico,Fountain Pen Classic,Writing,1,48,0,48,Small Business,Online,E. Haddad,false
SO-103374,2024-02-02,LATAM,Chile,Pen Case Canvas,Accessories,3,22,0,66,Consumer,Online,B. Lindqvist,false
SO-103429,2024-02-02,MEA,United Arab Emirates,Quill Notebook A5,Stationery,1,12.5,0,12.5,Consumer,Retail,H. Silva,false
SO-103763,2024-02-02,NA,United States,Calligraphy Starter Kit,Writing,1,58,0,58,Enterprise,Retail,F. Moreau,false
SO-103815,2024-02-02,EU,France,Ink Bottle Sepia 50ml,Ink,2,18,0,36,Small Business,Online,F. Moreau,false
SO-103964,2024-02-02,APAC,Australia,Fountain Pen Brass,Writing,3,79,0,237,Consumer,Online,C. Nakamura,false
SO-104473,2024-02-02,APAC,Japan,Quill Notebook A5,Stationery,1,12.5,0.05,11.88,Enterprise,Online,D. Rossi,false
SO-104529,2024-02-02,MEA,South Africa,Monitor Riser Oak,Desk,1,64,0,64,Consumer,Online,G. Patel,false
SO-104714,2024-02-02,LATAM,Brazil,Fountain Pen Classic,Writing,1,48,0.05,45.6,Consumer,Online,F. Moreau,false
SO-105619,2024-02-02,APAC,India,Ink Bottle Sepia 50ml,Ink,2,18,0.2,28.8,Consumer,Online,A. Okafor,false
SO-100010,2024-02-03,NA,Canada,Pen Case Canvas,Accessories,1,22,0.05,20.9,Small Business,Online,B. Lindqvist,false
SO-101777,2024-02-03,MEA,Kenya,Gel Pen 5-pack,Writing,1,9.9,0,9.9,Consumer,Online,H. Silva,false
SO-102478,2024-02-03,MEA,Kenya,Sticky Notes Pastel,Stationery,1,5.5,0,5.5,Consumer,Online,B. Lindqvist,false
SO-102508,2024-02-03,EU,United Kingdom,Quill Notebook A4,Stationery,2,16,0,32,Consumer,Online,H. Silva,false
SO-103412,2024-02-03,NA,Mexico,Pen Stand Walnut,Desk,3,29,0,87,Small Business,Online,D. Rossi,false
SO-103676,2024-02-03,LATAM,Argentina,Pen Case Canvas,Accessories,3,22,0.1,59.4,Consumer,Online,D. Rossi,false
SO-103701,2024-02-03,MEA,Kenya,Quill Notebook A5,Stationery,1,12.5,0.2,10,Small Business,Retail,C. Nakamura,false
SO-103997,2024-02-03,NA,Mexico,Ink Cartridge Midnight,Ink,3,6.5,0.1,17.55,Consumer,Online,F. Moreau,false
SO-104612,2024-02-03,LATAM,Argentina,Monitor Riser Oak,Desk,1,64,0.05,60.8,Consumer,Online,F. Moreau,false
SO-105579,2024-02-03,APAC,Singapore,Quill Notebook A5,Stationery,1,12.5,0.1,11.25,Consumer,Online,G. Patel,false
SO-105587,2024-02-03,EU,Spain,Ink Bottle Sepia 50ml,Ink,1,18,0,18,Small Business,Wholesale,D. Rossi,false
SO-100231,2024-02-04,NA,Mexico,Sticky Notes Pastel,Stationery,1,5.5,0.05,5.23,Consumer,Retail,C. Nakamura,false
SO-100915,2024-02-04,EU,Germany,Pen Case Canvas,Accessories,2,22,0.05,41.8,Consumer,Online,F. Moreau,false
SO-101771,2024-02-04,MEA,Kenya,Leather Journal Cover,Accessories,2,42,0,84,Consumer,Online,C. Nakamura,false
SO-103341,2024-02-04,NA,Canada,Quill Notebook A4,Stationery,2,16,0.05,30.4,Consumer,Retail,E. Haddad,false
SO-103573,2024-02-04,NA,Mexico,Ink Cartridge Midnight,Ink,1,6.5,0,6.5,Small Business,Online,A. Okafor,false
SO-104009,2024-02-04,MEA,United Arab Emirates,Planner 2024,Stationery,2,24,0,48,Small Business,Online,D. Rossi,false
SO-105446,2024-02-04,MEA,Kenya,Leather Journal Cover,Accessories,2,42,0,84,Small Business,Online,F. Moreau,false
SO-105965,2024-02-04,EU,Netherlands,Leather Journal Cover,Accessories,3,42,0.05,119.7,Consumer,Online,F. Moreau,false
SO-100011,2024-02-05,MEA,Kenya,Gel Pen 5-pack,Writing,2,9.9,0.1,17.82,Consumer,Online,H. Silva,false
SO-100505,2024-02-05,NA,Mexico,Calligraphy Starter Kit,Writing,2,58,0.05,110.2,Consumer,Online,A. Okafor,false
SO-101359,2024-02-05,EU,United Kingdom,Leather Journal Cover,Accessories,1,42,0,42,Small Business,Online,G. Patel,false
SO-101781,2024-02-05,MEA,United Arab Emirates,Planner 2024,Stationery,3,24,0,72,Consumer,Retail,G. Patel,false
SO-102451,2024-02-05,APAC,Singapore,Desk Mat Linen,Desk,2,34,0,68,Consumer,Online,C. Nakamura,false
SO-105998,2024-02-05,APAC,Singapore,Sticky Notes Pastel,Stationery,1,5.5,0.1,4.95,Consumer,Online,F. Moreau,false
SO-100337,2024-02-06,EU,Spain,Gel Pen 5-pack,Writing,1,9.9,0.05,9.4,Consumer,Online,F. Moreau,true
SO-102028,2024-02-06,MEA,Kenya,Quill Notebook A4,Stationery,1,16,0.1,14.4,Consumer,Online,B. Lindqvist,true
SO-103600,2024-02-06,NA,United States,Planner 2024,Stationery,1,24,0.05,22.8,Small Business,Retail,B. Lindqvist,false
SO-104296,2024-02-06,LATAM,Chile,Quill Notebook A5,Stationery,1,12.5,0,12.5,Consumer,Online,E. Haddad,false
SO-105198,2024-02-06,LATAM,Chile,Quill Notebook A4,Stationery,1,16,0,16,Consumer,Retail,H. Silva,false
SO-105859,2024-02-06,NA,Mexico,Pen Case Canvas,Accessories,3,22,0,66,Consumer,Online,B. Lindqvist,false
SO-103917,2024-02-07,MEA,South Africa,Fountain Pen Brass,Writing,5,79,0,395,Small Business,Online,C. Nakamura,false
SO-104705,2024-02-07,LATAM,Chile,Gel Pen 5-pack,Writing,2,9.9,0.05,18.81,Small Business,Wholesale,E. Haddad,false
SO-104912,2024-02-07,APAC,Australia,Desk Mat Linen,Desk,2,34,0.05,64.6,Consumer,Wholesale,B. Lindqvist,false
SO-105000,2024-02-07,EU,United Kingdom,Fountain Pen Brass,Writing,3,79,0.1,213.3,Enterprise,Online,H. Silva,false
SO-105127,2024-02-07,EU,Germany,Desk Mat Linen,Desk,1,34,0,34,Consumer,Online,F. Moreau,false
SO-105942,2024-02-07,MEA,United Arab Emirates,Quill Notebook A4,Stationery,1,16,0.05,15.2,Consumer,Online,C. Nakamura,false
SO-102734,2024-02-08,NA,Canada,Ink Cartridge Midnight,Ink,1,6.5,0,6.5,Small Business,Online,H. Silva,false
SO-102850,2024-02-08,LATAM,Chile,Sticky Notes Pastel,Stationery,1,5.5,0,5.5,Enterprise,Online,D. Rossi,false
SO-103210,2024-02-08,NA,Mexico,Quill Notebook A4,Stationery,1,16,0.05,15.2,Consumer,Retail,F. Moreau,false
SO-104407,2024-02-08,LATAM,Argentina,Sticky Notes Pastel,Stationery,1,5.5,0.05,5.23,Consumer,Wholesale,D. Rossi,false
SO-104842,2024-02-08,APAC,Australia,Monitor Riser Oak,Desk,1,64,0,64,Enterprise,Online,E. Haddad,false
SO-105282,2024-02-08,MEA,South Africa,Fountain Pen Classic,Writing,1,48,0.05,45.6,Consumer,Online,H. Silva,false
SO-105561,2024-02-08,MEA,Kenya,Gel Pen 5-pack,Writing,2,9.9,0.1,17.82,Enterprise,Retail,B. Lindqvist,false
SO-100776,2024-02-09,APAC,Japan,Quill Notebook A5,Stationery,1,12.5,0,12.5,Consumer,Wholesale,H. Silva,false
SO-101134,2024-02-09,APAC,India,Ink Bottle Sepia 50ml,Ink,2,18,0.1,32.4,Consumer,Online,E. Haddad,false
SO-101400,2024-02-09,NA,United States,Leather Journal Cover,Accessories,2,42,0,84,Consumer,Online,F. Moreau,false
SO-101648,2024-02-09,NA,Mexico,Monitor Riser Oak,Desk,1,64,0.05,60.8,Consumer,Retail,A. Okafor,true
SO-102613,2024-02-09,LATAM,Chile,Ink Cartridge Midnight,Ink,2,6.5,0,13,Small Business,Retail,G. Patel,false
SO-103230,2024-02-09,EU,Germany,Quill Notebook A5,Stationery,3,12.5,0.05,35.63,Consumer,Online,F. Moreau,false
SO-104098,2024-02-09,NA,Canada,Ink Cartridge Midnight,Ink,2,6.5,0,13,Small Business,Online,A. Okafor,false
SO-104996,2024-02-09,MEA,South Africa,Gel Pen 5-pack,Writing,2,9.9,0,19.8,Consumer,Online,E. Haddad,false
SO-105794,2024-02-09,APAC,Australia,Gel Pen 5-pack,Writing,5,9.9,0.1,44.55,Consumer,Retail,H. Silva,false
SO-105846,2024-02-09,LATAM,Brazil,Pen Stand Walnut,Desk,1,29,0,29,Consumer,Retail,B. Lindqvist,false
SO-100400,2024-02-10,LATAM,Chile,Pen Case Canvas,Accessories,3,22,0.1,59.4,Consumer,Wholesale,D. Rossi,false
SO-101981,2024-02-10,LATAM,Chile,Leather Journal Cover,Accessories,1,42,0,42,Small Business,Retail,G. Patel,false
SO-102402,2024-02-10,NA,Canada,Pen Case Canvas,Accessories,2,22,0,44,Consumer,Retail,F. Moreau,false
SO-103120,2024-02-10,LATAM,Argentina,Ink Bottle Sepia 50ml,Ink,2,18,0,36,Consumer,Online,B. Lindqvist,false
SO-104491,2024-02-10,NA,United States,Fountain Pen Classic,Writing,1,48,0.2,38.4,Consumer,Online,C. Nakamura,false
SO-105107,2024-02-10,NA,Mexico,Desk Mat Linen,Desk,1,34,0.1,30.6,Small Business,Retail,F. Moreau,false
SO-105224,2024-02-10,NA,Mexico,Planner 2024,Stationery,1,24,0,24,Small Business,Wholesale,D. Rossi,false
SO-105600,2024-02-10,MEA,Kenya,Quill Notebook A5,Stationery,5,12.5,0,62.5,Small Business,Retail,E. Haddad,false
SO-100975,2024-02-11,EU,France,Ink Bottle Sepia 50ml,Ink,3,18,0.05,51.3,Consumer,Retail,D. Rossi,false
SO-101079,2024-02-11,LATAM,Chile,Monitor Riser Oak,Desk,2,64,0,128,Small Business,Online,B. Lindqvist,false
SO-102140,2024-02-11,APAC,Australia,Fountain Pen Brass,Writing,3,79,0,237,Consumer,Retail,C. Nakamura,false
SO-102831,2024-02-11,APAC,Singapore,Monitor Riser Oak,Desk,1,64,0,64,Consumer,Retail,C. Nakamura,false
SO-102964,2024-02-11,MEA,United Arab Emirates,Desk Mat Linen,Desk,2,34,0,68,Consumer,Retail,E. Haddad,false
SO-103130,2024-02-11,NA,United States,Ink Cartridge Midnight,Ink,10,6.5,0,65,Small Business,Retail,H. Silva,true
SO-103448,2024-02-11,MEA,Kenya,Fountain Pen Brass,Writing,1,79,0.1,71.1,Small Business,Retail,D. Rossi,false
SO-104393,2024-02-11,MEA,Kenya,Planner 2024,Stationery,1,24,0,24,Small Business,Online,G. Patel,false
SO-104593,2024-02-11,APAC,Singapore,Ink Bottle Sepia 50ml,Ink,5,18,0,90,Small Business,Online,C. Nakamura,false
SO-104869,2024-02-11,MEA,Kenya,Ink Cartridge Midnight,Ink,1,6.5,0.05,6.18,Small Business,Online,H. Silva,false
SO-105013,2024-02-11,MEA,United Arab Emirates,Calligraphy Starter Kit,Writing,1,58,0.05,55.1,Consumer,Retail,B. Lindqvist,true
SO-105056,2024-02-11,APAC,Japan,Sticky Notes Pastel,Stationery,3,5.5,0.1,14.85,Consumer,Retail,F. Moreau,false
SO-105416,2024-02-11,EU,Germany,Ink Bottle Sepia 50ml,Ink,1,18,0,18,Consumer,Online,F. Moreau,false
SO-105796,2024-02-11,APAC,Japan,Planner 2024,Stationery,2,24,0,48,Small Business,Retail,F. Moreau,false
SO-100016,2024-02-12,MEA,South Africa,Pen Case Canvas,Accessories,2,22,0,44,Consumer,Retail,D. Rossi,false
SO-100451,2024-02-12,NA,Mexico,Quill Notebook A4,Stationery,1,16,0.1,14.4,Consumer,Retail,D. Rossi,false
SO-100665,2024-02-12,NA,United States,Leather Journal Cover,Accessories,2,42,0.05,79.8,Consumer,Retail,D. Rossi,false
SO-100672,2024-02-12,NA,Mexico,Calligraphy Starter Kit,Writing,5,58,0,290,Enterprise,Online,A. Okafor,false
SO-101055,2024-02-12,LATAM,Argentina,Planner 2024,Stationery,1,24,0.2,19.2,Consumer,Online,H. Silva,false
SO-103036,2024-02-12,EU,United Kingdom,Fountain Pen Brass,Writing,2,79,0.05,150.1,Consumer,Online,H. Silva,false
SO-103190,2024-02-12,EU,Germany,Quill Notebook A5,Stationery,2,12.5,0,25,Consumer,Retail,A. Okafor,false
SO-104045,2024-02-12,LATAM,Brazil,Ink Cartridge Midnight,Ink,1,6.5,0.2,5.2,Consumer,Online,G. Patel,false
SO-104450,2024-02-12,APAC,Japan,Quill Notebook A4,Stationery,3,16,0,48,Consumer,Retail,H. Silva,false
SO-104493,2024-02-12,EU,United Kingdom,Pen Case Canvas,Accessories,5,22,0,110,Small Business,Online,A. Okafor,false
SO-104752,2024-02-12,LATAM,Argentina,Sticky Notes Pastel,Stationery,2,5.5,0.05,10.45,Consumer,Online,C. Nakamura,false
SO-105615,2024-02-12,APAC,Japan,Sticky Notes Pastel,Stationery,10,5.5,0.1,49.5,Consumer,Online,D. Rossi,false
SO-102162,2024-02-13,EU,Spain,Ink Bottle Sepia 50ml,Ink,2,18,0,36,Consumer,Online,A. Okafor,false
SO-103086,2024-02-13,MEA,South Africa,Desk Mat Linen,Desk,1,34,0,34,Consumer,Retail,F. Moreau,false
SO-105001,2024-02-13,EU,Germany,Fountain Pen Brass,Writing,1,79,0.1,71.1,Consumer,Retail,D. Rossi,false
SO-105375,2024-02-13,APAC,Japan,Monitor Riser Oak,Desk,1,64,0,64,Consumer,Retail,G. Patel,false
SO-105951,2024-02-13,APAC,Singapore,Calligraphy Starter Kit,Writing,1,58,0,58,Enterprise,Online,D. Rossi,false
SO-100062,2024-02-14,APAC,Japan,Planner 2024,Stationery,1,24,0.1,21.6,Consumer,Online,D. Rossi,false
SO-100087,2024-02-14,MEA,Kenya,Desk Mat Linen,Desk,2,34,0,68,Enterprise,Online,C. Nakamura,false
SO-100822,2024-02-14,EU,Spain,Calligraphy Starter Kit,Writing,1,58,0.2,46.4,Consumer,Retail,D. Rossi,true
SO-101041,2024-02-14,LATAM,Argentina,Gel Pen 5-pack,Writing,1,9.9,0,9.9,Consumer,Wholesale,D. Rossi,false
SO-101080,2024-02-14,APAC,Japan,Quill Notebook A4,Stationery,1,16,0,16,Enterprise,Retail,F. Moreau,false
SO-101334,2024-02-14,MEA,Kenya,Calligraphy Starter Kit,Writing,3,58,0,174,Small Business,Wholesale,H. Silva,false
SO-102191,2024-02-14,MEA,South Africa,Monitor Riser Oak,Desk,1,64,0.05,60.8,Consumer,Online,H. Silva,false
SO-102377,2024-02-14,MEA,South Africa,Calligraphy Starter Kit,Writing,2,58,0,116,Consumer,Online,H. Silva,false
SO-103564,2024-02-14,EU,Germany,Ink Cartridge Midnight,Ink,2,6.5,0,13,Small Business,Wholesale,F. Moreau,false
SO-105820,2024-02-14,EU,Spain,Ink Cartridge Midnight,Ink,2,6.5,0,13,Small Business,Retail,F. Moreau,false
SO-100591,2024-02-15,LATAM,Brazil,Monitor Riser Oak,Desk,1,64,0,64,Consumer,Retail,C. Nakamura,false
SO-101470,2024-02-15,NA,United States,Pen Stand Walnut,Desk,1,29,0.2,23.2,Consumer,Retail,C. Nakamura,false
SO-102263,2024-02-15,MEA,Kenya,Ink Bottle Sepia 50ml,Ink,2,18,0,36,Small Business,Online,C. Nakamura,false
SO-103797,2024-02-15,LATAM,Brazil,Desk Mat Linen,Desk,1,34,0.2,27.2,Small Business,Online,H. Silva,false
SO-104126,2024-02-15,NA,Mexico,Sticky Notes Pastel,Stationery,1,5.5,0,5.5,Small Business,Online,G. Patel,false
SO-104971,2024-02-15,MEA,South Africa,Quill Notebook A5,Stationery,2,12.5,0.2,20,Consumer,Retail,C. Nakamura,false
SO-105096,2024-02-15,EU,Spain,Ink Cartridge Midnight,Ink,1,6.5,0,6.5,Small Business,Online,E. Haddad,false
SO-100460,2024-02-16,APAC,India,Gel Pen 5-pack,Writing,1,9.9,0,9.9,Consumer,Online,D. Rossi,false
SO-101886,2024-02-16,APAC,Singapore,Pen Stand Walnut,Desk,2,29,0,58,Small Business,Retail,D. Rossi,false
SO-105767,2024-02-16,NA,United States,Ink Cartridge Midnight,Ink,1,6.5,0.1,5.85,Consumer,Online,F. Moreau,false
SO-100508,2024-02-17,NA,Canada,Sticky Notes Pastel,Stationery,1,5.5,0,5.5,Small Business,Online,G. Patel,false
SO-101317,2024-02-17,EU,Netherlands,Gel Pen 5-pack,Writing,1,9.9,0.1,8.91,Consumer,Online,G. Patel,false
SO-101939,2024-02-17,EU,United Kingdom,Sticky Notes Pastel,Stationery,10,5.5,0,55,Small Business,Online,G. Patel,false
SO-102225,2024-02-17,LATAM,Brazil,Ink Cartridge Midnight,Ink,3,6.5,0,19.5,Consumer,Online,A. Okafor,false
SO-103327,2024-02-17,APAC,India,Sticky Notes Pastel,Stationery,1,5.5,0.05,5.23,Consumer,Online,C. Nakamura,false
SO-103475,2024-02-17,NA,Canada,Gel Pen 5-pack,Writing,3,9.9,0.2,23.76,Enterprise,Retail,A. Okafor,false
SO-104279,2024-02-17,MEA,United Arab Emirates,Desk Mat Linen,Desk,3,34,0,102,Consumer,Online,G. Patel,true
SO-104748,2024-02-17,NA,Canada,Pen Case Canvas,Accessories,1,22,0,22,Small Business,Retail,F. Moreau,false
SO-105342,2024-02-17,NA,United States,Quill Notebook A4,Stationery,1,16,0,16,Enterprise,Retail,C. Nakamura,false
SO-105809,2024-02-17,LATAM,Chile,Leather Journal Cover,Accessories,10,42,0.05,399,Consumer,Online,H. Silva,false
SO-105827,2024-02-17,NA,United States,Fountain Pen Brass,Writing,1,79,0,79,Consumer,Retail,G. Patel,false
SO-101108,2024-02-18,MEA,South Africa,Gel Pen 5-pack,Writing,1,9.9,0.1,8.91,Consumer,Online,E. Haddad,false
SO-102596,2024-02-18,LATAM,Chile,Ink Cartridge Midnight,Ink,1,6.5,0.05,6.18,Consumer,Online,H. Silva,false
SO-103090,2024-02-18,NA,Canada,Ink Bottle Sepia 50ml,Ink,5,18,0.1,81,Consumer,Wholesale,G. Patel,false
SO-103673,2024-02-18,LATAM,Argentina,Quill Notebook A5,Stationery,1,12.5,0,12.5,Consumer,Online,D. Rossi,false
SO-103773,2024-02-18,EU,Netherlands,Ink Bottle Sepia 50ml,Ink,3,18,0.05,51.3,Small Business,Online,A. Okafor,false
SO-103985,2024-02-18,MEA,Kenya,Desk Mat Linen,Desk,3,34,0,102,Small Business,Retail,C. Nakamura,false
SO-104004,2024-02-18,MEA,South Africa,Desk Mat Linen,Desk,1,34,0,34,Consumer,Retail,C. Nakamura,false
SO-104547,2024-02-18,LATAM,Argentina,Sticky Notes Pastel,Stationery,1,5.5,0.05,5.23,Enterprise,Retail,F. Moreau,false
SO-105633,2024-02-18,NA,Mexico,Ink Cartridge Midnight,Ink,1,6.5,0.2,5.2,Small Business,Online,E. Haddad,false
SO-100891,2024-02-19,MEA,South Africa,Leather Journal Cover,Accessories,1,42,0,42,Enterprise,Online,E. Haddad,false
SO-101318,2024-02-19,APAC,Australia,Pen Case Canvas,Accessories,1,22,0,22,Consumer,Retail,E. Haddad,false
SO-101746,2024-02-19,APAC,India,Calligraphy Starter Kit,Writing,1,58,0,58,Consumer,Online,E. Haddad,false
SO-101820,2024-02-19,LATAM,Chile,Fountain Pen Brass,Writing,10,79,0.1,711,Small Business,Online,H. Silva,false
SO-101965,2024-02-19,EU,Spain,Leather Journal Cover,Accessories,5,42,0.05,199.5,Enterprise,Retail,D. Rossi,false
SO-103330,2024-02-19,NA,United States,Fountain Pen Classic,Writing,3,48,0,144,Enterprise,Online,E. Haddad,false
SO-103425,2024-02-19,APAC,Singapore,Ink Cartridge Midnight,Ink,2,6.5,0,13,Small Business,Wholesale,F. Moreau,false
SO-103683,2024-02-19,LATAM,Chile,Monitor Riser Oak,Desk,3,64,0,192,Small Business,Online,D. Rossi,false
SO-103694,2024-02-19,LATAM,Brazil,Calligraphy Starter Kit,Writing,1,58,0.05,55.1,Small Business,Online,A. Okafor,false
SO-103725,2024-02-19,APAC,Australia,Planner 2024,Stationery,1,24,0,24,Small Business,Retail,A. Okafor,false
SO-104651,2024-02-19,LATAM,Argentina,Fountain Pen Brass,Writing,1,79,0,79,Consumer,Online,G. Patel,false
SO-104911,2024-02-19,MEA,Kenya,Desk Mat Linen,Desk,1,34,0,34,Consumer,Online,D. Rossi,true
SO-100234,2024-02-20,LATAM,Brazil,Monitor Riser Oak,Desk,2,64,0.05,121.6,Small Business,Online,C. Nakamura,false
SO-101106,2024-02-20,APAC,Singapore,Quill Notebook A5,Stationery,3,12.5,0.05,35.63,Consumer,Retail,B. Lindqvist,false
SO-100275,2024-02-21,LATAM,Argentina,Ink Bottle Sepia 50ml,Ink,1,18,0,18,Consumer,Online,D. Rossi,false
SO-100415,2024-02-21,MEA,Kenya,Quill Notebook A5,Stationery,1,12.5,0,12.5,Small Business,Retail,C. Nakamura,false
SO-100700,2024-02-21,NA,Canada,Desk Mat Linen,Desk,2,34,0,68,Small Business,Online,F. Moreau,false
SO-102751,2024-02-21,LATAM,Argentina,Calligraphy Starter Kit,Writing,3,58,0.2,139.2,Small Business,Online,B. Lindqvist,false
SO-104252,2024-02-21,EU,Spain,Fountain Pen Classic,Writing,2,48,0.05,91.2,Small Business,Wholesale,C. Nakamura,false
SO-100668,2024-02-22,MEA,Kenya,Pen Stand Walnut,Desk,1,29,0,29,Small Business,Retail,G. Patel,false
SO-101829,2024-02-22,MEA,United Arab Emirates,Desk Mat Linen,Desk,3,34,0,102,Consumer,Retail,A. Okafor,false
SO-103991,2024-02-22,APAC,Singapore,Monitor Riser Oak,Desk,5,64,0,320,Consumer,Online,C. Nakamura,false
SO-104635,2024-02-22,APAC,India,Fountain Pen Brass,Writing,2,79,0,158,Enterprise,Retail,H. Silva,false
SO-105597,2024-02-22,MEA,Kenya,Leather Journal Cover,Accessories,2,42,0.05,79.8,Consumer,Online,F. Moreau,false
SO-100570,2024-02-23,MEA,South Africa,Ink Bottle Sepia 50ml,Ink,3,18,0,54,Consumer,Online,G. Patel,false
SO-101458,2024-02-23,EU,Netherlands,Quill Notebook A4,Stationery,1,16,0,16,Consumer,Online,E. Haddad,false
SO-102551,2024-02-23,EU,United Kingdom,Pen Stand Walnut,Desk,2,29,0,58,Enterprise,Wholesale,H. Silva,false
SO-103083,2024-02-23,APAC,Australia,Monitor Riser Oak,Desk,2,64,0,128,Small Business,Online,B. Lindqvist,false
SO-103116,2024-02-23,NA,Canada,Planner 2024,Stationery,3,24,0,72,Consumer,Retail,A. Okafor,false
SO-103218,2024-02-23,APAC,Australia,Planner 2024,Stationery,2,24,0,48,Consumer,Online,D. Rossi,false
SO-104770,2024-02-23,MEA,Kenya,Planner 2024,Stationery,1,24,0,24,Enterprise,Online,G. Patel,false
SO-105329,2024-02-23,NA,Mexico,Pen Case Canvas,Accessories,2,22,0,44,Small Business,Online,G. Patel,false
SO-100138,2024-02-24,APAC,Japan,Leather Journal Cover,Accessories,5,42,0,210,Enterprise,Wholesale,C. Nakamura,false
SO-100954,2024-02-24,EU,Netherlands,Desk Mat Linen,Desk,1,34,0,34,Small Business,Wholesale,H. Silva,false
SO-101306,2024-02-24,NA,Mexico,Ink Cartridge Midnight,Ink,5,6.5,0,32.5,Consumer,Online,D. Rossi,false
SO-101452,2024-02-24,EU,France,Pen Case Canvas,Accessories,1,22,0,22,Consumer,Online,F. Moreau,false
SO-101724,2024-02-24,NA,United States,Planner 2024,Stationery,1,24,0,24,Small Business,Online,G. Patel,false
SO-101860,2024-02-24,APAC,Australia,Ink Cartridge Midnight,Ink,1,6.5,0,6.5,Enterprise,Online,C. Nakamura,false
SO-102592,2024-02-24,EU,United Kingdom,Leather Journal Cover,Accessories,3,42,0.1,113.4,Consumer,Online,B. Lindqvist,false
SO-104186,2024-02-24,APAC,Singapore,Quill Notebook A4,Stationery,1,16,0.1,14.4,Consumer,Online,E. Haddad,false
SO-104952,2024-02-24,APAC,Singapore,Pen Stand Walnut,Desk,1,29,0,29,Small Business,Online,D. Rossi,false
SO-105090,2024-02-24,MEA,Kenya,Ink Bottle Sepia 50ml,Ink,3,18,0.05,51.3,Consumer,Wholesale,H. Silva,false
SO-105320,2024-02-24,APAC,Japan,Leather Journal Cover,Accessories,1,42,0,42,Small Business,Retail,B. Lindqvist,false
SO-100156,2024-02-25,EU,United Kingdom,Ink Cartridge Midnight,Ink,5,6.5,0,32.5,Consumer,Retail,F. Moreau,false
SO-100379,2024-02-25,LATAM,Chile,Planner 2024,Stationery,2,24,0,48,Consumer,Retail,E. Haddad,false
SO-102833,2024-02-25,APAC,Australia,Calligraphy Starter Kit,Writing,1,58,0.05,55.1,Consumer,Online,A. Okafor,false
SO-103505,2024-02-25,LATAM,Argentina,Leather Journal Cover,Accessories,1,42,0,42,Consumer,Online,C. Nakamura,false
SO-104325,2024-02-25,NA,Mexico,Ink Cartridge Midnight,Ink,3,6.5,0,19.5,Small Business,Retail,E. Haddad,false
SO-105914,2024-02-25,LATAM,Argentina,Planner 2024,Stationery,1,24,0.1,21.6,Small Business,Online,F. Moreau,false
SO-105961,2024-02-25,NA,Canada,Gel Pen 5-pack,Writing,3,9.9,0.05,28.22,Enterprise,Retail,E. Haddad,false
SO-100014,2024-02-26,MEA,Kenya,Desk Mat Linen,Desk,5,34,0,170,Consumer,Retail,G. Patel,false
SO-101016,2024-02-26,NA,Canada,Planner 2024,Stationery,2,24,0,48,Consumer,Retail,F. Moreau,false
SO-102929,2024-02-26,MEA,South Africa,Ink Bottle Sepia 50ml,Ink,1,18,0.1,16.2,Consumer,Retail,E. Haddad,false
SO-103579,2024-02-26,APAC,Australia,Planner 2024,Stationery,3,24,0,72,Consumer,Retail,B. Lindqvist,false
SO-104451,2024-02-26,APAC,India,Pen Stand Walnut,Desk,2,29,0,58,Consumer,Retail,B. Lindqvist,false
SO-105055,2024-02-26,APAC,India,Fountain Pen Classic,Writing,1,48,0,48,Small Business,Online,B. Lindqvist,false
SO-105297,2024-02-26,NA,United States,Pen Case Canvas,Accessories,1,22,0.05,20.9,Consumer,Online,F. Moreau,false
SO-105469,2024-02-26,NA,United States,Pen Case Canvas,Accessories,1,22,0,22,Consumer,Online,A. Okafor,false
SO-100059,2024-02-27,LATAM,Brazil,Ink Cartridge Midnight,Ink,3,6.5,0,19.5,Small Business,Online,E. Haddad,false
SO-100363,2024-02-27,APAC,Singapore,Ink Cartridge Midnight,Ink,1,6.5,0,6.5,Small Business,Online,G. Patel,false
SO-100468,2024-02-27,APAC,Japan,Pen Case Canvas,Accessories,2,22,0,44,Consumer,Online,G. Patel,false
SO-100663,2024-02-27,EU,United Kingdom,Quill Notebook A5,Stationery,2,12.5,0.1,22.5,Small Business,Online,G. Patel,false
SO-100803,2024-02-27,LATAM,Chile,Sticky Notes Pastel,Stationery,5,5.5,0,27.5,Consumer,Online,C. Nakamura,false
SO-103605,2024-02-27,APAC,Australia,Calligraphy Starter Kit,Writing,1,58,0.05,55.1,Consumer,Online,C. Nakamura,false
SO-103952,2024-02-27,APAC,India,Fountain Pen Brass,Writing,2,79,0.05,150.1,Consumer,Wholesale,D. Rossi,false
SO-104375,2024-02-27,EU,France,Ink Bottle Sepia 50ml,Ink,1,18,0,18,Small Business,Online,A. Okafor,false
SO-104967,2024-02-27,APAC,Singapore,Fountain Pen Brass,Writing,1,79,0.2,63.2,Consumer,Retail,D. Rossi,false
SO-100189,2024-02-28,LATAM,Argentina,Planner 2024,Stationery,1,24,0,24,Enterprise,Online,G. Patel,false
SO-100933,2024-02-28,NA,United States,Fountain Pen Brass,Writing,3,79,0,237,Small Business,Online,C. Nakamura,false
SO-101192,2024-02-28,EU,United Kingdom,Ink Bottle Sepia 50ml,Ink,1,18,0.1,16.2,Consumer,Online,G. Patel,true
SO-101791,2024-02-28,APAC,Australia,Fountain Pen Brass,Writing,2,79,0.1,142.2,Consumer,Online,G. Patel,false
SO-102631,2024-02-28,LATAM,Chile,Calligraphy Starter Kit,Writing,5,58,0.05,275.5,Enterprise,Online,E. Haddad,false
SO-104963,2024-02-28,LATAM,Chile,Ink Bottle Sepia 50ml,Ink,1,18,0,18,Consumer,Retail,G. Patel,false
SO-105650,2024-02-28,LATAM,Brazil,Leather Journal Cover,Accessories,2,42,0,84,Consumer,Retail,E. Haddad,false
SO-101004,2024-02-29,NA,Canada,Pen Stand Walnut,Desk,3,29,0.05,82.65,Small Business,Online,F. Moreau,false
SO-101373,2024-02-29,NA,Canada,Monitor Riser Oak,Desk,2,64,0.05,121.6,Consumer,Online,D. Rossi,false
SO-101474,2024-02-29,EU,Spain,Desk Mat Linen,Desk,1,34,0,34,Consumer,Wholesale,G. Patel,false
SO-101635,2024-02-29,NA,United States,Desk Mat Linen,Desk,1,34,0.2,27.2,Small Business,Retail,D. Rossi,false
SO-102538,2024-02-29,APAC,Japan,Monitor Riser Oak,Desk,2,64,0.05,121.6,Consumer,Online,F. Moreau,false
SO-104631,2024-02-29,LATAM,Brazil,Gel Pen 5-pack,Writing,2,9.9,0,19.8,Consumer,Retail,B. Lindqvist,false
SO-104984,2024-02-29,LATAM,Brazil,Fountain Pen Classic,Writing,1,48,0.2,38.4,Consumer,Online,E. Haddad,false
SO-100966,2024-03-01,EU,United Kingdom,Pen Case Canvas,Accessories,2,22,0,44,Small Business,Online,C. Nakamura,false
SO-101669,2024-03-01,MEA,United Arab Emirates,Fountain Pen Brass,Writing,1,79,0,79,Consumer,Retail,H. Silva,false
SO-102372,2024-03-01,MEA,United Arab Emirates,Calligraphy Starter Kit,Writing,1,58,0.05,55.1,Small Business,Wholesale,B. Lindqvist,false
SO-102465,2024-03-01,APAC,India,Fountain Pen Brass,Writing,3,79,0,237,Small Business,Online,A. Okafor,false
SO-102872,2024-03-01,LATAM,Argentina,Sticky Notes Pastel,Stationery,1,5.5,0,5.5,Consumer,Retail,C. Nakamura,false
SO-103077,2024-03-01,NA,Mexico,Sticky Notes Pastel,Stationery,1,5.5,0,5.5,Small Business,Online,A. Okafor,false
SO-101822,2024-03-02,MEA,United Arab Emirates,Fountain Pen Classic,Writing,1,48,0,48,Small Business,Wholesale,H. Silva,false
SO-102192,2024-03-02,NA,Mexico,Monitor Riser Oak,Desk,3,64,0,192,Consumer,Retail,H. Silva,false
SO-102836,2024-03-02,LATAM,Chile,Ink Cartridge Midnight,Ink,1,6.5,0,6.5,Consumer,Online,B. Lindqvist,false
SO-102917,2024-03-02,MEA,United Arab Emirates,Pen Stand Walnut,Desk,2,29,0,58,Enterprise,Online,E. Haddad,false
SO-103760,2024-03-02,MEA,Kenya,Leather Journal Cover,Accessories,1,42,0,42,Consumer,Retail,E. Haddad,false
SO-104899,2024-03-02,LATAM,Chile,Quill Notebook A4,Stationery,5,16,0,80,Consumer,Retail,D. Rossi,false
SO-104964,2024-03-02,LATAM,Chile,Ink Cartridge Midnight,Ink,10,6.5,0.2,52,Small Business,Retail,E. Haddad,false
SO-105094,2024-03-02,LATAM,Chile,Pen Stand Walnut,Desk,3,29,0.1,78.3,Consumer,Online,D. Rossi,false
SO-101059,2024-03-03,EU,United Kingdom,Quill Notebook A5,Stationery,2,12.5,0,25,Enterprise,Online,G. Patel,false
SO-101060,2024-03-03,EU,United Kingdom,Ink Bottle Sepia 50ml,Ink,1,18,0,18,Small Business,Online,B. Lindqvist,false
SO-101067,2024-03-03,APAC,Japan,Quill Notebook A5,Stationery,2,12.5,0,25,Consumer,Online,B. Lindqvist,false
SO-105612,2024-03-03,MEA,South Africa,Leather Journal Cover,Accessories,1,42,0,42,Consumer,Retail,H. Silva,false
SO-101559,2024-03-04,NA,Mexico,Quill Notebook A5,Stationery,1,12.5,0,12.5,Small Business,Retail,D. Rossi,false
SO-102428,2024-03-04,NA,Mexico,Ink Cartridge Midnight,Ink,1,6.5,0,6.5,Small Business,Retail,C. Nakamura,false
SO-103377,2024-03-04,APAC,Australia,Pen Stand Walnut,Desk,2,29,0.1,52.2,Small Business,Online,D. Rossi,false
SO-103419,2024-03-04,MEA,United Arab Emirates,Ink Cartridge Midnight,Ink,1,6.5,0,6.5,Consumer,Online,H. Silva,false
SO-103670,2024-03-04,MEA,Kenya,Desk Mat Linen,Desk,3,34,0,102,Consumer,Online,F. Moreau,false
SO-105269,2024-03-04,EU,Spain,Fountain Pen Brass,Writing,1,79,0.05,75.05,Small Business,Online,A. Okafor,false
SO-105389,2024-03-04,APAC,Japan,Ink Bottle Sepia 50ml,Ink,2,18,0,36,Small Business,Online,A. Okafor,false
SO-105492,2024-03-04,APAC,Japan,Pen Stand Walnut,Desk,2,29,0.1,52.2,Consumer,Online,A. Okafor,false
SO-105566,2024-03-04,MEA,United Arab Emirates,Gel Pen 5-pack,Writing,1,9.9,0.05,9.4,Small Business,Online,D. Rossi,false
SO-105679,2024-03-04,MEA,South Africa,Quill Notebook A4,Stationery,2,16,0,32,Small Business,Online,E. Haddad,false
SO-105690,2024-03-04,LATAM,Brazil,Quill Notebook A4,Stationery,3,16,0,48,Enterprise,Retail,F. Moreau,false
SO-100364,2024-03-05,NA,Mexico,Pen Case Canvas,Accessories,5,22,0.05,104.5,Consumer,Online,E. Haddad,false
SO-100784,2024-03-05,APAC,Singapore,Leather Journal Cover,Accessories,1,42,0.1,37.8,Consumer,Wholesale,F. Moreau,false
SO-101100,2024-03-05,MEA,Kenya,Ink Cartridge Midnight,Ink,1,6.5,0,6.5,Small Business,Retail,E. Haddad,false
SO-101260,2024-03-05,EU,United Kingdom,Quill Notebook A4,Stationery,1,16,0,16,Small Business,Retail,B. Lindqvist,false
SO-102268,2024-03-05,LATAM,Argentina,Ink Cartridge Midnight,Ink,3,6.5,0,19.5,Consumer,Online,F. Moreau,false
SO-102687,2024-03-05,EU,United Kingdom,Fountain Pen Classic,Writing,1,48,0,48,Enterprise,Retail,B. Lindqvist,false
SO-102990,2024-03-05,NA,Canada,Planner 2024,Stationery,1,24,0,24,Consumer,Retail,B. Lindqvist,false
SO-103441,2024-03-05,EU,France,Leather Journal Cover,Accessories,1,42,0,42,Enterprise,Online,D. Rossi,false
SO-103856,2024-03-05,MEA,Kenya,Pen Case Canvas,Accessories,1,22,0,22,Consumer,Online,F. Moreau,false
SO-104556,2024-03-05,EU,Germany,Pen Case Canvas,Accessories,2,22,0.1,39.6,Consumer,Online,B. Lindqvist,false
SO-104664,2024-03-05,EU,France,Desk Mat Linen,Desk,1,34,0.1,30.6,Consumer,Online,B. Lindqvist,false
SO-104695,2024-03-05,LATAM,Argentina,Planner 2024,Stationery,2,24,0.05,45.6,Consumer,Online,A. Okafor,false
SO-105824,2024-03-05,EU,Spain,Monitor Riser Oak,Desk,1,64,0.1,57.6,Consumer,Retail,B. Lindqvist,false
SO-100538,2024-03-06,NA,Canada,Leather Journal Cover,Accessories,5,42,0.05,199.5,Small Business,Online,E. Haddad,false
SO-101403,2024-03-06,MEA,Kenya,Pen Case Canvas,Accessories,1,22,0,22,Enterprise,Wholesale,G. Patel,false
SO-101622,2024-03-06,LATAM,Brazil,Monitor Riser Oak,Desk,5,64,0,320,Consumer,Retail,A. Okafor,false
SO-101790,2024-03-06,APAC,India,Monitor Riser Oak,Desk,1,64,0,64,Small Business,Retail,B. Lindqvist,false
SO-102254,2024-03-06,MEA,United Arab Emirates,Desk Mat Linen,Desk,1,34,0.05,32.3,Consumer,Online,E. Haddad,false
SO-102610,2024-03-06,LATAM,Argentina,Leather Journal Cover,Accessories,1,42,0.05,39.9,Small Business,Online,H. Silva,false
SO-103827,2024-03-06,APAC,Japan,Sticky Notes Pastel,Stationery,2,5.5,0,11,Small Business,Online,G. Patel,false
SO-104172,2024-03-06,LATAM,Argentina,Pen Case Canvas,Accessories,2,22,0,44,Consumer,Online,H. Silva,false
SO-104263,2024-03-06,NA,Canada,Planner 2024,Stationery,3,24,0,72,Small Business,Retail,E. Haddad,false
SO-100106,2024-03-07,LATAM,Brazil,Fountain Pen Classic,Writing,1,48,0,48,Consumer,Online,D. Rossi,false
SO-101453,2024-03-07,APAC,India,Monitor Riser Oak,Desk,2,64,0,128,Small Business,Retail,D. Rossi,false
SO-103018,2024-03-07,APAC,India,Pen Stand Walnut,Desk,1,29,0.05,27.55,Consumer,Online,G. Patel,false
SO-105401,2024-03-07,MEA,United Arab Emirates,Quill Notebook A4,Stationery,1,16,0,16,Small Business,Retail,H. Silva,false
SO-100261,2024-03-08,NA,United States,Sticky Notes Pastel,Stationery,2,5.5,0,11,Enterprise,Online,E. Haddad,false
SO-100340,2024-03-08,NA,Canada,Quill Notebook A5,Stationery,1,12.5,0,12.5,Consumer,Retail,B. Lindqvist,false
SO-102776,2024-03-08,APAC,India,Planner 2024,Stationery,1,24,0.2,19.2,Consumer,Online,F. Moreau,false
SO-102851,2024-03-08,APAC,Australia,Fountain Pen Brass,Writing,10,79,0,790,Consumer,Wholesale,A. Okafor,false
SO-103567,2024-03-08,LATAM,Brazil,Fountain Pen Classic,Writing,1,48,0,48,Small Business,Online,C. Nakamura,false
SO-104443,2024-03-08,LATAM,Chile,Fountain Pen Brass,Writing,1,79,0,79,Enterprise,Online,B. Lindqvist,false
SO-105787,2024-03-08,NA,Canada,Calligraphy Starter Kit,Writing,1,58,0,58,Consumer,Online,A. Okafor,false
SO-100408,2024-03-09,NA,Canada,Calligraphy Starter Kit,Writing,2,58,0.05,110.2,Consumer,Retail,C. Nakamura,false
SO-100797,2024-03-09,MEA,United Arab Emirates,Pen Stand Walnut,Desk,1,29,0.05,27.55,Enterprise,Online,H. Silva,false
SO-100820,2024-03-09,EU,Spain,Leather Journal Cover,Accessories,5,42,0,210,Consumer,Online,G. Patel,false
SO-105952,2024-03-09,NA,Canada,Fountain Pen Brass,Writing,1,79,0.2,63.2,Small Business,Online,G. Patel,false
SO-100195,2024-03-10,APAC,India,Fountain Pen Classic,Writing,10,48,0,480,Consumer,Online,F. Moreau,false
SO-100290,2024-03-10,APAC,Japan,Pen Case Canvas,Accessories,1,22,0,22,Consumer,Retail,D. Rossi,false
SO-100972,2024-03-10,EU,Germany,Planner 2024,Stationery,1,24,0.1,21.6,Small Business,Retail,D. Rossi,false
SO-101937,2024-03-10,EU,United Kingdom,Calligraphy Starter Kit,Writing,1,58,0,58,Consumer,Online,G. Patel,false
SO-103000,2024-03-10,EU,Germany,Fountain Pen Classic,Writing,10,48,0.05,456,Consumer,Retail,G. Patel,false
SO-103664,2024-03-10,MEA,South Africa,Sticky Notes Pastel,Stationery,1,5.5,0,5.5,Consumer,Retail,G. Patel,false
SO-100377,2024-03-11,NA,Canada,Gel Pen 5-pack,Writing,2,9.9,0.1,17.82,Consumer,Retail,C. Nakamura,false
SO-101287,2024-03-11,NA,Mexico,Pen Stand Walnut,Desk,1,29,0.05,27.55,Consumer,Online,E. Haddad,false
SO-101551,2024-03-11,LATAM,Chile,Fountain Pen Classic,Writing,2,48,0,96,Enterprise,Online,G. Patel,false
SO-102544,2024-03-11,NA,United States,Calligraphy Starter Kit,Writing,1,58,0,58,Consumer,Retail,C. Nakamura,false
SO-102769,2024-03-11,LATAM,Argentina,Leather Journal Cover,Accessories,2,42,0.05,79.8,Consumer,Online,C. Nakamura,false
SO-102805,2024-03-11,NA,Canada,Pen Stand Walnut,Desk,2,29,0,58,Consumer,Online,E. Haddad,false
SO-103684,2024-03-11,EU,Germany,Fountain Pen Brass,Writing,1,79,0.1,71.1,Enterprise,Online,G. Patel,false
SO-104015,2024-03-11,NA,Canada,Fountain Pen Classic,Writing,1,48,0,48,Consumer,Retail,G. Patel,false
SO-104419,2024-03-11,EU,Netherlands,Desk Mat Linen,Desk,5,34,0,170,Consumer,Online,F. Moreau,false
SO-105142,2024-03-11,EU,Netherlands,Desk Mat Linen,Desk,1,34,0,34,Small Business,Retail,A. Okafor,true
SO-100345,2024-03-12,LATAM,Argentina,Fountain Pen Classic,Writing,3,48,0,144,Consumer,Online,C. Nakamura,false
SO-101178,2024-03-12,NA,United States,Sticky Notes Pastel,Stationery,1,5.5,0.1,4.95,Small Business,Online,E. Haddad,false
SO-101880,2024-03-12,MEA,South Africa,Planner 2024,Stationery,3,24,0.1,64.8,Consumer,Retail,C. Nakamura,false
SO-101962,2024-03-12,LATAM,Argentina,Monitor Riser Oak,Desk,2,64,0,128,Small Business,Online,C. Nakamura,false
SO-102665,2024-03-12,MEA,United Arab Emirates,Quill Notebook A5,Stationery,5,12.5,0,62.5,Small Business,Retail,H. Silva,false
SO-103422,2024-03-12,LATAM,Argentina,Leather Journal Cover,Accessories,1,42,0,42,Consumer,Retail,E. Haddad,false
SO-103953,2024-03-12,APAC,Australia,Quill Notebook A5,Stationery,3,12.5,0,37.5,Small Business,Online,D. Rossi,false
SO-103971,2024-03-12,APAC,Singapore,Quill Notebook A4,Stationery,2,16,0,32,Consumer,Online,E. Haddad,false
SO-104235,2024-03-12,APAC,Singapore,Pen Case Canvas,Accessories,3,22,0,66,Small Business,Online,G. Patel,false
SO-104561,2024-03-12,NA,United States,Pen Case Canvas,Accessories,2,22,0.05,41.8,Consumer,Online,B. Lindqvist,false
SO-105141,2024-03-12,APAC,India,Pen Stand Walnut,Desk,5,29,0,145,Consumer,Wholesale,G. Patel,false
SO-101026,2024-03-13,LATAM,Argentina,Planner 2024,Stationery,5,24,0,120,Small Business,Online,A. Okafor,false
SO-101938,2024-03-13,NA,Mexico,Quill Notebook A4,Stationery,10,16,0.2,128,Small Business,Retail,E. Haddad,false
SO-104119,2024-03-13,LATAM,Chile,Ink Cartridge Midnight,Ink,1,6.5,0,6.5,Consumer,Online,E. Haddad,false
SO-104162,2024-03-13,APAC,India,Fountain Pen Brass,Writing,1,79,0.1,71.1,Consumer,Online,F. Moreau,false
SO-104232,2024-03-13,LATAM,Brazil,Desk Mat Linen,Desk,3,34,0.05,96.9,Consumer,Online,F. Moreau,false
SO-104509,2024-03-13,EU,Spain,Fountain Pen Brass,Writing,1,79,0,79,Small Business,Online,B. Lindqvist,false
SO-104718,2024-03-13,LATAM,Brazil,Quill Notebook A4,Stationery,2,16,0.05,30.4,Consumer,Online,E. Haddad,false
SO-104974,2024-03-13,LATAM,Chile,Quill Notebook A5,Stationery,5,12.5,0,62.5,Consumer,Online,H. Silva,false
SO-105832,2024-03-13,EU,Spain,Planner 2024,Stationery,1,24,0.1,21.6,Consumer,Online,A. Okafor,false
SO-100985,2024-03-14,APAC,India,Ink Cartridge Midnight,Ink,2,6.5,0,13,Consumer,Online,E. Haddad,false
SO-101823,2024-03-14,EU,Germany,Ink Cartridge Midnight,Ink,1,6.5,0.05,6.18,Enterprise,Online,F. Moreau,false
SO-102415,2024-03-14,LATAM,Chile,Leather Journal Cover,Accessories,1,42,0,42,Consumer,Online,F. Moreau,false
SO-102536,2024-03-14,APAC,India,Sticky Notes Pastel,Stationery,5,5.5,0.1,24.75,Consumer,Online,G. Patel,false
SO-102759,2024-03-14,APAC,Australia,Monitor Riser Oak,Desk,1,64,0,64,Small Business,Online,A. Okafor,false
SO-105120,2024-03-14,LATAM,Brazil,Quill Notebook A4,Stationery,2,16,0,32,Consumer,Online,B. Lindqvist,false
SO-105268,2024-03-14,NA,Canada,Gel Pen 5-pack,Writing,3,9.9,0,29.7,Small Business,Retail,A. Okafor,true
SO-101179,2024-03-15,NA,Canada,Calligraphy Starter Kit,Writing,2,58,0,116,Consumer,Online,F. Moreau,false
SO-102353,2024-03-15,LATAM,Chile,Desk Mat Linen,Desk,5,34,0.05,161.5,Small Business,Retail,C. Nakamura,false
SO-102696,2024-03-15,NA,Mexico,Quill Notebook A4,Stationery,5,16,0.1,72,Consumer,Online,F. Moreau,false
SO-104680,2024-03-15,EU,Germany,Fountain Pen Classic,Writing,2,48,0,96,Small Business,Online,C. Nakamura,false
SO-105062,2024-03-15,EU,Spain,Calligraphy Starter Kit,Writing,1,58,0,58,Consumer,Wholesale,E. Haddad,false
SO-105986,2024-03-15,LATAM,Chile,Leather Journal Cover,Accessories,3,42,0,126,Enterprise,Online,E. Haddad,false
SO-103572,2024-03-16,LATAM,Brazil,Ink Cartridge Midnight,Ink,10,6.5,0.1,58.5,Small Business,Online,H. Silva,false
SO-104310,2024-03-16,NA,Canada,Quill Notebook A5,Stationery,1,12.5,0.1,11.25,Consumer,Online,G. Patel,false
SO-104864,2024-03-16,APAC,Singapore,Pen Stand Walnut,Desk,1,29,0.05,27.55,Consumer,Wholesale,H. Silva,false
SO-104941,2024-03-16,APAC,Japan,Gel Pen 5-pack,Writing,1,9.9,0.1,8.91,Small Business,Online,D. Rossi,false
SO-105344,2024-03-16,NA,Canada,Desk Mat Linen,Desk,1,34,0,34,Consumer,Online,G. Patel,false
SO-101221,2024-03-17,LATAM,Chile,Fountain Pen Classic,Writing,1,48,0.2,38.4,Enterprise,Wholesale,B. Lindqvist,false
SO-102251,2024-03-17,LATAM,Brazil,Fountain Pen Classic,Writing,2,48,0,96,Consumer,Online,A. Okafor,false
SO-102265,2024-03-17,APAC,Australia,Ink Bottle Sepia 50ml,Ink,10,18,0.05,171,Small Business,Retail,H. Silva,false
SO-102319,2024-03-17,APAC,Singapore,Fountain Pen Classic,Writing,5,48,0,240,Consumer,Retail,G. Patel,false
SO-103688,2024-03-17,EU,Germany,Calligraphy Starter Kit,Writing,1,58,0.1,52.2,Consumer,Online,A. Okafor,false
SO-103769,2024-03-17,NA,United States,Monitor Riser Oak,Desk,2,64,0,128,Consumer,Retail,F. Moreau,false
SO-105020,2024-03-17,NA,Canada,Fountain Pen Classic,Writing,2,48,0.05,91.2,Consumer,Online,G. Patel,false
SO-100230,2024-03-18,NA,United States,Calligraphy Starter Kit,Writing,2,58,0,116,Consumer,Online,F. Moreau,false
SO-100397,2024-03-18,APAC,Australia,Ink Bottle Sepia 50ml,Ink,1,18,0,18,Small Business,Wholesale,F. Moreau,false
SO-101214,2024-03-18,EU,United Kingdom,Quill Notebook A5,Stationery,2,12.5,0.05,23.75,Small Business,Retail,H. Silva,false
SO-101429,2024-03-18,EU,France,Ink Cartridge Midnight,Ink,1,6.5,0,6.5,Consumer,Retail,E. Haddad,false
SO-102519,2024-03-18,APAC,India,Desk Mat Linen,Desk,3,34,0,102,Consumer,Retail,G. Patel,false
SO-103503,2024-03-18,NA,United States,Calligraphy Starter Kit,Writing,2,58,0,116,Consumer,Retail,A. Okafor,false
SO-104053,2024-03-18,MEA,South Africa,Pen Stand Walnut,Desk,3,29,0,87,Consumer,Online,H. Silva,false
SO-104066,2024-03-18,EU,United Kingdom,Desk Mat Linen,Desk,1,34,0,34,Consumer,Online,C. Nakamura,false
SO-104597,2024-03-18,EU,Spain,Fountain Pen Brass,Writing,2,79,0,158,Enterprise,Online,E. Haddad,false
SO-105976,2024-03-18,LATAM,Argentina,Sticky Notes Pastel,Stationery,1,5.5,0,5.5,Small Business,Retail,B. Lindqvist,false
SO-101660,2024-03-19,LATAM,Brazil,Ink Cartridge Midnight,Ink,1,6.5,0,6.5,Consumer,Retail,F. Moreau,false
SO-103328,2024-03-19,MEA,Kenya,Fountain Pen Classic,Writing,2,48,0.05,91.2,Consumer,Retail,E. Haddad,false
SO-105012,2024-03-19,LATAM,Chile,Planner 2024,Stationery,3,24,0.05,68.4,Small Business,Wholesale,D. Rossi,false
SO-100353,2024-03-20,NA,United States,Pen Case Canvas,Accessories,1,22,0,22,Consumer,Wholesale,F. Moreau,false
SO-101404,2024-03-20,MEA,South Africa,Quill Notebook A5,Stationery,2,12.5,0.1,22.5,Consumer,Online,D. Rossi,false
SO-101690,2024-03-20,EU,France,Gel Pen 5-pack,Writing,1,9.9,0,9.9,Consumer,Online,D. Rossi,false
SO-103024,2024-03-20,LATAM,Brazil,Quill Notebook A5,Stationery,3,12.5,0.05,35.63,Consumer,Online,G. Patel,false
SO-103582,2024-03-20,APAC,Singapore,Ink Bottle Sepia 50ml,Ink,2,18,0,36,Consumer,Retail,G. Patel,false
SO-104233,2024-03-20,LATAM,Brazil,Quill Notebook A4,Stationery,2,16,0,32,Consumer,Online,C. Nakamura,false
SO-101540,2024-03-21,APAC,Australia,Sticky Notes Pastel,Stationery,3,5.5,0,16.5,Small Business,Online,F. Moreau,false
SO-101736,2024-03-21,LATAM,Chile,Quill Notebook A4,Stationery,10,16,0.05,152,Enterprise,Online,C. Nakamura,false
SO-102349,2024-03-21,APAC,Japan,Monitor Riser Oak,Desk,1,64,0.1,57.6,Consumer,Retail,B. Lindqvist,false
SO-103738,2024-03-21,EU,Germany,Monitor Riser Oak,Desk,2,64,0,128,Consumer,Online,H. Silva,false
SO-103796,2024-03-21,LATAM,Brazil,Sticky Notes Pastel,Stationery,10,5.5,0,55,Consumer,Retail,G. Patel,false
SO-100372,2024-03-22,NA,United States,Pen Case Canvas,Accessories,5,22,0.2,88,Consumer,Retail,F. Moreau,false
SO-103241,2024-03-22,LATAM,Brazil,Leather Journal Cover,Accessories,1,42,0.1,37.8,Small Business,Retail,E. Haddad,false
SO-103509,2024-03-22,NA,Canada,Ink Bottle Sepia 50ml,Ink,5,18,0.1,81,Consumer,Retail,B. Lindqvist,false
SO-105395,2024-03-22,NA,Canada,Sticky Notes Pastel,Stationery,1,5.5,0,5.5,Consumer,Online,B. Lindqvist,false
SO-101890,2024-03-23,MEA,South Africa,Ink Cartridge Midnight,Ink,1,6.5,0,6.5,Consumer,Online,E. Haddad,false
SO-103298,2024-03-23,NA,Canada,Calligraphy Starter Kit,Writing,2,58,0.05,110.2,Consumer,Online,C. Nakamura,false
SO-103585,2024-03-23,EU,Netherlands,Leather Journal Cover,Accessories,3,42,0.1,113.4,Small Business,Online,H. Silva,true
SO-103785,2024-03-23,LATAM,Argentina,Sticky Notes Pastel,Stationery,5,5.5,0.2,22,Consumer,Retail,F. Moreau,false
SO-103975,2024-03-23,LATAM,Brazil,Pen Stand Walnut,Desk,3,29,0,87,Small Business,Wholesale,D. Rossi,false
SO-104137,2024-03-23,LATAM,Argentina,Pen Case Canvas,Accessories,1,22,0.2,17.6,Consumer,Online,E. Haddad,false
SO-105394,2024-03-23,MEA,United Arab Emirates,Quill Notebook A4,Stationery,1,16,0,16,Enterprise,Online,D. Rossi,false
SO-105456,2024-03-23,MEA,South Africa,Desk Mat Linen,Desk,3,34,0,102,Consumer,Retail,E. Haddad,false
SO-101386,2024-03-24,NA,Canada,Pen Stand Walnut,Desk,3,29,0.05,82.65,Consumer,Online,E. Haddad,false
SO-103048,2024-03-24,LATAM,Argentina,Leather Journal Cover,Accessories,1,42,0,42,Small Business,Retail,C. Nakamura,false
SO-104069,2024-03-24,MEA,United Arab Emirates,Ink Bottle Sepia 50ml,Ink,1,18,0.1,16.2,Small Business,Online,G. Patel,true
SO-104538,2024-03-24,MEA,United Arab Emirates,Quill Notebook A4,Stationery,1,16,0,16,Small Business,Online,C. Nakamura,false
SO-104542,2024-03-24,LATAM,Argentina,Pen Case Canvas,Accessories,10,22,0,220,Consumer,Retail,B. Lindqvist,false
SO-105482,2024-03-24,LATAM,Chile,Monitor Riser Oak,Desk,5,64,0,320,Small Business,Online,H. Silva,false
SO-105928,2024-03-24,APAC,India,Quill Notebook A5,Stationery,1,12.5,0.05,11.88,Consumer,Wholesale,A. Okafor,false
SO-100115,2024-03-25,EU,Netherlands,Desk Mat Linen,Desk,1,34,0.1,30.6,Small Business,Online,C. Nakamura,false
SO-100445,2024-03-25,MEA,Kenya,Monitor Riser Oak,Desk,2,64,0.1,115.2,Small Business,Wholesale,A. Okafor,false
SO-101043,2024-03-25,LATAM,Argentina,Pen Stand Walnut,Desk,1,29,0,29,Enterprise,Retail,B. Lindqvist,false
SO-102019,2024-03-25,EU,Spain,Pen Stand Walnut,Desk,2,29,0.05,55.1,Consumer,Retail,H. Silva,false
SO-102334,2024-03-25,MEA,South Africa,Ink Cartridge Midnight,Ink,1,6.5,0.1,5.85,Small Business,Online,B. Lindqvist,false
SO-104678,2024-03-25,LATAM,Chile,Planner 2024,Stationery,2,24,0,48,Consumer,Online,E. Haddad,false
SO-104721,2024-03-25,APAC,Australia,Leather Journal Cover,Accessories,1,42,0,42,Small Business,Wholesale,B. Lindqvist,false
SO-104814,2024-03-25,LATAM,Brazil,Ink Bottle Sepia 50ml,Ink,2,18,0,36,Consumer,Online,G. Patel,false
SO-105057,2024-03-25,MEA,Kenya,Gel Pen 5-pack,Writing,2,9.9,0,19.8,Consumer,Online,H. Silva,false
SO-105705,2024-03-25,APAC,India,Gel Pen 5-pack,Writing,1,9.9,0,9.9,Consumer,Online,F. Moreau,false
SO-101082,2024-03-26,MEA,South Africa,Leather Journal Cover,Accessories,1,42,0,42,Consumer,Online,D. Rossi,false
SO-101164,2024-03-26,EU,Spain,Ink Cartridge Midnight,Ink,2,6.5,0.05,12.35,Consumer,Wholesale,H. Silva,false
SO-101968,2024-03-26,APAC,India,Gel Pen 5-pack,Writing,2,9.9,0,19.8,Consumer,Online,D. Rossi,false
SO-102894,2024-03-26,LATAM,Chile,Gel Pen 5-pack,Writing,10,9.9,0,99,Small Business,Retail,A. Okafor,false
SO-102906,2024-03-26,LATAM,Argentina,Calligraphy Starter Kit,Writing,1,58,0,58,Consumer,Online,G. Patel,false
SO-103545,2024-03-26,EU,United Kingdom,Pen Stand Walnut,Desk,1,29,0,29,Consumer,Retail,H. Silva,false
SO-104890,2024-03-26,MEA,South Africa,Fountain Pen Brass,Writing,1,79,0.1,71.1,Consumer,Retail,G. Patel,false
SO-105105,2024-03-26,EU,Germany,Planner 2024,Stationery,3,24,0,72,Consumer,Retail,B. Lindqvist,false
SO-105286,2024-03-26,LATAM,Argentina,Gel Pen 5-pack,Writing,2,9.9,0,19.8,Enterprise,Retail,D. Rossi,false
SO-105818,2024-03-26,EU,United Kingdom,Planner 2024,Stationery,2,24,0,48,Consumer,Online,H. Silva,false
SO-101786,2024-03-27,APAC,Singapore,Calligraphy Starter Kit,Writing,1,58,0.1,52.2,Consumer,Online,B. Lindqvist,false
SO-102102,2024-03-27,LATAM,Argentina,Pen Stand Walnut,Desk,10,29,0,290,Consumer,Online,A. Okafor,false
SO-102118,2024-03-27,MEA,South Africa,Quill Notebook A5,Stationery,1,12.5,0,12.5,Consumer,Wholesale,G. Patel,true
SO-104456,2024-03-27,EU,United Kingdom,Ink Cartridge Midnight,Ink,10,6.5,0.05,61.75,Small Business,Online,H. Silva,false
SO-104994,2024-03-27,MEA,United Arab Emirates,Calligraphy Starter Kit,Writing,2,58,0,116,Small Business,Retail,A. Okafor,false
SO-105223,2024-03-27,EU,United Kingdom,Fountain Pen Brass,Writing,2,79,0,158,Small Business,Online,E. Haddad,false
SO-105637,2024-03-27,LATAM,Brazil,Planner 2024,Stationery,2,24,0.05,45.6,Consumer,Online,B. Lindqvist,false
SO-101195,2024-03-28,APAC,Australia,Leather Journal Cover,Accessories,1,42,0,42,Small Business,Online,B. Lindqvist,false
SO-101272,2024-03-28,APAC,Singapore,Pen Stand Walnut,Desk,3,29,0.1,78.3,Consumer,Online,B. Lindqvist,false
SO-101637,2024-03-28,MEA,South Africa,Leather Journal Cover,Accessories,1,42,0,42,Consumer,Retail,E. Haddad,false
SO-103810,2024-03-28,APAC,Australia,Fountain Pen Classic,Writing,1,48,0,48,Consumer,Online,E. Haddad,false
SO-103884,2024-03-28,EU,France,Ink Cartridge Midnight,Ink,2,6.5,0.1,11.7,Enterprise,Retail,C. Nakamura,false
SO-104620,2024-03-28,EU,Germany,Leather Journal Cover,Accessories,3,42,0,126,Consumer,Retail,C. Nakamura,false
SO-105100,2024-03-28,EU,Spain,Planner 2024,Stationery,3,24,0,72,Small Business,Online,G. Patel,false
SO-105130,2024-03-28,LATAM,Argentina,Leather Journal Cover,Accessories,5,42,0.1,189,Small Business,Online,A. Okafor,false
SO-105354,2024-03-28,APAC,Singapore,Gel Pen 5-pack,Writing,5,9.9,0,49.5,Small Business,Online,F. Moreau,true
SO-105550,2024-03-28,LATAM,Argentina,Monitor Riser Oak,Desk,3,64,0.05,182.4,Consumer,Online,E. Haddad,false
SO-105876,2024-03-28,LATAM,Chile,Monitor Riser Oak,Desk,10,64,0,640,Small Business,Online,E. Haddad,false
SO-100330,2024-03-29,NA,Canada,Leather Journal Cover,Accessories,3,42,0.1,113.4,Consumer,Online,F. Moreau,false
SO-100593,2024-03-29,LATAM,Chile,Gel Pen 5-pack,Writing,1,9.9,0,9.9,Small Business,Online,F. Moreau,false
SO-100729,2024-03-29,LATAM,Chile,Planner 2024,Stationery,1,24,0,24,Consumer,Online,E. Haddad,false
SO-100734,2024-03-29,APAC,Singapore,Pen Case Canvas,Accessories,5,22,0,110,Small Business,Retail,B. Lindqvist,false
SO-100904,2024-03-29,LATAM,Brazil,Fountain Pen Classic,Writing,2,48,0.05,91.2,Small Business,Wholesale,F. Moreau,false
SO-102222,2024-03-29,EU,France,Quill Notebook A5,Stationery,1,12.5,0,12.5,Consumer,Online,G. Patel,false
SO-102261,2024-03-29,APAC,Singapore,Desk Mat Linen,Desk,1,34,0,34,Enterprise,Online,H. Silva,false
SO-102798,2024-03-29,NA,Canada,Quill Notebook A4,Stationery,3,16,0,48,Enterprise,Retail,E. Haddad,false
SO-103807,2024-03-29,EU,France,Ink Bottle Sepia 50ml,Ink,1,18,0,18,Enterprise,Online,H. Silva,false
SO-104132,2024-03-29,MEA,United Arab Emirates,Ink Bottle Sepia 50ml,Ink,5,18,0,90,Consumer,Wholesale,D. Rossi,false
SO-104370,2024-03-29,MEA,South Africa,Quill Notebook A5,Stationery,2,12.5,0,25,Consumer,Online,E. Haddad,false
SO-104829,2024-03-29,APAC,India,Quill Notebook A5,Stationery,2,12.5,0.1,22.5,Small Business,Online,C. Nakamura,false
SO-105642,2024-03-29,EU,Spain,Pen Case Canvas,Accessories,3,22,0.1,59.4,Small Business,Online,B. Lindqvist,false
SO-100349,2024-03-30,NA,United States,Calligraphy Starter Kit,Writing,1,58,0,58,Small Business,Online,H. Silva,false
SO-100605,2024-03-30,NA,United States,Pen Stand Walnut,Desk,1,29,0,29,Consumer,Online,C. Nakamura,false
SO-102618,2024-03-30,MEA,United Arab Emirates,Pen Stand Walnut,Desk,10,29,0,290,Consumer,Online,H. Silva,false
SO-103512,2024-03-30,NA,Canada,Quill Notebook A4,Stationery,1,16,0,16,Small Business,Wholesale,G. Patel,false
SO-103609,2024-03-30,EU,France,Gel Pen 5-pack,Writing,2,9.9,0.05,18.81,Small Business,Online,C. Nakamura,false
SO-104041,2024-03-30,APAC,Australia,Sticky Notes Pastel,Stationery,2,5.5,0.05,10.45,Consumer,Retail,A. Okafor,false
SO-104074,2024-03-30,NA,Mexico,Fountain Pen Brass,Writing,1,79,0.05,75.05,Small Business,Retail,D. Rossi,false
SO-105236,2024-03-30,EU,Netherlands,Desk Mat Linen,Desk,1,34,0.05,32.3,Small Business,Online,B. Lindqvist,true
SO-105324,2024-03-30,LATAM,Brazil,Planner 2024,Stationery,10,24,0,240,Consumer,Retail,E. Haddad,false
SO-105855,2024-03-30,APAC,Japan,Ink Cartridge Midnight,Ink,5,6.5,0,32.5,Small Business,Wholesale,H. Silva,false
SO-100504,2024-03-31,EU,United Kingdom,Pen Case Canvas,Accessories,1,22,0.1,19.8,Consumer,Online,H. Silva,false
SO-101099,2024-03-31,NA,United States,Sticky Notes Pastel,Stationery,1,5.5,0,5.5,Enterprise,Retail,H. Silva,false
SO-101341,2024-03-31,LATAM,Argentina,Sticky Notes Pastel,Stationery,1,5.5,0,5.5,Consumer,Retail,D. Rossi,false
SO-102925,2024-03-31,EU,France,Pen Stand Walnut,Desk,1,29,0,29,Small Business,Retail,A. Okafor,false
SO-103426,2024-03-31,MEA,United Arab Emirates,Sticky Notes Pastel,Stationery,5,5.5,0,27.5,Enterprise,Online,C. Nakamura,false
SO-103427,2024-03-31,MEA,Kenya,Quill Notebook A5,Stationery,1,12.5,0,12.5,Consumer,Online,H. Silva,false
SO-103662,2024-03-31,LATAM,Brazil,Sticky Notes Pastel,Stationery,1,5.5,0.05,5.23,Consumer,Wholesale,D. Rossi,false
SO-104101,2024-03-31,APAC,India,Leather Journal Cover,Accessories,1,42,0,42,Small Business,Retail,D. Rossi,false
SO-104537,2024-03-31,EU,United Kingdom,Ink Cartridge Midnight,Ink,3,6.5,0,19.5,Consumer,Online,D. Rossi,false
SO-104806,2024-03-31,NA,Canada,Ink Bottle Sepia 50ml,Ink,1,18,0,18,Consumer,Retail,A. Okafor,false
SO-104999,2024-03-31,APAC,Singapore,Ink Bottle Sepia 50ml,Ink,2,18,0,36,Small Business,Online,A. Okafor,true
SO-101825,2024-04-01,LATAM,Brazil,Fountain Pen Brass,Writing,1,79,0,79,Consumer,Wholesale,D. Rossi,false
SO-102061,2024-04-01,EU,United Kingdom,Ink Cartridge Midnight,Ink,10,6.5,0,65,Small Business,Online,C. Nakamura,false
SO-105126,2024-04-01,MEA,South Africa,Planner 2024,Stationery,1,24,0,24,Consumer,Online,G. Patel,false
SO-105158,2024-04-01,NA,Mexico,Sticky Notes Pastel,Stationery,2,5.5,0.05,10.45,Small Business,Retail,D. Rossi,false
SO-100478,2024-04-02,APAC,Singapore,Fountain Pen Brass,Writing,3,79,0.05,225.15,Consumer,Online,F. Moreau,false
SO-101656,2024-04-02,NA,Canada,Ink Bottle Sepia 50ml,Ink,3,18,0.05,51.3,Consumer,Online,C. Nakamura,false
SO-103058,2024-04-02,NA,Mexico,Ink Cartridge Midnight,Ink,5,6.5,0,32.5,Consumer,Online,E. Haddad,false
SO-103742,2024-04-02,APAC,Australia,Calligraphy Starter Kit,Writing,1,58,0.1,52.2,Consumer,Online,D. Rossi,false
SO-104594,2024-04-02,EU,Netherlands,Calligraphy Starter Kit,Writing,1,58,0,58,Small Business,Retail,A. Okafor,false
SO-104872,2024-04-02,MEA,United Arab Emirates,Calligraphy Starter Kit,Writing,2,58,0,116,Consumer,Online,H. Silva,false
SO-105030,2024-04-02,APAC,Australia,Quill Notebook A5,Stationery,1,12.5,0.2,10,Consumer,Online,D. Rossi,false
SO-105623,2024-04-02,MEA,United Arab Emirates,Monitor Riser Oak,Desk,1,64,0.1,57.6,Enterprise,Online,D. Rossi,false
SO-105943,2024-04-02,NA,Mexico,Gel Pen 5-pack,Writing,5,9.9,0,49.5,Consumer,Wholesale,G. Patel,false
SO-100180,2024-04-03,EU,France,Fountain Pen Brass,Writing,2,79,0,158,Consumer,Online,H. Silva,false
SO-101293,2024-04-03,NA,Mexico,Quill Notebook A4,Stationery,1,16,0,16,Consumer,Wholesale,H. Silva,false
SO-102395,2024-04-03,NA,Canada,Fountain Pen Classic,Writing,1,48,0,48,Consumer,Wholesale,G. Patel,false
SO-103249,2024-04-03,APAC,India,Pen Case Canvas,Accessories,1,22,0,22,Small Business,Online,B. Lindqvist,false
SO-104665,2024-04-03,APAC,India,Pen Case Canvas,Accessories,2,22,0,44,Consumer,Retail,B. Lindqvist,false
SO-105670,2024-04-03,APAC,Singapore,Monitor Riser Oak,Desk,1,64,0,64,Consumer,Online,E. Haddad,false
SO-105750,2024-04-03,EU,France,Pen Stand Walnut,Desk,1,29,0,29,Small Business,Retail,H. Silva,false
SO-105835,2024-04-03,EU,Netherlands,Quill Notebook A4,Stationery,1,16,0,16,Consumer,Online,C. Nakamura,false
SO-100221,2024-04-04,EU,United Kingdom,Monitor Riser Oak,Desk,3,64,0.1,172.8,Consumer,Online,F. Moreau,false
SO-100424,2024-04-04,LATAM,Brazil,Pen Case Canvas,Accessories,5,22,0,110,Consumer,Online,A. Okafor,false
SO-100562,2024-04-04,LATAM,Chile,Leather Journal Cover,Accessories,1,42,0,42,Consumer,Online,H. Silva,false
SO-101475,2024-04-04,MEA,South Africa,Quill Notebook A4,Stationery,2,16,0.2,25.6,Consumer,Online,H. Silva,false
SO-102447,2024-04-04,APAC,India,Ink Bottle Sepia 50ml,Ink,1,18,0,18,Consumer,Wholesale,F. Moreau,false
SO-102488,2024-04-04,NA,United States,Pen Stand Walnut,Desk,1,29,0,29,Enterprise,Wholesale,A. Okafor,false
SO-102503,2024-04-04,LATAM,Chile,Sticky Notes Pastel,Stationery,10,5.5,0,55,Enterprise,Online,H. Silva,false
SO-103650,2024-04-04,EU,Germany,Gel Pen 5-pack,Writing,3,9.9,0.1,26.73,Consumer,Online,G. Patel,false
SO-104031,2024-04-04,LATAM,Argentina,Gel Pen 5-pack,Writing,2,9.9,0,19.8,Consumer,Online,H. Silva,false
SO-105672,2024-04-04,MEA,Kenya,Quill Notebook A4,Stationery,1,16,0,16,Consumer,Online,G. Patel,false
SO-100691,2024-04-05,MEA,United Arab Emirates,Calligraphy Starter Kit,Writing,2,58,0,116,Consumer,Retail,A. Okafor,false
SO-103253,2024-04-05,MEA,South Africa,Pen Case Canvas,Accessories,1,22,0,22,Enterprise,Online,C. Nakamura,false
SO-103739,2024-04-05,LATAM,Brazil,Pen Case Canvas,Accessories,1,22,0,22,Small Business,Online,F. Moreau,false
SO-105345,2024-04-05,EU,United Kingdom,Monitor Riser Oak,Desk,2,64,0,128,Small Business,Online,C. Nakamura,false
SO-101492,2024-04-06,LATAM,Argentina,Gel Pen 5-pack,Writing,1,9.9,0,9.9,Consumer,Wholesale,A. Okafor,false
SO-102671,2024-04-06,EU,Spain,Sticky Notes Pastel,Stationery,1,5.5,0,5.5,Consumer,Online,E. Haddad,false
SO-103232,2024-04-06,MEA,United Arab Emirates,Quill Notebook A4,Stationery,1,16,0,16,Small Business,Online,D. Rossi,false
SO-104598,2024-04-06,EU,Spain,Monitor Riser Oak,Desk,5,64,0,320,Small Business,Online,E. Haddad,false
SO-105339,2024-04-06,APAC,India,Fountain Pen Classic,Writing,1,48,0,48,Consumer,Online,G. Patel,false
SO-100262,2024-04-07,MEA,South Africa,Fountain Pen Classic,Writing,1,48,0.05,45.6,Consumer,Online,A. Okafor,false
SO-102069,2024-04-07,EU,France,Ink Bottle Sepia 50ml,Ink,1,18,0,18,Small Business,Online,G. Patel,false
SO-102574,2024-04-07,LATAM,Argentina,Leather Journal Cover,Accessories,1,42,0,42,Small Business,Online,B. Lindqvist,false
SO-103109,2024-04-07,APAC,Singapore,Planner 2024,Stationery,1,24,0.1,21.6,Small Business,Retail,D. Rossi,false
SO-103625,2024-04-07,MEA,Kenya,Gel Pen 5-pack,Writing,1,9.9,0,9.9,Consumer,Online,A. Okafor,false
SO-104893,2024-04-07,LATAM,Brazil,Fountain Pen Classic,Writing,3,48,0,144,Consumer,Retail,D. Rossi,false
SO-105257,2024-04-07,NA,Canada,Monitor Riser Oak,Desk,3,64,0.1,172.8,Consumer,Online,B. Lindqvist,false
SO-100171,2024-04-08,EU,United Kingdom,Fountain Pen Classic,Writing,1,48,0,48,Consumer,Online,A. Okafor,false
SO-101089,2024-04-08,LATAM,Argentina,Gel Pen 5-pack,Writing,1,9.9,0,9.9,Consumer,Wholesale,H. Silva,false
SO-101184,2024-04-08,APAC,Australia,Pen Stand Walnut,Desk,1,29,0,29,Consumer,Online,C. Nakamura,false
SO-102154,2024-04-08,LATAM,Argentina,Planner 2024,Stationery,1,24,0.05,22.8,Consumer,Online,G. Patel,false
SO-102598,2024-04-08,MEA,South Africa,Planner 2024,Stationery,2,24,0.1,43.2,Enterprise,Online,D. Rossi,false
SO-102658,2024-04-08,APAC,Australia,Ink Cartridge Midnight,Ink,10,6.5,0,65,Consumer,Retail,H. Silva,false
SO-102661,2024-04-08,NA,Mexico,Gel Pen 5-pack,Writing,3,9.9,0,29.7,Small Business,Retail,D. Rossi,false
SO-103062,2024-04-08,NA,United States,Gel Pen 5-pack,Writing,10,9.9,0,99,Small Business,Online,F. Moreau,false
SO-104063,2024-04-08,EU,Spain,Ink Cartridge Midnight,Ink,2,6.5,0,13,Consumer,Retail,C. Nakamura,false
SO-104154,2024-04-08,NA,United States,Leather Journal Cover,Accessories,1,42,0.2,33.6,Small Business,Online,G. Patel,false
SO-102021,2024-04-09,EU,United Kingdom,Fountain Pen Classic,Writing,1,48,0,48,Small Business,Online,D. Rossi,false
SO-103222,2024-04-09,APAC,Singapore,Ink Bottle Sepia 50ml,Ink,3,18,0.1,48.6,Small Business,Online,E. Haddad,false
SO-103305,2024-04-09,LATAM,Brazil,Desk Mat Linen,Desk,3,34,0,102,Consumer,Retail,H. Silva,false
SO-103407,2024-04-09,MEA,United Arab Emirates,Planner 2024,Stationery,2,24,0,48,Consumer,Online,D. Rossi,false
SO-103702,2024-04-09,APAC,Australia,Pen Stand Walnut,Desk,2,29,0,58,Consumer,Wholesale,B. Lindqvist,false
SO-104394,2024-04-09,EU,Netherlands,Ink Bottle Sepia 50ml,Ink,2,18,0.2,28.8,Consumer,Online,F. Moreau,false
SO-105459,2024-04-09,LATAM,Brazil,Fountain Pen Classic,Writing,3,48,0.1,129.6,Enterprise,Retail,C. Nakamura,false
SO-100717,2024-04-10,MEA,South Africa,Ink Bottle Sepia 50ml,Ink,2,18,0.05,34.2,Consumer,Online,D. Rossi,false
SO-101696,2024-04-10,MEA,South Africa,Ink Cartridge Midnight,Ink,2,6.5,0,13,Consumer,Online,A. Okafor,false
SO-101885,2024-04-10,MEA,United Arab Emirates,Monitor Riser Oak,Desk,1,64,0,64,Consumer,Retail,H. Silva,false
SO-103367,2024-04-10,MEA,United Arab Emirates,Fountain Pen Brass,Writing,1,79,0.1,71.1,Consumer,Online,H. Silva,false
SO-103762,2024-04-10,EU,France,Calligraphy Starter Kit,Writing,2,58,0,116,Small Business,Online,E. Haddad,false
SO-103814,2024-04-10,LATAM,Argentina,Quill Notebook A4,Stationery,3,16,0,48,Small Business,Retail,D. Rossi,false
SO-103942,2024-04-10,NA,United States,Quill Notebook A4,Stationery,2,16,0,32,Consumer,Online,H. Silva,false
SO-103987,2024-04-10,APAC,Australia,Quill Notebook A4,Stationery,5,16,0,80,Small Business,Online,G. Patel,false
SO-104590,2024-04-10,NA,United States,Quill Notebook A5,Stationery,1,12.5,0,12.5,Small Business,Retail,C. Nakamura,false
SO-104696,2024-04-10,LATAM,Argentina,Quill Notebook A5,Stationery,1,12.5,0.1,11.25,Enterprise,Online,E. Haddad,false
SO-104708,2024-04-10,MEA,South Africa,Ink Cartridge Midnight,Ink,2,6.5,0,13,Small Business,Online,C. Nakamura,false
SO-104791,2024-04-10,EU,Netherlands,Quill Notebook A5,Stationery,3,12.5,0,37.5,Consumer,Online,B. Lindqvist,false
SO-105196,2024-04-10,LATAM,Brazil,Pen Stand Walnut,Desk,10,29,0.1,261,Consumer,Wholesale,C. Nakamura,false
SO-100659,2024-04-11,LATAM,Argentina,Fountain Pen Classic,Writing,1,48,0,48,Consumer,Online,C. Nakamura,false
SO-100677,2024-04-11,LATAM,Argentina,Fountain Pen Brass,Writing,3,79,0.2,189.6,Small Business,Online,C. Nakamura,false
SO-100692,2024-04-11,NA,Mexico,Gel Pen 5-pack,Writing,3,9.9,0.1,26.73,Consumer,Online,D. Rossi,false
SO-100748,2024-04-11,APAC,Singapore,Pen Case Canvas,Accessories,1,22,0,22,Enterprise,Retail,G. Patel,false
SO-100832,2024-04-11,NA,Mexico,Calligraphy Starter Kit,Writing,2,58,0.1,104.4,Consumer,Wholesale,A. Okafor,false
SO-101202,2024-04-11,APAC,Japan,Desk Mat Linen,Desk,1,34,0,34,Small Business,Retail,B. Lindqvist,false
SO-101800,2024-04-11,MEA,United Arab Emirates,Ink Bottle Sepia 50ml,Ink,3,18,0,54,Consumer,Retail,G. Patel,false
SO-102002,2024-04-11,APAC,Japan,Pen Case Canvas,Accessories,2,22,0.05,41.8,Small Business,Online,G. Patel,false
SO-102862,2024-04-11,EU,United Kingdom,Fountain Pen Brass,Writing,1,79,0.1,71.1,Consumer,Online,C. Nakamura,false
SO-103940,2024-04-11,APAC,India,Desk Mat Linen,Desk,1,34,0.05,32.3,Consumer,Retail,D. Rossi,false
SO-104174,2024-04-11,APAC,Japan,Pen Case Canvas,Accessories,3,22,0,66,Consumer,Retail,E. Haddad,false
SO-104733,2024-04-11,APAC,Japan,Quill Notebook A5,Stationery,3,12.5,0,37.5,Enterprise,Retail,C. Nakamura,false
SO-105200,2024-04-11,MEA,South Africa,Pen Stand Walnut,Desk,2,29,0.1,52.2,Enterprise,Retail,A. Okafor,false
SO-105265,2024-04-11,EU,Netherlands,Fountain Pen Classic,Writing,1,48,0,48,Consumer,Retail,D. Rossi,false
SO-100166,2024-04-12,MEA,South Africa,Planner 2024,Stationery,1,24,0.1,21.6,Small Business,Wholesale,C. Nakamura,false
SO-101608,2024-04-12,NA,Mexico,Pen Case Canvas,Accessories,1,22,0,22,Consumer,Wholesale,E. Haddad,false
SO-101918,2024-04-12,EU,Netherlands,Ink Cartridge Midnight,Ink,3,6.5,0,19.5,Small Business,Retail,F. Moreau,false
SO-101945,2024-04-12,EU,Germany,Monitor Riser Oak,Desk,2,64,0.05,121.6,Enterprise,Online,A. Okafor,false
SO-102056,2024-04-12,EU,United Kingdom,Pen Case Canvas,Accessories,2,22,0,44,Consumer,Retail,A. Okafor,false
SO-102735,2024-04-12,MEA,South Africa,Monitor Riser Oak,Desk,1,64,0,64,Small Business,Retail,G. Patel,false
SO-103659,2024-04-12,EU,Netherlands,Pen Case Canvas,Accessories,2,22,0,44,Consumer,Wholesale,D. Rossi,false
SO-104336,2024-04-12,NA,Canada,Gel Pen 5-pack,Writing,2,9.9,0,19.8,Consumer,Retail,C. Nakamura,false
SO-104848,2024-04-12,LATAM,Brazil,Ink Bottle Sepia 50ml,Ink,1,18,0,18,Small Business,Wholesale,E. Haddad,false
SO-105244,2024-04-12,APAC,Australia,Calligraphy Starter Kit,Writing,2,58,0.2,92.8,Consumer,Retail,E. Haddad,false
SO-100088,2024-04-13,MEA,South Africa,Ink Bottle Sepia 50ml,Ink,2,18,0,36,Enterprise,Retail,H. Silva,false
SO-100302,2024-04-13,EU,Germany,Planner 2024,Stationery,3,24,0.1,64.8,Small Business,Retail,B. Lindqvist,false
SO-101649,2024-04-13,MEA,Kenya,Fountain Pen Brass,Writing,3,79,0,237,Consumer,Retail,A. Okafor,false
SO-103633,2024-04-13,APAC,Japan,Quill Notebook A4,Stationery,3,16,0.05,45.6,Consumer,Retail,C. Nakamura,false
SO-103638,2024-04-13,MEA,Kenya,Quill Notebook A5,Stationery,1,12.5,0,12.5,Consumer,Wholesale,G. Patel,false
SO-104329,2024-04-13,APAC,Singapore,Fountain Pen Brass,Writing,5,79,0.05,375.25,Consumer,Online,D. Rossi,false
SO-104343,2024-04-13,EU,Spain,Sticky Notes Pastel,Stationery,1,5.5,0,5.5,Consumer,Retail,G. Patel,false
SO-100184,2024-04-14,APAC,India,Gel Pen 5-pack,Writing,3,9.9,0.05,28.22,Consumer,Online,E. Haddad,false
SO-100454,2024-04-14,LATAM,Chile,Ink Cartridge Midnight,Ink,5,6.5,0,32.5,Enterprise,Online,A. Okafor,false
SO-101431,2024-04-14,MEA,United Arab Emirates,Fountain Pen Classic,Writing,2,48,0.05,91.2,Consumer,Online,C. Nakamura,false
SO-101589,2024-04-14,MEA,United Arab Emirates,Ink Cartridge Midnight,Ink,5,6.5,0,32.5,Consumer,Online,A. Okafor,false
SO-101709,2024-04-14,MEA,South Africa,Fountain Pen Brass,Writing,1,79,0,79,Consumer,Online,D. Rossi,false
SO-102088,2024-04-14,NA,United States,Ink Bottle Sepia 50ml,Ink,2,18,0.1,32.4,Small Business,Retail,F. Moreau,false
SO-102277,2024-04-14,NA,Canada,Ink Bottle Sepia 50ml,Ink,1,18,0,18,Small Business,Online,H. Silva,false
SO-103157,2024-04-14,MEA,Kenya,Leather Journal Cover,Accessories,1,42,0,42,Consumer,Retail,C. Nakamura,false
SO-103912,2024-04-14,NA,Mexico,Quill Notebook A5,Stationery,2,12.5,0.05,23.75,Consumer,Retail,F. Moreau,false
SO-104182,2024-04-14,MEA,South Africa,Calligraphy Starter Kit,Writing,1,58,0,58,Enterprise,Online,C. Nakamura,false
SO-104554,2024-04-14,EU,Germany,Ink Cartridge Midnight,Ink,1,6.5,0,6.5,Consumer,Retail,G. Patel,false
SO-105512,2024-04-14,LATAM,Argentina,Pen Case Canvas,Accessories,10,22,0.1,198,Consumer,Retail,H. Silva,false
SO-100145,2024-04-15,MEA,Kenya,Gel Pen 5-pack,Writing,3,9.9,0.1,26.73,Small Business,Online,A. Okafor,false
SO-100715,2024-04-15,MEA,United Arab Emirates,Quill Notebook A4,Stationery,2,16,0.05,30.4,Small Business,Online,D. Rossi,false
SO-100754,2024-04-15,EU,Netherlands,Ink Bottle Sepia 50ml,Ink,3,18,0,54,Consumer,Retail,E. Haddad,false
SO-101212,2024-04-15,MEA,South Africa,Quill Notebook A5,Stationery,1,12.5,0,12.5,Consumer,Online,G. Patel,false
SO-101434,2024-04-15,EU,United Kingdom,Pen Stand Walnut,Desk,1,29,0.1,26.1,Small Business,Retail,F. Moreau,false
SO-103967,2024-04-15,LATAM,Chile,Pen Case Canvas,Accessories,1,22,0.1,19.8,Small Business,Online,D. Rossi,false
SO-104208,2024-04-15,MEA,South Africa,Planner 2024,Stationery,2,24,0,48,Small Business,Retail,G. Patel,false
SO-104949,2024-04-15,LATAM,Brazil,Quill Notebook A4,Stationery,1,16,0,16,Consumer,Online,F. Moreau,false
SO-105702,2024-04-15,EU,Germany,Quill Notebook A5,Stationery,3,12.5,0,37.5,Small Business,Online,F. Moreau,false
SO-105791,2024-04-15,MEA,United Arab Emirates,Calligraphy Starter Kit,Writing,1,58,0.05,55.1,Enterprise,Retail,G. Patel,false
SO-100863,2024-04-16,NA,Mexico,Desk Mat Linen,Desk,5,34,0,170,Consumer,Wholesale,A. Okafor,false
SO-102017,2024-04-16,NA,Canada,Calligraphy Starter Kit,Writing,2,58,0.1,104.4,Consumer,Online,C. Nakamura,false
SO-102534,2024-04-16,MEA,South Africa,Fountain Pen Classic,Writing,1,48,0.1,43.2,Consumer,Online,B. Lindqvist,false
SO-104392,2024-04-16,APAC,India,Quill Notebook A4,Stationery,2,16,0.2,25.6,Consumer,Retail,C. Nakamura,false
SO-105039,2024-04-16,EU,France,Gel Pen 5-pack,Writing,3,9.9,0.1,26.73,Small Business,Online,H. Silva,false
SO-101567,2024-04-17,MEA,United Arab Emirates,Sticky Notes Pastel,Stationery,1,5.5,0,5.5,Consumer,Retail,E. Haddad,false
SO-102421,2024-04-17,EU,United Kingdom,Planner 2024,Stationery,2,24,0,48,Enterprise,Wholesale,G. Patel,false
SO-102448,2024-04-17,NA,Mexico,Leather Journal Cover,Accessories,2,42,0,84,Small Business,Online,F. Moreau,false
SO-103001,2024-04-17,NA,United States,Leather Journal Cover,Accessories,1,42,0.05,39.9,Consumer,Online,E. Haddad,false
SO-104226,2024-04-17,NA,United States,Quill Notebook A4,Stationery,1,16,0.05,15.2,Small Business,Wholesale,D. Rossi,false
SO-104444,2024-04-17,MEA,Kenya,Desk Mat Linen,Desk,1,34,0.1,30.6,Small Business,Online,G. Patel,false
SO-104459,2024-04-17,APAC,Australia,Planner 2024,Stationery,2,24,0,48,Consumer,Wholesale,F. Moreau,false
SO-105351,2024-04-17,MEA,South Africa,Ink Cartridge Midnight,Ink,5,6.5,0.05,30.88,Small Business,Retail,E. Haddad,false
SO-105369,2024-04-17,MEA,Kenya,Pen Case Canvas,Accessories,1,22,0,22,Consumer,Retail,B. Lindqvist,false
SO-105431,2024-04-17,APAC,India,Desk Mat Linen,Desk,2,34,0,68,Consumer,Retail,A. Okafor,false
SO-105845,2024-04-17,MEA,South Africa,Leather Journal Cover,Accessories,1,42,0.05,39.9,Consumer,Retail,C. Nakamura,false
SO-100516,2024-04-18,MEA,South Africa,Desk Mat Linen,Desk,2,34,0,68,Small Business,Online,B. Lindqvist,false
SO-100877,2024-04-18,EU,Netherlands,Calligraphy Starter Kit,Writing,2,58,0.05,110.2,Enterprise,Wholesale,G. Patel,false
SO-101465,2024-04-18,LATAM,Brazil,Calligraphy Starter Kit,Writing,5,58,0,290,Small Business,Retail,A. Okafor,false
SO-102542,2024-04-18,NA,Canada,Fountain Pen Brass,Writing,1,79,0.05,75.05,Consumer,Online,A. Okafor,false
SO-103648,2024-04-18,MEA,United Arab Emirates,Sticky Notes Pastel,Stationery,1,5.5,0,5.5,Consumer,Wholesale,A. Okafor,false
SO-103821,2024-04-18,APAC,Japan,Calligraphy Starter Kit,Writing,1,58,0,58,Consumer,Online,D. Rossi,false
SO-103974,2024-04-18,NA,United States,Pen Case Canvas,Accessories,2,22,0.1,39.6,Small Business,Wholesale,C. Nakamura,false
SO-105568,2024-04-18,APAC,Japan,Sticky Notes Pastel,Stationery,3,5.5,0.1,14.85,Consumer,Online,D. Rossi,false
SO-105632,2024-04-18,EU,Germany,Monitor Riser Oak,Desk,2,64,0,128,Enterprise,Online,D. Rossi,false
SO-100191,2024-04-19,APAC,Australia,Fountain Pen Brass,Writing,3,79,0.1,213.3,Small Business,Online,C. Nakamura,false
SO-101061,2024-04-19,APAC,Australia,Fountain Pen Classic,Writing,1,48,0,48,Small Business,Online,E. Haddad,false
SO-102075,2024-04-19,APAC,Singapore,Desk Mat Linen,Desk,1,34,0,34,Consumer,Online,B. Lindqvist,false
SO-103159,2024-04-19,NA,Canada,Pen Stand Walnut,Desk,2,29,0,58,Consumer,Online,D. Rossi,false
SO-103351,2024-04-19,LATAM,Brazil,Fountain Pen Classic,Writing,1,48,0.1,43.2,Consumer,Wholesale,D. Rossi,false
SO-103615,2024-04-19,NA,Mexico,Ink Cartridge Midnight,Ink,3,6.5,0,19.5,Enterprise,Retail,E. Haddad,false
SO-104177,2024-04-19,MEA,United Arab Emirates,Leather Journal Cover,Accessories,1,42,0,42,Consumer,Online,D. Rossi,false
SO-104998,2024-04-19,MEA,South Africa,Planner 2024,Stationery,1,24,0,24,Small Business,Wholesale,G. Patel,false
SO-105440,2024-04-19,LATAM,Argentina,Calligraphy Starter Kit,Writing,2,58,0.05,110.2,Consumer,Retail,A. Okafor,false
SO-100413,2024-04-20,MEA,Kenya,Planner 2024,Stationery,3,24,0,72,Consumer,Online,F. Moreau,false
SO-100448,2024-04-20,MEA,Kenya,Monitor Riser Oak,Desk,1,64,0,64,Consumer,Retail,G. Patel,false
SO-101017,2024-04-20,EU,Spain,Calligraphy Starter Kit,Writing,1,58,0,58,Consumer,Online,E. Haddad,false
SO-102660,2024-04-20,APAC,Japan,Gel Pen 5-pack,Writing,1,9.9,0,9.9,Enterprise,Online,E. Haddad,false
SO-102726,2024-04-20,LATAM,Brazil,Leather Journal Cover,Accessories,1,42,0,42,Small Business,Online,B. Lindqvist,false
SO-102772,2024-04-20,APAC,Australia,Fountain Pen Brass,Writing,1,79,0,79,Consumer,Retail,H. Silva,false
SO-105118,2024-04-20,APAC,India,Quill Notebook A4,Stationery,5,16,0.05,76,Enterprise,Online,H. Silva,false
SO-105165,2024-04-20,MEA,South Africa,Gel Pen 5-pack,Writing,10,9.9,0,99,Consumer,Online,A. Okafor,false
SO-101430,2024-04-21,LATAM,Chile,Calligraphy Starter Kit,Writing,1,58,0,58,Consumer,Online,F. Moreau,false
SO-102260,2024-04-21,EU,Netherlands,Fountain Pen Brass,Writing,2,79,0.1,142.2,Consumer,Online,C. Nakamura,false
SO-102558,2024-04-21,MEA,South Africa,Sticky Notes Pastel,Stationery,2,5.5,0,11,Small Business,Online,G. Patel,false
SO-103047,2024-04-21,LATAM,Brazil,Gel Pen 5-pack,Writing,2,9.9,0.1,17.82,Enterprise,Online,G. Patel,false
SO-104036,2024-04-21,NA,Canada,Fountain Pen Classic,Writing,3,48,0,144,Small Business,Online,D. Rossi,false
SO-105881,2024-04-21,NA,United States,Sticky Notes Pastel,Stationery,2,5.5,0.05,10.45,Enterprise,Online,B. Lindqvist,false
SO-101565,2024-04-22,LATAM,Brazil,Leather Journal Cover,Accessories,5,42,0.2,168,Consumer,Wholesale,D. Rossi,false
SO-102269,2024-04-22,MEA,United Arab Emirates,Quill Notebook A4,Stationery,1,16,0,16,Consumer,Retail,H. Silva,false
SO-102996,2024-04-22,MEA,United Arab Emirates,Ink Cartridge Midnight,Ink,10,6.5,0,65,Small Business,Retail,E. Haddad,true
SO-104466,2024-04-22,EU,France,Pen Case Canvas,Accessories,1,22,0.1,19.8,Consumer,Online,F. Moreau,false
SO-105284,2024-04-22,APAC,Australia,Monitor Riser Oak,Desk,3,64,0.1,172.8,Consumer,Online,H. Silva,false
SO-105371,2024-04-22,EU,Netherlands,Sticky Notes Pastel,Stationery,2,5.5,0.05,10.45,Consumer,Online,E. Haddad,false
SO-105586,2024-04-22,MEA,Kenya,Quill Notebook A4,Stationery,2,16,0,32,Small Business,Retail,C. Nakamura,false
SO-101436,2024-04-23,LATAM,Chile,Desk Mat Linen,Desk,1,34,0,34,Enterprise,Online,D. Rossi,false
SO-101566,2024-04-23,MEA,Kenya,Monitor Riser Oak,Desk,3,64,0,192,Consumer,Online,D. Rossi,false
SO-101598,2024-04-23,APAC,Japan,Leather Journal Cover,Accessories,3,42,0.05,119.7,Consumer,Online,G. Patel,false
SO-101792,2024-04-23,EU,Germany,Gel Pen 5-pack,Writing,1,9.9,0,9.9,Consumer,Online,F. Moreau,false
SO-102400,2024-04-23,APAC,Australia,Pen Case Canvas,Accessories,1,22,0,22,Consumer,Online,F. Moreau,false
SO-104095,2024-04-23,MEA,United Arab Emirates,Ink Cartridge Midnight,Ink,3,6.5,0,19.5,Consumer,Online,A. Okafor,false
SO-104744,2024-04-23,MEA,Kenya,Fountain Pen Brass,Writing,3,79,0,237,Consumer,Wholesale,A. Okafor,false
SO-104961,2024-04-23,LATAM,Brazil,Fountain Pen Classic,Writing,3,48,0,144,Consumer,Retail,C. Nakamura,false
SO-105500,2024-04-23,NA,Mexico,Planner 2024,Stationery,1,24,0,24,Small Business,Online,B. Lindqvist,false
SO-101198,2024-04-24,EU,France,Quill Notebook A4,Stationery,5,16,0.1,72,Consumer,Online,D. Rossi,false
SO-102808,2024-04-24,EU,Germany,Leather Journal Cover,Accessories,1,42,0,42,Consumer,Online,H. Silva,false
SO-103632,2024-04-24,NA,United States,Ink Cartridge Midnight,Ink,2,6.5,0,13,Small Business,Online,F. Moreau,false
SO-103717,2024-04-24,EU,France,Fountain Pen Brass,Writing,2,79,0,158,Consumer,Online,F. Moreau,false
SO-104298,2024-04-24,APAC,Australia,Fountain Pen Classic,Writing,5,48,0,240,Small Business,Online,F. Moreau,false
SO-104821,2024-04-24,LATAM,Chile,Desk Mat Linen,Desk,3,34,0,102,Consumer,Online,A. Okafor,false
SO-104930,2024-04-24,EU,Netherlands,Ink Cartridge Midnight,Ink,2,6.5,0.1,11.7,Small Business,Retail,B. Lindqvist,false
SO-105256,2024-04-24,EU,Spain,Pen Case Canvas,Accessories,1,22,0,22,Small Business,Wholesale,A. Okafor,false
SO-105817,2024-04-24,LATAM,Brazil,Calligraphy Starter Kit,Writing,2,58,0.05,110.2,Consumer,Online,G. Patel,false
SO-105939,2024-04-24,MEA,Kenya,Ink Cartridge Midnight,Ink,3,6.5,0.1,17.55,Consumer,Online,G. Patel,false
SO-100344,2024-04-25,MEA,Kenya,Fountain Pen Classic,Writing,1,48,0,48,Consumer,Online,B. Lindqvist,false
SO-102259,2024-04-25,EU,Spain,Fountain Pen Brass,Writing,2,79,0,158,Small Business,Online,F. Moreau,false
SO-102582,2024-04-25,MEA,South Africa,Calligraphy Starter Kit,Writing,1,58,0,58,Consumer,Online,F. Moreau,false
SO-102616,2024-04-25,MEA,South Africa,Planner 2024,Stationery,1,24,0.05,22.8,Consumer,Retail,A. Okafor,false
SO-102095,2024-04-26,MEA,South Africa,Calligraphy Starter Kit,Writing,2,58,0.1,104.4,Small Business,Online,C. Nakamura,false
SO-104189,2024-04-26,EU,United Kingdom,Sticky Notes Pastel,Stationery,2,5.5,0.1,9.9,Consumer,Retail,B. Lindqvist,false
SO-105154,2024-04-26,EU,United Kingdom,Fountain Pen Classic,Writing,2,48,0,96,Enterprise,Retail,F. Moreau,false
SO-100142,2024-04-27,LATAM,Brazil,Fountain Pen Classic,Writing,1,48,0,48,Consumer,Online,G. Patel,false
SO-100682,2024-04-27,EU,Netherlands,Sticky Notes Pastel,Stationery,3,5.5,0.05,15.68,Consumer,Retail,H. Silva,false
SO-101063,2024-04-27,APAC,Australia,Fountain Pen Brass,Writing,3,79,0.05,225.15,Consumer,Online,G. Patel,false
SO-101795,2024-04-27,MEA,Kenya,Pen Stand Walnut,Desk,2,29,0,58,Consumer,Wholesale,G. Patel,false
SO-102147,2024-04-27,MEA,United Arab Emirates,Quill Notebook A4,Stationery,1,16,0.1,14.4,Enterprise,Wholesale,C. Nakamura,false
SO-102589,2024-04-27,LATAM,Argentina,Quill Notebook A5,Stationery,1,12.5,0,12.5,Consumer,Retail,B. Lindqvist,false
SO-102803,2024-04-27,EU,Germany,Quill Notebook A4,Stationery,2,16,0,32,Consumer,Retail,C. Nakamura,false
SO-103142,2024-04-27,EU,Spain,Quill Notebook A5,Stationery,2,12.5,0,25,Consumer,Retail,G. Patel,false
SO-103614,2024-04-27,EU,Netherlands,Pen Case Canvas,Accessories,1,22,0,22,Small Business,Online,F. Moreau,false
SO-104008,2024-04-27,LATAM,Brazil,Monitor Riser Oak,Desk,5,64,0,320,Consumer,Wholesale,G. Patel,false
SO-105151,2024-04-27,NA,United States,Pen Stand Walnut,Desk,1,29,0,29,Small Business,Online,G. Patel,false
SO-105229,2024-04-27,APAC,Australia,Ink Cartridge Midnight,Ink,1,6.5,0,6.5,Consumer,Online,G. Patel,false
SO-102077,2024-04-28,APAC,Japan,Leather Journal Cover,Accessories,2,42,0,84,Small Business,Online,F. Moreau,false
SO-102086,2024-04-28,EU,Netherlands,Ink Cartridge Midnight,Ink,1,6.5,0,6.5,Consumer,Online,B. Lindqvist,false
SO-102134,2024-04-28,LATAM,Chile,Desk Mat Linen,Desk,1,34,0.05,32.3,Consumer,Online,F. Moreau,false
SO-103467,2024-04-28,EU,Spain,Fountain Pen Brass,Writing,1,79,0.05,75.05,Small Business,Online,B. Lindqvist,false
SO-103636,2024-04-28,LATAM,Chile,Fountain Pen Brass,Writing,1,79,0,79,Consumer,Online,F. Moreau,false
SO-103915,2024-04-28,APAC,India,Leather Journal Cover,Accessories,5,42,0.2,168,Small Business,Retail,B. Lindqvist,false
SO-104358,2024-04-28,LATAM,Brazil,Planner 2024,Stationery,10,24,0,240,Small Business,Online,C. Nakamura,false
SO-104817,2024-04-28,LATAM,Argentina,Monitor Riser Oak,Desk,1,64,0.1,57.6,Consumer,Retail,B. Lindqvist,false
SO-100108,2024-04-29,LATAM,Brazil,Fountain Pen Brass,Writing,1,79,0,79,Enterprise,Online,D. Rossi,false
SO-102023,2024-04-29,LATAM,Brazil,Quill Notebook A5,Stationery,3,12.5,0,37.5,Consumer,Online,H. Silva,false
SO-102793,2024-04-29,EU,Spain,Pen Case Canvas,Accessories,1,22,0.05,20.9,Small Business,Retail,D. Rossi,false
SO-105232,2024-04-29,LATAM,Brazil,Quill Notebook A4,Stationery,1,16,0,16,Small Business,Online,E. Haddad,false
SO-100498,2024-04-30,LATAM,Argentina,Gel Pen 5-pack,Writing,5,9.9,0,49.5,Enterprise,Online,E. Haddad,false
SO-100761,2024-04-30,EU,Germany,Monitor Riser Oak,Desk,1,64,0,64,Small Business,Retail,H. Silva,false
SO-102768,2024-04-30,APAC,Australia,Ink Bottle Sepia 50ml,Ink,3,18,0,54,Small Business,Wholesale,C. Nakamura,false
SO-102864,2024-04-30,LATAM,Brazil,Fountain Pen Classic,Writing,2,48,0,96,Consumer,Online,A. Okafor,false
SO-102973,2024-04-30,MEA,South Africa,Fountain Pen Brass,Writing,3,79,0.2,189.6,Small Business,Wholesale,D. Rossi,false
SO-104365,2024-04-30,APAC,Singapore,Ink Cartridge Midnight,Ink,1,6.5,0,6.5,Consumer,Retail,D. Rossi,false
SO-104526,2024-04-30,LATAM,Argentina,Pen Stand Walnut,Desk,1,29,0.05,27.55,Enterprise,Retail,G. Patel,false
SO-104768,2024-04-30,MEA,South Africa,Monitor Riser Oak,Desk,1,64,0.1,57.6,Consumer,Online,G. Patel,false
SO-105432,2024-04-30,MEA,United Arab Emirates,Quill Notebook A4,Stationery,1,16,0.05,15.2,Small Business,Retail,H. Silva,false
SO-105493,2024-04-30,MEA,United Arab Emirates,Fountain Pen Brass,Writing,1,79,0,79,Consumer,Retail,B. Lindqvist,false
SO-100611,2024-05-01,EU,Spain,Pen Stand Walnut,Desk,1,29,0,29,Consumer,Online,H. Silva,false
SO-100862,2024-05-01,MEA,Kenya,Ink Cartridge Midnight,Ink,1,6.5,0.1,5.85,Consumer,Online,H. Silva,false
SO-102242,2024-05-01,NA,Canada,Leather Journal Cover,Accessories,1,42,0.2,33.6,Consumer,Online,D. Rossi,false
SO-102462,2024-05-01,NA,Mexico,Leather Journal Cover,Accessories,1,42,0.05,39.9,Small Business,Online,A. Okafor,false
SO-102778,2024-05-01,APAC,India,Planner 2024,Stationery,3,24,0.05,68.4,Consumer,Online,B. Lindqvist,false
SO-103003,2024-05-01,LATAM,Brazil,Pen Case Canvas,Accessories,1,22,0,22,Enterprise,Wholesale,D. Rossi,false
SO-104187,2024-05-01,NA,United States,Leather Journal Cover,Accessories,2,42,0.05,79.8,Consumer,Retail,H. Silva,false
SO-104425,2024-05-01,APAC,Singapore,Ink Cartridge Midnight,Ink,2,6.5,0,13,Consumer,Wholesale,D. Rossi,false
SO-104643,2024-05-01,EU,Germany,Pen Case Canvas,Accessories,2,22,0,44,Enterprise,Online,F. Moreau,false
SO-100854,2024-05-02,MEA,United Arab Emirates,Quill Notebook A4,Stationery,5,16,0,80,Consumer,Retail,G. Patel,false
SO-100939,2024-05-02,NA,Canada,Monitor Riser Oak,Desk,1,64,0.1,57.6,Small Business,Retail,E. Haddad,false
SO-101003,2024-05-02,MEA,United Arab Emirates,Fountain Pen Brass,Writing,1,79,0,79,Consumer,Online,D. Rossi,false
SO-101864,2024-05-02,EU,Germany,Fountain Pen Classic,Writing,1,48,0,48,Consumer,Online,E. Haddad,false
SO-103401,2024-05-02,LATAM,Argentina,Sticky Notes Pastel,Stationery,1,5.5,0,5.5,Consumer,Wholesale,A. Okafor,false
SO-104224,2024-05-02,LATAM,Chile,Gel Pen 5-pack,Writing,1,9.9,0,9.9,Consumer,Retail,B. Lindqvist,false
SO-105496,2024-05-02,LATAM,Brazil,Monitor Riser Oak,Desk,1,64,0,64,Small Business,Online,F. Moreau,false
SO-105751,2024-05-02,EU,United Kingdom,Gel Pen 5-pack,Writing,1,9.9,0.05,9.4,Consumer,Retail,H. Silva,true
SO-105910,2024-05-02,NA,Canada,Calligraphy Starter Kit,Writing,3,58,0,174,Small Business,Retail,H. Silva,false
SO-105975,2024-05-02,LATAM,Argentina,Fountain Pen Brass,Writing,2,79,0.1,142.2,Small Business,Online,E. Haddad,false
SO-100268,2024-05-03,NA,Canada,Leather Journal Cover,Accessories,2,42,0.1,75.6,Small Business,Online,G. Patel,false
SO-100713,2024-05-03,LATAM,Brazil,Planner 2024,Stationery,2,24,0,48,Consumer,Online,A. Okafor,false
SO-103440,2024-05-03,APAC,Singapore,Fountain Pen Classic,Writing,2,48,0.05,91.2,Small Business,Online,H. Silva,false
SO-103617,2024-05-03,NA,Mexico,Fountain Pen Brass,Writing,5,79,0.1,355.5,Consumer,Online,B. Lindqvist,false
SO-104102,2024-05-03,MEA,Kenya,Fountain Pen Brass,Writing,2,79,0,158,Enterprise,Wholesale,G. Patel,false
SO-104398,2024-05-03,APAC,Singapore,Fountain Pen Classic,Writing,1,48,0.05,45.6,Enterprise,Online,B. Lindqvist,false
SO-104926,2024-05-03,NA,Mexico,Quill Notebook A5,Stationery,3,12.5,0.05,35.63,Consumer,Retail,B. Lindqvist,false
SO-100064,2024-05-04,LATAM,Brazil,Planner 2024,Stationery,1,24,0.1,21.6,Small Business,Online,H. Silva,false
SO-100530,2024-05-04,EU,Spain,Monitor Riser Oak,Desk,2,64,0.1,115.2,Consumer,Wholesale,D. Rossi,false
SO-101277,2024-05-04,MEA,Kenya,Pen Stand Walnut,Desk,1,29,0,29,Consumer,Retail,C. Nakamura,false
SO-101652,2024-05-04,NA,Mexico,Ink Bottle Sepia 50ml,Ink,1,18,0,18,Consumer,Retail,F. Moreau,false
SO-101722,2024-05-04,EU,Germany,Pen Case Canvas,Accessories,2,22,0.1,39.6,Consumer,Wholesale,A. Okafor,false
SO-102001,2024-05-04,EU,Netherlands,Calligraphy Starter Kit,Writing,1,58,0,58,Consumer,Retail,B. Lindqvist,false
SO-102074,2024-05-04,EU,France,Monitor Riser Oak,Desk,5,64,0.05,304,Consumer,Wholesale,E. Haddad,false
SO-102668,2024-05-04,MEA,United Arab Emirates,Planner 2024,Stationery,5,24,0,120,Consumer,Wholesale,A. Okafor,false
SO-102786,2024-05-04,LATAM,Chile,Pen Stand Walnut,Desk,1,29,0.05,27.55,Small Business,Online,D. Rossi,false
SO-103139,2024-05-04,EU,Netherlands,Leather Journal Cover,Accessories,10,42,0.05,399,Small Business,Online,C. Nakamura,false
SO-103816,2024-05-04,MEA,United Arab Emirates,Calligraphy Starter Kit,Writing,3,58,0,174,Consumer,Retail,G. Patel,false
SO-104092,2024-05-04,NA,Mexico,Fountain Pen Brass,Writing,3,79,0.05,225.15,Small Business,Wholesale,G. Patel,false
SO-104566,2024-05-04,APAC,India,Quill Notebook A5,Stationery,1,12.5,0.05,11.88,Small Business,Online,A. Okafor,false
SO-105534,2024-05-04,LATAM,Brazil,Quill Notebook A4,Stationery,3,16,0.05,45.6,Consumer,Online,D. Rossi,false
SO-105614,2024-05-04,LATAM,Argentina,Calligraphy Starter Kit,Writing,5,58,0.1,261,Small Business,Online,H. Silva,false
SO-100315,2024-05-05,MEA,South Africa,Ink Bottle Sepia 50ml,Ink,2,18,0,36,Small Business,Retail,C. Nakamura,false
SO-100725,2024-05-05,LATAM,Brazil,Monitor Riser Oak,Desk,5,64,0.2,256,Small Business,Retail,C. Nakamura,false
SO-102314,2024-05-05,APAC,Australia,Desk Mat Linen,Desk,1,34,0,34,Consumer,Retail,B. Lindqvist,false
SO-103389,2024-05-05,LATAM,Argentina,Ink Cartridge Midnight,Ink,1,6.5,0,6.5,Consumer,Online,B. Lindqvist,false
SO-103548,2024-05-05,NA,Canada,Gel Pen 5-pack,Writing,5,9.9,0,49.5,Consumer,Online,B. Lindqvist,false
SO-104628,2024-05-05,LATAM,Brazil,Ink Cartridge Midnight,Ink,1,6.5,0,6.5,Consumer,Retail,C. Nakamura,false
SO-104907,2024-05-05,MEA,South Africa,Sticky Notes Pastel,Stationery,1,5.5,0,5.5,Consumer,Online,H. Silva,false
SO-105075,2024-05-05,APAC,Australia,Fountain Pen Classic,Writing,2,48,0,96,Small Business,Online,F. Moreau,false
SO-100072,2024-05-06,MEA,South Africa,Calligraphy Starter Kit,Writing,5,58,0,290,Enterprise,Wholesale,B. Lindqvist,true
SO-100435,2024-05-06,MEA,Kenya,Quill Notebook A5,Stationery,1,12.5,0,12.5,Enterprise,Retail,B. Lindqvist,false
SO-100770,2024-05-06,NA,Canada,Ink Bottle Sepia 50ml,Ink,3,18,0,54,Consumer,Online,F. Moreau,false
SO-101070,2024-05-06,APAC,Australia,Quill Notebook A4,Stationery,3,16,0,48,Enterprise,Online,G. Patel,false
SO-101905,2024-05-06,MEA,United Arab Emirates,Quill Notebook A4,Stationery,2,16,0,32,Consumer,Online,H. Silva,false
SO-102469,2024-05-06,MEA,South Africa,Ink Bottle Sepia 50ml,Ink,3,18,0.2,43.2,Small Business,Retail,D. Rossi,false
SO-102986,2024-05-06,MEA,Kenya,Ink Bottle Sepia 50ml,Ink,1,18,0.05,17.1,Small Business,Online,G. Patel,false
SO-103302,2024-05-06,APAC,Australia,Planner 2024,Stationery,2,24,0,48,Consumer,Online,A. Okafor,false
SO-105812,2024-05-06,NA,Mexico,Ink Bottle Sepia 50ml,Ink,1,18,0,18,Consumer,Retail,H. Silva,false
SO-101703,2024-05-07,APAC,Singapore,Ink Bottle Sepia 50ml,Ink,1,18,0.05,17.1,Small Business,Retail,E. Haddad,false
SO-101767,2024-05-07,NA,United States,Calligraphy Starter Kit,Writing,3,58,0.05,165.3,Small Business,Online,F. Moreau,false
SO-101776,2024-05-07,EU,United Kingdom,Monitor Riser Oak,Desk,1,64,0.1,57.6,Consumer,Online,F. Moreau,false
SO-101949,2024-05-07,MEA,United Arab Emirates,Desk Mat Linen,Desk,5,34,0,170,Small Business,Online,G. Patel,false
SO-103035,2024-05-07,LATAM,Chile,Desk Mat Linen,Desk,3,34,0,102,Consumer,Retail,H. Silva,false
SO-103040,2024-05-07,MEA,United Arab Emirates,Desk Mat Linen,Desk,2,34,0,68,Enterprise,Online,B. Lindqvist,false
SO-103066,2024-05-07,MEA,Kenya,Calligraphy Starter Kit,Writing,3,58,0,174,Small Business,Online,D. Rossi,false
SO-104323,2024-05-07,NA,United States,Fountain Pen Brass,Writing,1,79,0,79,Consumer,Retail,B. Lindqvist,false
SO-104371,2024-05-07,MEA,United Arab Emirates,Leather Journal Cover,Accessories,2,42,0,84,Consumer,Online,B. Lindqvist,false
SO-104805,2024-05-07,LATAM,Chile,Monitor Riser Oak,Desk,5,64,0.1,288,Consumer,Retail,C. Nakamura,false
SO-105314,2024-05-07,NA,United States,Calligraphy Starter Kit,Writing,3,58,0.05,165.3,Consumer,Online,C. Nakamura,false
SO-105747,2024-05-07,APAC,Singapore,Pen Case Canvas,Accessories,1,22,0,22,Consumer,Online,B. Lindqvist,false
SO-100901,2024-05-08,APAC,Japan,Calligraphy Starter Kit,Writing,1,58,0,58,Consumer,Online,C. Nakamura,false
SO-101013,2024-05-08,NA,Mexico,Pen Case Canvas,Accessories,1,22,0.05,20.9,Consumer,Retail,E. Haddad,false
SO-101261,2024-05-08,LATAM,Brazil,Ink Cartridge Midnight,Ink,2,6.5,0,13,Consumer,Retail,F. Moreau,false
SO-101365,2024-05-08,MEA,United Arab Emirates,Ink Bottle Sepia 50ml,Ink,1,18,0.05,17.1,Consumer,Online,D. Rossi,false
SO-101621,2024-05-08,APAC,India,Desk Mat Linen,Desk,1,34,0.1,30.6,Consumer,Online,A. Okafor,false
SO-101907,2024-05-08,EU,Spain,Pen Case Canvas,Accessories,1,22,0,22,Small Business,Retail,F. Moreau,false
SO-102389,2024-05-08,MEA,United Arab Emirates,Fountain Pen Brass,Writing,2,79,0.05,150.1,Consumer,Online,B. Lindqvist,false
SO-103910,2024-05-08,EU,France,Pen Case Canvas,Accessories,2,22,0,44,Consumer,Wholesale,A. Okafor,false
SO-104440,2024-05-08,MEA,United Arab Emirates,Quill Notebook A4,Stationery,3,16,0,48,Enterprise,Retail,A. Okafor,false
SO-104504,2024-05-08,EU,Germany,Pen Case Canvas,Accessories,2,22,0.05,41.8,Consumer,Retail,G. Patel,false
SO-104573,2024-05-08,LATAM,Brazil,Pen Stand Walnut,Desk,1,29,0,29,Consumer,Online,C. Nakamura,false
SO-104913,2024-05-08,MEA,United Arab Emirates,Calligraphy Starter Kit,Writing,1,58,0.05,55.1,Consumer,Retail,E. Haddad,false
SO-105068,2024-05-08,MEA,United Arab Emirates,Pen Stand Walnut,Desk,2,29,0.2,46.4,Enterprise,Retail,H. Silva,false
SO-105993,2024-05-08,APAC,Japan,Ink Bottle Sepia 50ml,Ink,1,18,0.1,16.2,Consumer,Retail,D. Rossi,false
SO-101329,2024-05-09,MEA,United Arab Emirates,Fountain Pen Classic,Writing,2,48,0.2,76.8,Consumer,Retail,H. Silva,false
SO-101527,2024-05-09,MEA,United Arab Emirates,Ink Bottle Sepia 50ml,Ink,2,18,0.1,32.4,Consumer,Online,F. Moreau,false
SO-101894,2024-05-09,NA,Canada,Calligraphy Starter Kit,Writing,1,58,0,58,Consumer,Online,B. Lindqvist,false
SO-102206,2024-05-09,MEA,Kenya,Quill Notebook A4,Stationery,1,16,0.05,15.2,Consumer,Online,D. Rossi,false
SO-102321,2024-05-09,LATAM,Chile,Quill Notebook A4,Stationery,3,16,0,48,Small Business,Online,C. Nakamura,false
SO-102382,2024-05-09,LATAM,Chile,Fountain Pen Brass,Writing,2,79,0.05,150.1,Consumer,Online,B. Lindqvist,false
SO-104539,2024-05-09,EU,Spain,Leather Journal Cover,Accessories,2,42,0,84,Small Business,Online,F. Moreau,false
SO-104610,2024-05-09,NA,Mexico,Calligraphy Starter Kit,Writing,1,58,0,58,Small Business,Wholesale,G. Patel,false
SO-104993,2024-05-09,NA,Mexico,Fountain Pen Brass,Writing,2,79,0,158,Consumer,Retail,C. Nakamura,false
SO-105122,2024-05-09,APAC,Japan,Monitor Riser Oak,Desk,5,64,0,320,Small Business,Wholesale,E. Haddad,false
SO-105901,2024-05-09,LATAM,Argentina,Quill Notebook A5,Stationery,10,12.5,0,125,Small Business,Online,E. Haddad,false
SO-100420,2024-05-10,MEA,United Arab Emirates,Fountain Pen Classic,Writing,10,48,0,480,Small Business,Online,H. Silva,false
SO-100596,2024-05-10,MEA,United Arab Emirates,Planner 2024,Stationery,1,24,0.1,21.6,Enterprise,Retail,G. Patel,false
SO-100872,2024-05-10,APAC,Singapore,Ink Cartridge Midnight,Ink,1,6.5,0.2,5.2,Consumer,Online,E. Haddad,false
SO-102354,2024-05-10,LATAM,Chile,Monitor Riser Oak,Desk,3,64,0.1,172.8,Small Business,Online,E. Haddad,false
SO-102837,2024-05-10,LATAM,Chile,Leather Journal Cover,Accessories,2,42,0.05,79.8,Consumer,Online,F. Moreau,false
SO-103780,2024-05-10,EU,United Kingdom,Ink Bottle Sepia 50ml,Ink,5,18,0,90,Consumer,Retail,H. Silva,false
SO-103913,2024-05-10,LATAM,Argentina,Desk Mat Linen,Desk,3,34,0,102,Consumer,Online,C. Nakamura,false
SO-104553,2024-05-10,NA,United States,Monitor Riser Oak,Desk,1,64,0,64,Consumer,Retail,D. Rossi,true
SO-105858,2024-05-10,APAC,Australia,Planner 2024,Stationery,1,24,0.1,21.6,Enterprise,Retail,A. Okafor,false
SO-100584,2024-05-11,APAC,Australia,Pen Case Canvas,Accessories,2,22,0,44,Enterprise,Retail,H. Silva,false
SO-101464,2024-05-11,LATAM,Brazil,Pen Case Canvas,Accessories,2,22,0,44,Consumer,Retail,G. Patel,false
SO-103969,2024-05-11,LATAM,Argentina,Quill Notebook A4,Stationery,1,16,0.1,14.4,Consumer,Retail,G. Patel,false
SO-104035,2024-05-11,MEA,South Africa,Desk Mat Linen,Desk,2,34,0.05,64.6,Consumer,Retail,D. Rossi,false
SO-104040,2024-05-11,EU,United Kingdom,Planner 2024,Stationery,3,24,0,72,Consumer,Online,A. Okafor,false
SO-104879,2024-05-11,APAC,Australia,Quill Notebook A4,Stationery,1,16,0,16,Consumer,Online,F. Moreau,false
SO-105260,2024-05-11,APAC,Japan,Fountain Pen Brass,Writing,3,79,0,237,Consumer,Online,A. Okafor,false
SO-100477,2024-05-12,MEA,South Africa,Calligraphy Starter Kit,Writing,3,58,0,174,Enterprise,Online,G. Patel,false
SO-101869,2024-05-12,LATAM,Argentina,Desk Mat Linen,Desk,2,34,0.1,61.2,Consumer,Online,E. Haddad,false
SO-102945,2024-05-12,MEA,South Africa,Ink Bottle Sepia 50ml,Ink,3,18,0,54,Consumer,Online,B. Lindqvist,false
SO-103284,2024-05-12,EU,Germany,Pen Case Canvas,Accessories,2,22,0.1,39.6,Small Business,Retail,B. Lindqvist,false
SO-103754,2024-05-12,EU,Spain,Fountain Pen Brass,Writing,2,79,0.05,150.1,Small Business,Online,G. Patel,false
SO-104420,2024-05-12,NA,United States,Desk Mat Linen,Desk,3,34,0,102,Consumer,Online,C. Nakamura,false
SO-104992,2024-05-12,NA,Mexico,Sticky Notes Pastel,Stationery,1,5.5,0,5.5,Consumer,Online,C. Nakamura,false
SO-105204,2024-05-12,NA,Mexico,Quill Notebook A4,Stationery,1,16,0,16,Consumer,Retail,G. Patel,false
SO-100981,2024-05-13,LATAM,Argentina,Calligraphy Starter Kit,Writing,3,58,0.05,165.3,Consumer,Wholesale,H. Silva,false
SO-101902,2024-05-13,LATAM,Chile,Fountain Pen Brass,Writing,1,79,0,79,Consumer,Online,E. Haddad,false
SO-104685,2024-05-13,LATAM,Chile,Sticky Notes Pastel,Stationery,5,5.5,0.1,24.75,Consumer,Online,A. Okafor,false
SO-104720,2024-05-13,NA,United States,Ink Bottle Sepia 50ml,Ink,1,18,0,18,Small Business,Retail,F. Moreau,false
SO-104841,2024-05-13,EU,Netherlands,Pen Case Canvas,Accessories,1,22,0,22,Consumer,Online,C. Nakamura,false
SO-105023,2024-05-13,MEA,Kenya,Monitor Riser Oak,Desk,1,64,0,64,Consumer,Wholesale,C. Nakamura,true
SO-105916,2024-05-13,MEA,Kenya,Fountain Pen Brass,Writing,1,79,0,79,Consumer,Retail,D. Rossi,false
SO-100950,2024-05-14,LATAM,Brazil,Pen Case Canvas,Accessories,2,22,0,44,Enterprise,Online,G. Patel,true
SO-101930,2024-05-14,NA,Canada,Gel Pen 5-pack,Writing,1,9.9,0,9.9,Consumer,Online,A. Okafor,false
SO-102233,2024-05-14,APAC,India,Fountain Pen Brass,Writing,1,79,0,79,Enterprise,Online,H. Silva,false
SO-103313,2024-05-14,APAC,India,Ink Cartridge Midnight,Ink,1,6.5,0.05,6.18,Small Business,Retail,F. Moreau,false
SO-104655,2024-05-14,APAC,India,Pen Stand Walnut,Desk,3,29,0,87,Small Business,Online,B. Lindqvist,false
SO-104831,2024-05-14,APAC,Japan,Desk Mat Linen,Desk,2,34,0.05,64.6,Consumer,Online,B. Lindqvist,false
SO-105037,2024-05-14,LATAM,Argentina,Fountain Pen Brass,Writing,1,79,0.2,63.2,Consumer,Online,B. Lindqvist,false
SO-105335,2024-05-14,APAC,India,Pen Stand Walnut,Desk,10,29,0,290,Consumer,Retail,D. Rossi,false
SO-105391,2024-05-14,APAC,Australia,Desk Mat Linen,Desk,5,34,0,170,Consumer,Wholesale,G. Patel,false
SO-105475,2024-05-14,NA,United States,Calligraphy Starter Kit,Writing,1,58,0.05,55.1,Consumer,Online,C. Nakamura,false
SO-100919,2024-05-15,NA,Canada,Desk Mat Linen,Desk,3,34,0,102,Consumer,Online,A. Okafor,true
SO-102043,2024-05-15,LATAM,Chile,Quill Notebook A5,Stationery,1,12.5,0,12.5,Consumer,Retail,F. Moreau,false
SO-102193,2024-05-15,NA,Canada,Fountain Pen Classic,Writing,1,48,0,48,Small Business,Online,G. Patel,false
SO-103357,2024-05-15,APAC,Singapore,Ink Cartridge Midnight,Ink,2,6.5,0,13,Consumer,Retail,E. Haddad,false
SO-103601,2024-05-15,LATAM,Brazil,Fountain Pen Brass,Writing,2,79,0.1,142.2,Consumer,Online,E. Haddad,false
SO-103923,2024-05-15,APAC,Japan,Planner 2024,Stationery,1,24,0,24,Small Business,Online,C. Nakamura,false
SO-104826,2024-05-15,EU,Netherlands,Quill Notebook A4,Stationery,1,16,0,16,Consumer,Retail,C. Nakamura,false
SO-100026,2024-05-16,EU,Spain,Sticky Notes Pastel,Stationery,10,5.5,0.2,44,Consumer,Online,C. Nakamura,false
SO-100226,2024-05-16,APAC,Australia,Quill Notebook A5,Stationery,1,12.5,0.05,11.88,Small Business,Wholesale,D. Rossi,false
SO-100474,2024-05-16,EU,United Kingdom,Calligraphy Starter Kit,Writing,3,58,0.05,165.3,Small Business,Online,A. Okafor,true
SO-100520,2024-05-16,LATAM,Brazil,Calligraphy Starter Kit,Writing,3,58,0,174,Consumer,Retail,C. Nakamura,false
SO-101054,2024-05-16,EU,Spain,Gel Pen 5-pack,Writing,5,9.9,0.05,47.03,Consumer,Wholesale,E. Haddad,false
SO-101101,2024-05-16,APAC,Singapore,Calligraphy Starter Kit,Writing,2,58,0,116,Small Business,Online,G. Patel,false
SO-102175,2024-05-16,LATAM,Chile,Monitor Riser Oak,Desk,2,64,0.05,121.6,Small Business,Online,C. Nakamura,false
SO-102438,2024-05-16,LATAM,Brazil,Monitor Riser Oak,Desk,2,64,0.2,102.4,Consumer,Retail,E. Haddad,false
SO-103173,2024-05-16,APAC,Singapore,Pen Case Canvas,Accessories,1,22,0.05,20.9,Consumer,Retail,D. Rossi,false
SO-103423,2024-05-16,EU,Germany,Quill Notebook A4,Stationery,5,16,0.1,72,Small Business,Retail,F. Moreau,false
SO-105816,2024-05-16,APAC,Singapore,Fountain Pen Brass,Writing,1,79,0,79,Consumer,Online,G. Patel,false
SO-101409,2024-05-17,MEA,South Africa,Ink Cartridge Midnight,Ink,5,6.5,0,32.5,Consumer,Online,E. Haddad,false
SO-101972,2024-05-17,MEA,Kenya,Quill Notebook A4,Stationery,1,16,0,16,Consumer,Online,A. Okafor,false
SO-102149,2024-05-17,APAC,Singapore,Fountain Pen Classic,Writing,1,48,0,48,Enterprise,Online,H. Silva,false
SO-103192,2024-05-17,NA,United States,Desk Mat Linen,Desk,2,34,0,68,Enterprise,Online,F. Moreau,false
SO-103489,2024-05-17,LATAM,Argentina,Ink Bottle Sepia 50ml,Ink,5,18,0.2,72,Consumer,Online,A. Okafor,false
SO-104786,2024-05-17,MEA,Kenya,Desk Mat Linen,Desk,1,34,0.05,32.3,Small Business,Online,C. Nakamura,false
SO-100732,2024-05-18,NA,Canada,Fountain Pen Classic,Writing,1,48,0.1,43.2,Consumer,Retail,F. Moreau,false
SO-101086,2024-05-18,APAC,Singapore,Monitor Riser Oak,Desk,3,64,0.1,172.8,Small Business,Online,F. Moreau,false
SO-101210,2024-05-18,EU,Netherlands,Pen Case Canvas,Accessories,1,22,0.05,20.9,Consumer,Online,E. Haddad,false
SO-101765,2024-05-18,MEA,South Africa,Desk Mat Linen,Desk,2,34,0,68,Small Business,Retail,A. Okafor,false
SO-102276,2024-05-18,MEA,United Arab Emirates,Leather Journal Cover,Accessories,1,42,0.2,33.6,Small Business,Retail,H. Silva,false
SO-102502,2024-05-18,MEA,South Africa,Sticky Notes Pastel,Stationery,2,5.5,0,11,Consumer,Online,C. Nakamura,false
SO-103146,2024-05-18,EU,United Kingdom,Gel Pen 5-pack,Writing,1,9.9,0,9.9,Enterprise,Online,A. Okafor,false
SO-103491,2024-05-18,APAC,Australia,Quill Notebook A5,Stationery,3,12.5,0.05,35.63,Consumer,Online,C. Nakamura,false
SO-103607,2024-05-18,MEA,Kenya,Quill Notebook A5,Stationery,2,12.5,0,25,Consumer,Retail,B. Lindqvist,false
SO-105911,2024-05-18,APAC,Singapore,Planner 2024,Stationery,1,24,0.1,21.6,Consumer,Wholesale,G. Patel,false
SO-102454,2024-05-19,EU,Spain,Gel Pen 5-pack,Writing,2,9.9,0,19.8,Consumer,Retail,D. Rossi,false
SO-103002,2024-05-19,NA,United States,Fountain Pen Classic,Writing,1,48,0,48,Consumer,Online,H. Silva,false
SO-103747,2024-05-19,MEA,Kenya,Calligraphy Starter Kit,Writing,10,58,0,580,Consumer,Online,H. Silva,false
SO-103794,2024-05-19,MEA,United Arab Emirates,Fountain Pen Brass,Writing,10,79,0,790,Enterprise,Online,B. Lindqvist,false
SO-104355,2024-05-19,MEA,Kenya,Quill Notebook A5,Stationery,1,12.5,0,12.5,Consumer,Online,C. Nakamura,false
SO-105046,2024-05-19,MEA,Kenya,Calligraphy Starter Kit,Writing,5,58,0,290,Small Business,Online,E. Haddad,false
SO-100035,2024-05-20,NA,Mexico,Calligraphy Starter Kit,Writing,1,58,0,58,Consumer,Online,D. Rossi,false
SO-101062,2024-05-20,MEA,South Africa,Fountain Pen Brass,Writing,2,79,0,158,Consumer,Retail,D. Rossi,false
SO-101733,2024-05-20,APAC,Japan,Quill Notebook A4,Stationery,2,16,0,32,Consumer,Online,D. Rossi,true
SO-102012,2024-05-20,NA,Mexico,Monitor Riser Oak,Desk,2,64,0.1,115.2,Consumer,Online,E. Haddad,false
SO-102036,2024-05-20,APAC,India,Pen Stand Walnut,Desk,2,29,0.1,52.2,Consumer,Online,F. Moreau,false
SO-102249,2024-05-20,NA,Mexico,Pen Stand Walnut,Desk,2,29,0,58,Consumer,Online,C. Nakamura,false
SO-103028,2024-05-20,LATAM,Argentina,Quill Notebook A4,Stationery,2,16,0,32,Consumer,Online,A. Okafor,false
SO-103687,2024-05-20,NA,Canada,Pen Stand Walnut,Desk,2,29,0.05,55.1,Small Business,Online,B. Lindqvist,false
SO-103715,2024-05-20,NA,United States,Ink Cartridge Midnight,Ink,3,6.5,0.1,17.55,Small Business,Online,C. Nakamura,false
SO-104478,2024-05-20,APAC,Australia,Planner 2024,Stationery,3,24,0,72,Small Business,Online,D. Rossi,false
SO-105923,2024-05-20,MEA,Kenya,Fountain Pen Classic,Writing,3,48,0,144,Small Business,Wholesale,H. Silva,false
SO-105972,2024-05-20,EU,Spain,Fountain Pen Brass,Writing,2,79,0,158,Consumer,Online,D. Rossi,false
SO-100280,2024-05-21,EU,Spain,Leather Journal Cover,Accessories,1,42,0.05,39.9,Consumer,Online,H. Silva,false
SO-101018,2024-05-21,MEA,South Africa,Leather Journal Cover,Accessories,2,42,0.05,79.8,Consumer,Wholesale,D. Rossi,false
SO-101482,2024-05-21,MEA,United Arab Emirates,Ink Cartridge Midnight,Ink,1,6.5,0.1,5.85,Consumer,Retail,B. Lindqvist,false
SO-101888,2024-05-21,LATAM,Argentina,Quill Notebook A4,Stationery,1,16,0,16,Consumer,Online,F. Moreau,false
SO-102066,2024-05-21,LATAM,Brazil,Monitor Riser Oak,Desk,3,64,0,192,Small Business,Online,E. Haddad,false
SO-102995,2024-05-21,NA,United States,Sticky Notes Pastel,Stationery,2,5.5,0,11,Small Business,Retail,E. Haddad,false
SO-103989,2024-05-21,EU,United Kingdom,Gel Pen 5-pack,Writing,2,9.9,0,19.8,Consumer,Online,G. Patel,false
SO-104803,2024-05-21,EU,Netherlands,Sticky Notes Pastel,Stationery,10,5.5,0,55,Consumer,Wholesale,F. Moreau,false
SO-105083,2024-05-21,LATAM,Chile,Leather Journal Cover,Accessories,2,42,0.2,67.2,Consumer,Retail,F. Moreau,false
SO-105608,2024-05-21,MEA,South Africa,Planner 2024,Stationery,1,24,0.2,19.2,Consumer,Online,G. Patel,false
SO-105684,2024-05-21,EU,United Kingdom,Quill Notebook A5,Stationery,2,12.5,0,25,Small Business,Retail,F. Moreau,false
SO-100326,2024-05-22,NA,United States,Monitor Riser Oak,Desk,2,64,0.05,121.6,Consumer,Online,C. Nakamura,false
SO-101439,2024-05-22,APAC,India,Monitor Riser Oak,Desk,1,64,0,64,Small Business,Online,E. Haddad,false
SO-101751,2024-05-22,EU,France,Planner 2024,Stationery,1,24,0,24,Small Business,Wholesale,D. Rossi,false
SO-101803,2024-05-22,LATAM,Brazil,Quill Notebook A4,Stationery,2,16,0.05,30.4,Small Business,Online,H. Silva,false
SO-102972,2024-05-22,EU,Spain,Ink Cartridge Midnight,Ink,1,6.5,0,6.5,Small Business,Online,B. Lindqvist,false
SO-103343,2024-05-22,NA,United States,Planner 2024,Stationery,1,24,0.1,21.6,Small Business,Online,B. Lindqvist,false
SO-104808,2024-05-22,APAC,India,Desk Mat Linen,Desk,1,34,0,34,Enterprise,Online,H. Silva,false
SO-105203,2024-05-22,MEA,United Arab Emirates,Monitor Riser Oak,Desk,2,64,0,128,Consumer,Online,F. Moreau,false
SO-100900,2024-05-23,NA,United States,Monitor Riser Oak,Desk,3,64,0.1,172.8,Consumer,Retail,F. Moreau,false
SO-101275,2024-05-23,NA,Mexico,Leather Journal Cover,Accessories,3,42,0,126,Consumer,Online,E. Haddad,false
SO-101576,2024-05-23,LATAM,Argentina,Gel Pen 5-pack,Writing,3,9.9,0,29.7,Consumer,Online,E. Haddad,false
SO-102080,2024-05-23,LATAM,Brazil,Pen Stand Walnut,Desk,1,29,0,29,Enterprise,Online,D. Rossi,false
SO-102289,2024-05-23,NA,Mexico,Planner 2024,Stationery,1,24,0,24,Consumer,Wholesale,E. Haddad,false
SO-102825,2024-05-23,LATAM,Argentina,Desk Mat Linen,Desk,2,34,0,68,Consumer,Online,G. Patel,false
SO-103091,2024-05-23,NA,Mexico,Calligraphy Starter Kit,Writing,2,58,0,116,Small Business,Online,G. Patel,false
SO-103352,2024-05-23,APAC,Japan,Pen Case Canvas,Accessories,1,22,0,22,Consumer,Online,D. Rossi,false
SO-103362,2024-05-23,APAC,Japan,Desk Mat Linen,Desk,2,34,0.1,61.2,Consumer,Online,D. Rossi,false
SO-104111,2024-05-23,EU,Germany,Pen Case Canvas,Accessories,5,22,0,110,Consumer,Retail,A. Okafor,false
SO-104981,2024-05-23,APAC,India,Sticky Notes Pastel,Stationery,2,5.5,0.2,8.8,Small Business,Online,B. Lindqvist,false
SO-105281,2024-05-23,EU,Germany,Sticky Notes Pastel,Stationery,1,5.5,0,5.5,Enterprise,Online,C. Nakamura,false
SO-105693,2024-05-23,NA,Canada,Monitor Riser Oak,Desk,5,64,0.05,304,Consumer,Retail,F. Moreau,false
SO-105799,2024-05-23,NA,Canada,Pen Case Canvas,Accessories,1,22,0.1,19.8,Consumer,Online,B. Lindqvist,false
SO-100266,2024-05-24,NA,Mexico,Pen Case Canvas,Accessories,2,22,0,44,Small Business,Wholesale,E. Haddad,false
SO-100346,2024-05-24,APAC,Australia,Gel Pen 5-pack,Writing,2,9.9,0,19.8,Consumer,Retail,H. Silva,false
SO-102070,2024-05-24,LATAM,Brazil,Ink Cartridge Midnight,Ink,1,6.5,0,6.5,Consumer,Retail,C. Nakamura,false
SO-102165,2024-05-24,EU,Netherlands,Monitor Riser Oak,Desk,3,64,0,192,Consumer,Online,E. Haddad,false
SO-103247,2024-05-24,NA,United States,Desk Mat Linen,Desk,1,34,0,34,Consumer,Retail,A. Okafor,false
SO-105594,2024-05-24,LATAM,Argentina,Ink Bottle Sepia 50ml,Ink,5,18,0,90,Enterprise,Retail,E. Haddad,false
SO-105729,2024-05-24,MEA,South Africa,Gel Pen 5-pack,Writing,1,9.9,0.2,7.92,Consumer,Retail,A. Okafor,false
SO-101039,2024-05-25,APAC,India,Ink Bottle Sepia 50ml,Ink,2,18,0.2,28.8,Consumer,Online,E. Haddad,false
SO-101595,2024-05-25,APAC,Japan,Pen Case Canvas,Accessories,3,22,0,66,Enterprise,Retail,D. Rossi,false
SO-102593,2024-05-25,APAC,Japan,Gel Pen 5-pack,Writing,10,9.9,0,99,Small Business,Retail,C. Nakamura,false
SO-102932,2024-05-25,EU,United Kingdom,Ink Bottle Sepia 50ml,Ink,2,18,0.2,28.8,Consumer,Retail,D. Rossi,false
SO-104881,2024-05-25,EU,Spain,Planner 2024,Stationery,2,24,0,48,Small Business,Online,G. Patel,true
SO-105888,2024-05-25,EU,Netherlands,Desk Mat Linen,Desk,1,34,0.1,30.6,Consumer,Retail,D. Rossi,false
SO-101224,2024-05-26,NA,Canada,Pen Case Canvas,Accessories,10,22,0,220,Consumer,Online,B. Lindqvist,false
SO-101307,2024-05-26,EU,Spain,Ink Bottle Sepia 50ml,Ink,3,18,0.05,51.3,Consumer,Retail,B. Lindqvist,false
SO-101879,2024-05-26,EU,France,Fountain Pen Brass,Writing,1,79,0.05,75.05,Consumer,Online,D. Rossi,false
SO-102136,2024-05-26,NA,Mexico,Quill Notebook A5,Stationery,2,12.5,0,25,Consumer,Retail,H. Silva,false
SO-102579,2024-05-26,MEA,South Africa,Leather Journal Cover,Accessories,2,42,0,84,Enterprise,Wholesale,H. Silva,false
SO-103388,2024-05-26,MEA,Kenya,Pen Stand Walnut,Desk,1,29,0.1,26.1,Consumer,Retail,E. Haddad,false
SO-103479,2024-05-26,LATAM,Argentina,Fountain Pen Classic,Writing,2,48,0,96,Consumer,Online,E. Haddad,false
SO-105900,2024-05-26,APAC,Japan,Sticky Notes Pastel,Stationery,2,5.5,0,11,Small Business,Online,E. Haddad,false
SO-100009,2024-05-27,LATAM,Brazil,Sticky Notes Pastel,Stationery,2,5.5,0.1,9.9,Small Business,Online,A. Okafor,false
SO-101042,2024-05-27,APAC,Australia,Desk Mat Linen,Desk,1,34,0.05,32.3,Small Business,Online,H. Silva,false
SO-101874,2024-05-27,MEA,United Arab Emirates,Planner 2024,Stationery,5,24,0,120,Consumer,Retail,B. Lindqvist,false
SO-101948,2024-05-27,EU,Netherlands,Gel Pen 5-pack,Writing,1,9.9,0,9.9,Consumer,Online,H. Silva,false
SO-102125,2024-05-27,NA,Mexico,Gel Pen 5-pack,Writing,3,9.9,0.05,28.22,Consumer,Online,H. Silva,false
SO-102464,2024-05-27,MEA,South Africa,Fountain Pen Brass,Writing,3,79,0,237,Consumer,Online,C. Nakamura,false
SO-103499,2024-05-27,APAC,Japan,Quill Notebook A5,Stationery,1,12.5,0,12.5,Small Business,Online,B. Lindqvist,false
SO-103652,2024-05-27,EU,Germany,Pen Stand Walnut,Desk,1,29,0,29,Consumer,Wholesale,G. Patel,false
SO-103955,2024-05-27,NA,United States,Monitor Riser Oak,Desk,2,64,0,128,Consumer,Online,G. Patel,false
SO-104465,2024-05-27,EU,Spain,Sticky Notes Pastel,Stationery,5,5.5,0,27.5,Consumer,Retail,H. Silva,false
SO-105115,2024-05-27,EU,Netherlands,Pen Case Canvas,Accessories,1,22,0,22,Consumer,Online,E. Haddad,false
SO-105781,2024-05-27,LATAM,Brazil,Monitor Riser Oak,Desk,1,64,0,64,Consumer,Retail,A. Okafor,false
SO-100198,2024-05-28,APAC,India,Pen Case Canvas,Accessories,1,22,0,22,Consumer,Online,B. Lindqvist,false
SO-101304,2024-05-28,LATAM,Chile,Quill Notebook A5,Stationery,3,12.5,0.05,35.63,Consumer,Online,H. Silva,false
SO-101884,2024-05-28,MEA,United Arab Emirates,Fountain Pen Classic,Writing,2,48,0,96,Consumer,Retail,F. Moreau,false
SO-102084,2024-05-28,EU,Germany,Quill Notebook A4,Stationery,2,16,0,32,Consumer,Online,C. Nakamura,false
SO-102190,2024-05-28,LATAM,Chile,Gel Pen 5-pack,Writing,1,9.9,0,9.9,Enterprise,Wholesale,F. Moreau,false
SO-102366,2024-05-28,NA,United States,Ink Bottle Sepia 50ml,Ink,2,18,0,36,Consumer,Online,F. Moreau,false
SO-103046,2024-05-28,APAC,Japan,Fountain Pen Brass,Writing,2,79,0,158,Small Business,Online,F. Moreau,false
SO-103465,2024-05-28,NA,Mexico,Calligraphy Starter Kit,Writing,2,58,0.05,110.2,Small Business,Wholesale,F. Moreau,false
SO-103817,2024-05-28,NA,Canada,Pen Stand Walnut,Desk,3,29,0,87,Small Business,Online,B. Lindqvist,false
SO-104366,2024-05-28,MEA,South Africa,Ink Bottle Sepia 50ml,Ink,1,18,0,18,Consumer,Online,B. Lindqvist,true
SO-105376,2024-05-28,APAC,Australia,Gel Pen 5-pack,Writing,2,9.9,0,19.8,Consumer,Online,C. Nakamura,false
SO-105411,2024-05-28,LATAM,Argentina,Gel Pen 5-pack,Writing,2,9.9,0.05,18.81,Consumer,Online,E. Haddad,true
SO-105932,2024-05-28,MEA,Kenya,Ink Cartridge Midnight,Ink,1,6.5,0.1,5.85,Consumer,Online,G. Patel,false
SO-100751,2024-05-29,MEA,South Africa,Leather Journal Cover,Accessories,1,42,0,42,Consumer,Online,A. Okafor,false
SO-101045,2024-05-29,APAC,Japan,Calligraphy Starter Kit,Writing,3,58,0.05,165.3,Small Business,Online,G. Patel,false
SO-101743,2024-05-29,APAC,Singapore,Ink Cartridge Midnight,Ink,1,6.5,0,6.5,Small Business,Online,E. Haddad,true
SO-102044,2024-05-29,LATAM,Brazil,Ink Cartridge Midnight,Ink,2,6.5,0.2,10.4,Small Business,Online,D. Rossi,false
SO-101456,2024-05-30,LATAM,Chile,Quill Notebook A5,Stationery,1,12.5,0.1,11.25,Consumer,Online,B. Lindqvist,false
SO-104600,2024-05-30,LATAM,Argentina,Gel Pen 5-pack,Writing,3,9.9,0.2,23.76,Consumer,Online,A. Okafor,true
SO-104940,2024-05-30,APAC,Singapore,Fountain Pen Brass,Writing,5,79,0.05,375.25,Consumer,Retail,C. Nakamura,false
SO-104987,2024-05-30,MEA,South Africa,Ink Bottle Sepia 50ml,Ink,1,18,0.05,17.1,Consumer,Online,E. Haddad,false
SO-105546,2024-05-30,EU,Spain,Pen Stand Walnut,Desk,3,29,0.05,82.65,Small Business,Online,D. Rossi,false
SO-100168,2024-05-31,LATAM,Brazil,Pen Stand Walnut,Desk,1,29,0.05,27.55,Consumer,Retail,D. Rossi,false
SO-102180,2024-05-31,EU,Netherlands,Sticky Notes Pastel,Stationery,3,5.5,0.05,15.68,Consumer,Online,C. Nakamura,false
SO-103466,2024-05-31,NA,Mexico,Leather Journal Cover,Accessories,3,42,0,126,Enterprise,Retail,C. Nakamura,false
SO-103493,2024-05-31,EU,Spain,Calligraphy Starter Kit,Writing,10,58,0,580,Consumer,Online,E. Haddad,false
SO-103852,2024-05-31,MEA,Kenya,Sticky Notes Pastel,Stationery,2,5.5,0,11,Consumer,Online,A. Okafor,false
SO-100597,2024-06-01,EU,United Kingdom,Leather Journal Cover,Accessories,10,42,0,420,Consumer,Online,D. Rossi,false
SO-100693,2024-06-01,EU,Spain,Pen Case Canvas,Accessories,1,22,0.05,20.9,Enterprise,Online,D. Rossi,false
SO-101207,2024-06-01,NA,Canada,Fountain Pen Classic,Writing,1,48,0.2,38.4,Small Business,Online,G. Patel,false
SO-101425,2024-06-01,NA,Mexico,Quill Notebook A5,Stationery,5,12.5,0,62.5,Enterprise,Online,B. Lindqvist,false
SO-101827,2024-06-01,LATAM,Brazil,Pen Case Canvas,Accessories,2,22,0.1,39.6,Consumer,Online,H. Silva,false
SO-101940,2024-06-01,MEA,South Africa,Fountain Pen Brass,Writing,1,79,0,79,Small Business,Online,G. Patel,false
SO-104360,2024-06-01,EU,France,Calligraphy Starter Kit,Writing,1,58,0,58,Small Business,Online,B. Lindqvist,false
SO-105421,2024-06-01,MEA,United Arab Emirates,Desk Mat Linen,Desk,3,34,0,102,Consumer,Online,C. Nakamura,false
SO-105740,2024-06-01,APAC,India,Ink Cartridge Midnight,Ink,1,6.5,0.05,6.18,Enterprise,Online,H. Silva,true
SO-100791,2024-06-02,APAC,Japan,Ink Cartridge Midnight,Ink,1,6.5,0,6.5,Small Business,Online,C. Nakamura,false
SO-101469,2024-06-02,NA,Mexico,Ink Cartridge Midnight,Ink,1,6.5,0.1,5.85,Consumer,Online,F. Moreau,false
SO-102177,2024-06-02,APAC,India,Calligraphy Starter Kit,Writing,5,58,0,290,Consumer,Retail,D. Rossi,false
SO-103034,2024-06-02,EU,France,Pen Case Canvas,Accessories,2,22,0,44,Small Business,Online,D. Rossi,false
SO-103624,2024-06-02,LATAM,Chile,Desk Mat Linen,Desk,1,34,0,34,Small Business,Online,G. Patel,false
SO-103641,2024-06-02,EU,Germany,Desk Mat Linen,Desk,2,34,0,68,Consumer,Online,H. Silva,false
SO-104836,2024-06-02,EU,Germany,Ink Bottle Sepia 50ml,Ink,3,18,0.1,48.6,Small Business,Retail,F. Moreau,false
SO-105004,2024-06-02,NA,Canada,Quill Notebook A4,Stationery,2,16,0.2,25.6,Small Business,Online,H. Silva,false
SO-105334,2024-06-02,APAC,Australia,Fountain Pen Brass,Writing,3,79,0,237,Small Business,Online,E. Haddad,false
SO-105435,2024-06-02,EU,Spain,Leather Journal Cover,Accessories,1,42,0.1,37.8,Consumer,Online,G. Patel,false
SO-100054,2024-06-03,LATAM,Brazil,Fountain Pen Brass,Writing,3,79,0,237,Consumer,Retail,H. Silva,false
SO-101222,2024-06-03,APAC,Japan,Planner 2024,Stationery,1,24,0.1,21.6,Consumer,Online,B. Lindqvist,false
SO-101361,2024-06-03,MEA,South Africa,Desk Mat Linen,Desk,1,34,0,34,Enterprise,Retail,C. Nakamura,false
SO-101710,2024-06-03,NA,Canada,Calligraphy Starter Kit,Writing,1,58,0.05,55.1,Consumer,Online,E. Haddad,false
SO-102963,2024-06-03,APAC,India,Calligraphy Starter Kit,Writing,5,58,0,290,Consumer,Online,F. Moreau,false
SO-103019,2024-06-03,NA,Mexico,Sticky Notes Pastel,Stationery,3,5.5,0,16.5,Small Business,Online,B. Lindqvist,false
SO-105786,2024-06-03,EU,Netherlands,Planner 2024,Stationery,1,24,0.1,21.6,Small Business,Online,F. Moreau,false
SO-101713,2024-06-04,LATAM,Argentina,Desk Mat Linen,Desk,1,34,0,34,Enterprise,Online,H. Silva,false
SO-103299,2024-06-04,NA,Mexico,Pen Stand Walnut,Desk,1,29,0,29,Enterprise,Online,A. Okafor,false
SO-100818,2024-06-05,MEA,South Africa,Calligraphy Starter Kit,Writing,2,58,0.1,104.4,Consumer,Online,D. Rossi,false
SO-101600,2024-06-05,MEA,Kenya,Desk Mat Linen,Desk,2,34,0.05,64.6,Consumer,Online,B. Lindqvist,false
SO-102937,2024-06-05,APAC,Singapore,Ink Bottle Sepia 50ml,Ink,2,18,0.05,34.2,Small Business,Online,C. Nakamura,false
SO-103069,2024-06-05,EU,United Kingdom,Gel Pen 5-pack,Writing,3,9.9,0,29.7,Small Business,Online,H. Silva,false
SO-103663,2024-06-05,APAC,Australia,Monitor Riser Oak,Desk,1,64,0,64,Small Business,Retail,F. Moreau,false
SO-104354,2024-06-05,APAC,Japan,Pen Case Canvas,Accessories,5,22,0.1,99,Small Business,Online,F. Moreau,false
SO-104694,2024-06-05,LATAM,Chile,Sticky Notes Pastel,Stationery,3,5.5,0.1,14.85,Enterprise,Online,A. Okafor,false
SO-104759,2024-06-05,EU,Spain,Ink Bottle Sepia 50ml,Ink,2,18,0,36,Small Business,Retail,B. Lindqvist,false
SO-105010,2024-06-05,APAC,Australia,Sticky Notes Pastel,Stationery,1,5.5,0.2,4.4,Small Business,Online,D. Rossi,false
SO-105862,2024-06-05,NA,Canada,Fountain Pen Classic,Writing,1,48,0,48,Small Business,Retail,F. Moreau,false
SO-105913,2024-06-05,LATAM,Brazil,Fountain Pen Brass,Writing,3,79,0.05,225.15,Consumer,Online,H. Silva,false
SO-100390,2024-06-06,EU,France,Pen Stand Walnut,Desk,1,29,0.1,26.1,Enterprise,Wholesale,G. Patel,false
SO-100410,2024-06-06,APAC,India,Sticky Notes Pastel,Stationery,3,5.5,0,16.5,Small Business,Online,G. Patel,false
SO-100864,2024-06-06,EU,France,Pen Stand Walnut,Desk,5,29,0.05,137.75,Consumer,Retail,A. Okafor,false
SO-101607,2024-06-06,APAC,Singapore,Fountain Pen Classic,Writing,5,48,0,240,Small Business,Online,D. Rossi,false
SO-103697,2024-06-06,EU,United Kingdom,Calligraphy Starter Kit,Writing,1,58,0.05,55.1,Consumer,Online,A. Okafor,false
SO-104120,2024-06-06,EU,Netherlands,Desk Mat Linen,Desk,1,34,0,34,Small Business,Retail,H. Silva,false
SO-105444,2024-06-06,EU,Netherlands,Pen Case Canvas,Accessories,3,22,0,66,Enterprise,Online,A. Okafor,false
SO-100952,2024-06-07,EU,Spain,Desk Mat Linen,Desk,3,34,0,102,Small Business,Wholesale,C. Nakamura,false
SO-101279,2024-06-07,EU,Germany,Desk Mat Linen,Desk,2,34,0,68,Consumer,Retail,C. Nakamura,false
SO-102470,2024-06-07,LATAM,Brazil,Pen Case Canvas,Accessories,5,22,0.1,99,Small Business,Online,C. Nakamura,false
SO-103307,2024-06-07,APAC,Japan,Quill Notebook A4,Stationery,1,16,0,16,Consumer,Online,A. Okafor,false
SO-104378,2024-06-07,APAC,India,Monitor Riser Oak,Desk,2,64,0,128,Small Business,Retail,A. Okafor,false
SO-104428,2024-06-07,EU,Spain,Quill Notebook A5,Stationery,3,12.5,0,37.5,Consumer,Retail,A. Okafor,false
SO-100753,2024-06-08,APAC,India,Fountain Pen Classic,Writing,3,48,0.1,129.6,Small Business,Online,A. Okafor,false
SO-100825,2024-06-08,LATAM,Brazil,Fountain Pen Classic,Writing,2,48,0,96,Small Business,Retail,F. Moreau,false
SO-100923,2024-06-08,MEA,United Arab Emirates,Quill Notebook A4,Stationery,3,16,0.1,43.2,Enterprise,Retail,G. Patel,false
SO-101357,2024-06-08,MEA,South Africa,Sticky Notes Pastel,Stationery,3,5.5,0.1,14.85,Consumer,Retail,D. Rossi,false
SO-101550,2024-06-08,MEA,South Africa,Monitor Riser Oak,Desk,1,64,0,64,Small Business,Retail,A. Okafor,false
SO-103170,2024-06-08,LATAM,Brazil,Quill Notebook A5,Stationery,1,12.5,0,12.5,Consumer,Online,E. Haddad,true
SO-103175,2024-06-08,EU,United Kingdom,Pen Stand Walnut,Desk,1,29,0,29,Consumer,Online,G. Patel,false
SO-104345,2024-06-08,EU,United Kingdom,Quill Notebook A5,Stationery,2,12.5,0,25,Consumer,Retail,H. Silva,false
SO-104623,2024-06-08,EU,France,Gel Pen 5-pack,Writing,3,9.9,0.05,28.22,Consumer,Wholesale,C. Nakamura,false
SO-105226,2024-06-08,NA,United States,Monitor Riser Oak,Desk,3,64,0.05,182.4,Consumer,Online,D. Rossi,false
SO-100338,2024-06-09,NA,Mexico,Pen Case Canvas,Accessories,2,22,0,44,Small Business,Retail,C. Nakamura,false
SO-101098,2024-06-09,APAC,Australia,Gel Pen 5-pack,Writing,5,9.9,0,49.5,Small Business,Online,G. Patel,false
SO-101704,2024-06-09,EU,Germany,Gel Pen 5-pack,Writing,1,9.9,0.05,9.4,Small Business,Online,D. Rossi,false
SO-102539,2024-06-09,NA,Canada,Fountain Pen Classic,Writing,10,48,0.1,432,Consumer,Online,G. Patel,false
SO-103196,2024-06-09,LATAM,Argentina,Pen Stand Walnut,Desk,5,29,0,145,Enterprise,Online,A. Okafor,false
SO-103611,2024-06-09,APAC,Japan,Fountain Pen Classic,Writing,1,48,0,48,Consumer,Retail,A. Okafor,false
SO-105540,2024-06-09,LATAM,Argentina,Planner 2024,Stationery,2,24,0.05,45.6,Consumer,Online,E. Haddad,false
SO-100433,2024-06-10,APAC,Australia,Pen Case Canvas,Accessories,1,22,0,22,Small Business,Retail,G. Patel,false
SO-102039,2024-06-10,LATAM,Argentina,Fountain Pen Brass,Writing,1,79,0,79,Small Business,Online,A. Okafor,false
SO-102774,2024-06-10,APAC,Australia,Monitor Riser Oak,Desk,3,64,0,192,Enterprise,Retail,D. Rossi,false
SO-103686,2024-06-10,MEA,South Africa,Desk Mat Linen,Desk,3,34,0.1,91.8,Small Business,Online,D. Rossi,false
SO-104638,2024-06-10,MEA,Kenya,Quill Notebook A5,Stationery,3,12.5,0,37.5,Consumer,Retail,C. Nakamura,false
SO-104905,2024-06-10,NA,Canada,Ink Bottle Sepia 50ml,Ink,1,18,0.05,17.1,Enterprise,Retail,H. Silva,false
SO-105501,2024-06-10,APAC,Australia,Quill Notebook A5,Stationery,1,12.5,0,12.5,Consumer,Retail,F. Moreau,false
SO-100626,2024-06-11,LATAM,Argentina,Sticky Notes Pastel,Stationery,1,5.5,0.1,4.95,Small Business,Online,E. Haddad,false
SO-101028,2024-06-11,APAC,India,Fountain Pen Classic,Writing,2,48,0.2,76.8,Small Business,Online,C. Nakamura,false
SO-102099,2024-06-11,NA,Canada,Pen Case Canvas,Accessories,1,22,0,22,Small Business,Online,F. Moreau,false
SO-102303,2024-06-11,MEA,United Arab Emirates,Planner 2024,Stationery,1,24,0,24,Consumer,Retail,H. Silva,false
SO-103074,2024-06-11,NA,United States,Pen Case Canvas,Accessories,1,22,0,22,Small Business,Online,D. Rossi,false
SO-103181,2024-06-11,APAC,India,Quill Notebook A5,Stationery,1,12.5,0.1,11.25,Consumer,Wholesale,H. Silva,false
SO-103225,2024-06-11,LATAM,Argentina,Pen Stand Walnut,Desk,3,29,0.1,78.3,Consumer,Online,E. Haddad,false
SO-103847,2024-06-11,APAC,India,Ink Bottle Sepia 50ml,Ink,1,18,0,18,Small Business,Retail,E. Haddad,false
SO-104506,2024-06-11,EU,Germany,Fountain Pen Brass,Writing,1,79,0.05,75.05,Consumer,Online,F. Moreau,false
SO-105806,2024-06-11,APAC,Australia,Monitor Riser Oak,Desk,1,64,0.05,60.8,Consumer,Retail,E. Haddad,false
SO-100122,2024-06-12,NA,Canada,Desk Mat Linen,Desk,5,34,0,170,Small Business,Online,B. Lindqvist,false
SO-100133,2024-06-12,NA,Canada,Gel Pen 5-pack,Writing,2,9.9,0,19.8,Small Business,Online,F. Moreau,false
SO-100194,2024-06-12,EU,United Kingdom,Fountain Pen Classic,Writing,5,48,0,240,Consumer,Online,D. Rossi,false
SO-101204,2024-06-12,EU,Germany,Planner 2024,Stationery,1,24,0.2,19.2,Consumer,Online,A. Okafor,false
SO-101466,2024-06-12,APAC,Singapore,Leather Journal Cover,Accessories,10,42,0,420,Small Business,Online,D. Rossi,false
SO-101978,2024-06-12,APAC,Japan,Quill Notebook A5,Stationery,2,12.5,0,25,Consumer,Wholesale,B. Lindqvist,false
SO-102274,2024-06-12,APAC,Singapore,Fountain Pen Brass,Writing,2,79,0,158,Consumer,Online,C. Nakamura,false
SO-102777,2024-06-12,NA,Canada,Calligraphy Starter Kit,Writing,1,58,0,58,Enterprise,Online,G. Patel,false
SO-103853,2024-06-12,APAC,Australia,Desk Mat Linen,Desk,1,34,0.05,32.3,Consumer,Online,C. Nakamura,false
SO-104274,2024-06-12,NA,United States,Pen Stand Walnut,Desk,2,29,0,58,Consumer,Online,H. Silva,false
SO-104781,2024-06-12,LATAM,Argentina,Ink Cartridge Midnight,Ink,2,6.5,0,13,Enterprise,Online,G. Patel,true
SO-105601,2024-06-12,EU,France,Quill Notebook A4,Stationery,1,16,0,16,Consumer,Online,D. Rossi,false
SO-105964,2024-06-12,LATAM,Brazil,Ink Cartridge Midnight,Ink,2,6.5,0.1,11.7,Consumer,Retail,F. Moreau,false
SO-101288,2024-06-13,MEA,United Arab Emirates,Gel Pen 5-pack,Writing,5,9.9,0.05,47.03,Consumer,Retail,C. Nakamura,false
SO-102296,2024-06-13,EU,Germany,Quill Notebook A5,Stationery,5,12.5,0,62.5,Consumer,Retail,C. Nakamura,false
SO-104273,2024-06-13,EU,Netherlands,Fountain Pen Brass,Writing,3,79,0.05,225.15,Consumer,Online,B. Lindqvist,false
SO-105833,2024-06-13,APAC,Australia,Sticky Notes Pastel,Stationery,1,5.5,0.2,4.4,Consumer,Retail,A. Okafor,false
SO-100352,2024-06-14,NA,United States,Calligraphy Starter Kit,Writing,1,58,0.1,52.2,Consumer,Wholesale,B. Lindqvist,false
SO-100580,2024-06-14,APAC,Singapore,Pen Case Canvas,Accessories,2,22,0.1,39.6,Small Business,Online,G. Patel,false
SO-100592,2024-06-14,APAC,Japan,Quill Notebook A4,Stationery,1,16,0,16,Consumer,Online,D. Rossi,false
SO-101495,2024-06-14,NA,Canada,Gel Pen 5-pack,Writing,1,9.9,0,9.9,Small Business,Online,D. Rossi,false
SO-101561,2024-06-14,APAC,Japan,Gel Pen 5-pack,Writing,2,9.9,0,19.8,Small Business,Retail,C. Nakamura,true
SO-102352,2024-06-14,LATAM,Brazil,Leather Journal Cover,Accessories,5,42,0,210,Enterprise,Wholesale,F. Moreau,false
SO-102978,2024-06-14,APAC,Japan,Pen Stand Walnut,Desk,2,29,0.2,46.4,Consumer,Wholesale,H. Silva,false
SO-103199,2024-06-14,APAC,India,Pen Stand Walnut,Desk,3,29,0,87,Consumer,Online,C. Nakamura,false
SO-103472,2024-06-14,NA,United States,Gel Pen 5-pack,Writing,1,9.9,0.05,9.4,Consumer,Online,H. Silva,false
SO-103594,2024-06-14,NA,Mexico,Pen Stand Walnut,Desk,10,29,0,290,Consumer,Online,G. Patel,false
SO-105101,2024-06-14,NA,Canada,Monitor Riser Oak,Desk,5,64,0,320,Small Business,Online,E. Haddad,false
SO-105208,2024-06-14,LATAM,Argentina,Pen Stand Walnut,Desk,1,29,0.05,27.55,Consumer,Online,H. Silva,false
SO-105311,2024-06-14,APAC,Japan,Pen Case Canvas,Accessories,1,22,0,22,Consumer,Online,C. Nakamura,false
SO-100299,2024-06-15,LATAM,Argentina,Desk Mat Linen,Desk,1,34,0,34,Enterprise,Retail,D. Rossi,true
SO-100365,2024-06-15,APAC,Australia,Ink Bottle Sepia 50ml,Ink,1,18,0,18,Consumer,Retail,E. Haddad,false
SO-100595,2024-06-15,APAC,Singapore,Desk Mat Linen,Desk,2,34,0.1,61.2,Consumer,Online,F. Moreau,false
SO-100769,2024-06-15,NA,Mexico,Quill Notebook A4,Stationery,1,16,0,16,Consumer,Retail,D. Rossi,false
SO-100831,2024-06-15,LATAM,Chile,Fountain Pen Brass,Writing,1,79,0,79,Consumer,Online,G. Patel,false
SO-101447,2024-06-15,NA,Mexico,Quill Notebook A5,Stationery,1,12.5,0.2,10,Small Business,Wholesale,A. Okafor,false
SO-101557,2024-06-15,APAC,India,Pen Stand Walnut,Desk,1,29,0,29,Small Business,Online,H. Silva,true
SO-101585,2024-06-15,NA,Canada,Pen Case Canvas,Accessories,1,22,0,22,Small Business,Retail,D. Rossi,false
SO-103156,2024-06-15,MEA,South Africa,Fountain Pen Brass,Writing,2,79,0,158,Consumer,Online,E. Haddad,false
SO-103553,2024-06-15,LATAM,Argentina,Pen Stand Walnut,Desk,1,29,0,29,Consumer,Retail,D. Rossi,false
SO-104192,2024-06-15,EU,France,Pen Stand Walnut,Desk,5,29,0.05,137.75,Consumer,Online,E. Haddad,false
SO-104838,2024-06-15,MEA,United Arab Emirates,Calligraphy Starter Kit,Writing,1,58,0,58,Small Business,Online,F. Moreau,false
SO-105746,2024-06-15,LATAM,Brazil,Gel Pen 5-pack,Writing,2,9.9,0,19.8,Consumer,Online,C. Nakamura,false
SO-100084,2024-06-16,APAC,Singapore,Planner 2024,Stationery,1,24,0.05,22.8,Consumer,Retail,B. Lindqvist,false
SO-101270,2024-06-16,NA,United States,Fountain Pen Classic,Writing,1,48,0.05,45.6,Small Business,Wholesale,G. Patel,false
SO-101958,2024-06-16,NA,United States,Desk Mat Linen,Desk,2,34,0,68,Consumer,Online,H. Silva,false
SO-102483,2024-06-16,LATAM,Brazil,Monitor Riser Oak,Desk,5,64,0,320,Consumer,Online,F. Moreau,false
SO-103279,2024-06-16,NA,Mexico,Calligraphy Starter Kit,Writing,2,58,0.05,110.2,Small Business,Online,B. Lindqvist,false
SO-103727,2024-06-16,LATAM,Brazil,Fountain Pen Classic,Writing,2,48,0,96,Consumer,Online,E. Haddad,false
SO-104065,2024-06-16,EU,Germany,Planner 2024,Stationery,2,24,0.1,43.2,Consumer,Retail,E. Haddad,false
SO-104282,2024-06-16,LATAM,Chile,Pen Stand Walnut,Desk,3,29,0.05,82.65,Small Business,Wholesale,C. Nakamura,false
SO-105021,2024-06-16,EU,Netherlands,Ink Cartridge Midnight,Ink,1,6.5,0.05,6.18,Small Business,Wholesale,G. Patel,false
SO-105502,2024-06-16,APAC,Australia,Leather Journal Cover,Accessories,5,42,0,210,Enterprise,Online,G. Patel,false
SO-100373,2024-06-17,NA,Canada,Desk Mat Linen,Desk,2,34,0.1,61.2,Enterprise,Retail,C. Nakamura,false
SO-101530,2024-06-17,NA,Mexico,Fountain Pen Brass,Writing,1,79,0.1,71.1,Consumer,Retail,H. Silva,false
SO-102020,2024-06-17,EU,Spain,Fountain Pen Classic,Writing,1,48,0.1,43.2,Small Business,Retail,C. Nakamura,false
SO-102059,2024-06-17,MEA,United Arab Emirates,Pen Case Canvas,Accessories,3,22,0,66,Enterprise,Online,C. Nakamura,false
SO-102398,2024-06-17,LATAM,Brazil,Calligraphy Starter Kit,Writing,1,58,0,58,Consumer,Online,G. Patel,false
SO-102981,2024-06-17,EU,Netherlands,Planner 2024,Stationery,3,24,0,72,Small Business,Online,G. Patel,false
SO-104338,2024-06-17,MEA,South Africa,Gel Pen 5-pack,Writing,2,9.9,0,19.8,Consumer,Retail,F. Moreau,false
SO-104703,2024-06-17,APAC,Australia,Ink Cartridge Midnight,Ink,2,6.5,0.1,11.7,Enterprise,Online,G. Patel,false
SO-104724,2024-06-17,APAC,Singapore,Sticky Notes Pastel,Stationery,5,5.5,0,27.5,Consumer,Wholesale,D. Rossi,false
SO-105041,2024-06-17,EU,Germany,Sticky Notes Pastel,Stationery,2,5.5,0.05,10.45,Consumer,Retail,H. Silva,false
SO-105417,2024-06-17,APAC,Australia,Ink Cartridge Midnight,Ink,1,6.5,0.05,6.18,Consumer,Retail,C. Nakamura,false
SO-105518,2024-06-17,APAC,Singapore,Quill Notebook A4,Stationery,3,16,0.05,45.6,Consumer,Online,B. Lindqvist,false
SO-100095,2024-06-18,APAC,Japan,Gel Pen 5-pack,Writing,1,9.9,0,9.9,Consumer,Online,B. Lindqvist,false
SO-100320,2024-06-18,EU,Netherlands,Sticky Notes Pastel,Stationery,2,5.5,0,11,Consumer,Online,C. Nakamura,false
SO-101539,2024-06-18,NA,Canada,Fountain Pen Brass,Writing,1,79,0,79,Consumer,Online,H. Silva,false
SO-101562,2024-06-18,MEA,South Africa,Desk Mat Linen,Desk,1,34,0.05,32.3,Consumer,Online,A. Okafor,false
SO-101759,2024-06-18,NA,Canada,Fountain Pen Brass,Writing,1,79,0.2,63.2,Enterprise,Wholesale,H. Silva,false
SO-102022,2024-06-18,EU,Spain,Quill Notebook A5,Stationery,2,12.5,0,25,Enterprise,Online,F. Moreau,false
SO-102701,2024-06-18,NA,Mexico,Pen Case Canvas,Accessories,2,22,0.05,41.8,Small Business,Online,H. Silva,false
SO-103129,2024-06-18,MEA,South Africa,Fountain Pen Brass,Writing,1,79,0,79,Consumer,Online,G. Patel,false
SO-103868,2024-06-18,LATAM,Brazil,Calligraphy Starter Kit,Writing,1,58,0,58,Small Business,Online,C. Nakamura,false
SO-104903,2024-06-18,LATAM,Chile,Monitor Riser Oak,Desk,1,64,0,64,Small Business,Online,H. Silva,false
SO-100043,2024-06-19,MEA,Kenya,Quill Notebook A4,Stationery,1,16,0,16,Consumer,Retail,A. Okafor,false
SO-100067,2024-06-19,LATAM,Brazil,Ink Cartridge Midnight,Ink,1,6.5,0,6.5,Enterprise,Retail,B. Lindqvist,false
SO-100648,2024-06-19,APAC,Japan,Desk Mat Linen,Desk,1,34,0,34,Small Business,Retail,A. Okafor,false
SO-103481,2024-06-19,LATAM,Brazil,Leather Journal Cover,Accessories,2,42,0.1,75.6,Consumer,Wholesale,H. Silva,false
SO-103510,2024-06-19,MEA,South Africa,Ink Bottle Sepia 50ml,Ink,5,18,0.2,72,Consumer,Online,H. Silva,false
SO-103726,2024-06-19,APAC,Japan,Quill Notebook A4,Stationery,1,16,0,16,Consumer,Online,E. Haddad,false
SO-100988,2024-06-20,MEA,United Arab Emirates,Planner 2024,Stationery,2,24,0,48,Consumer,Online,H. Silva,false
SO-102581,2024-06-20,LATAM,Argentina,Planner 2024,Stationery,1,24,0,24,Consumer,Online,H. Silva,false
SO-102881,2024-06-20,APAC,Japan,Fountain Pen Classic,Writing,3,48,0,144,Consumer,Retail,E. Haddad,false
SO-103431,2024-06-20,NA,Mexico,Quill Notebook A4,Stationery,2,16,0.05,30.4,Consumer,Online,H. Silva,false
SO-103999,2024-06-20,LATAM,Chile,Ink Cartridge Midnight,Ink,2,6.5,0,13,Enterprise,Online,A. Okafor,false
SO-104216,2024-06-20,APAC,Australia,Sticky Notes Pastel,Stationery,2,5.5,0.05,10.45,Consumer,Retail,E. Haddad,false
SO-105251,2024-06-20,LATAM,Chile,Gel Pen 5-pack,Writing,1,9.9,0,9.9,Small Business,Online,C. Nakamura,false
SO-105332,2024-06-20,MEA,Kenya,Quill Notebook A4,Stationery,10,16,0.1,144,Consumer,Online,F. Moreau,false
SO-105355,2024-06-20,NA,United States,Quill Notebook A5,Stationery,1,12.5,0.1,11.25,Small Business,Retail,E. Haddad,false
SO-105558,2024-06-20,MEA,South Africa,Ink Bottle Sepia 50ml,Ink,3,18,0.05,51.3,Consumer,Online,E. Haddad,false
SO-105937,2024-06-20,MEA,Kenya,Sticky Notes Pastel,Stationery,5,5.5,0,27.5,Small Business,Wholesale,C. Nakamura,false
SO-100807,2024-06-21,APAC,India,Monitor Riser Oak,Desk,1,64,0.05,60.8,Small Business,Online,F. Moreau,false
SO-101000,2024-06-21,EU,United Kingdom,Ink Cartridge Midnight,Ink,1,6.5,0,6.5,Consumer,Online,D. Rossi,false
SO-101243,2024-06-21,NA,United States,Ink Cartridge Midnight,Ink,3,6.5,0.1,17.55,Small Business,Online,G. Patel,false
SO-101970,2024-06-21,NA,United States,Leather Journal Cover,Accessories,2,42,0.05,79.8,Small Business,Online,G. Patel,false
SO-102416,2024-06-21,APAC,Australia,Desk Mat Linen,Desk,2,34,0,68,Consumer,Retail,C. Nakamura,false
SO-102547,2024-06-21,NA,Mexico,Fountain Pen Brass,Writing,1,79,0,79,Consumer,Online,A. Okafor,false
SO-102656,2024-06-21,EU,France,Quill Notebook A5,Stationery,1,12.5,0.2,10,Small Business,Online,A. Okafor,true
SO-103292,2024-06-21,NA,Canada,Leather Journal Cover,Accessories,10,42,0.1,378,Enterprise,Retail,B. Lindqvist,false
SO-103904,2024-06-21,APAC,Singapore,Pen Case Canvas,Accessories,2,22,0.1,39.6,Small Business,Online,B. Lindqvist,false
SO-100152,2024-06-22,APAC,India,Gel Pen 5-pack,Writing,2,9.9,0,19.8,Small Business,Retail,B. Lindqvist,false
SO-101917,2024-06-22,EU,United Kingdom,Calligraphy Starter Kit,Writing,1,58,0.05,55.1,Consumer,Online,H. Silva,false
SO-101963,2024-06-22,EU,Germany,Fountain Pen Classic,Writing,1,48,0.05,45.6,Consumer,Retail,E. Haddad,false
SO-102709,2024-06-22,NA,Canada,Quill Notebook A5,Stationery,2,12.5,0.05,23.75,Consumer,Online,E. Haddad,false
SO-102883,2024-06-22,MEA,South Africa,Pen Case Canvas,Accessories,1,22,0.1,19.8,Enterprise,Online,G. Patel,false
SO-103250,2024-06-22,LATAM,Brazil,Pen Stand Walnut,Desk,1,29,0.1,26.1,Enterprise,Wholesale,A. Okafor,false
SO-103487,2024-06-22,MEA,South Africa,Quill Notebook A4,Stationery,2,16,0.05,30.4,Small Business,Retail,A. Okafor,false
SO-104551,2024-06-22,LATAM,Argentina,Calligraphy Starter Kit,Writing,1,58,0.2,46.4,Small Business,Online,F. Moreau,false
SO-104675,2024-06-22,APAC,Australia,Pen Stand Walnut,Desk,1,29,0.05,27.55,Consumer,Retail,D. Rossi,true
SO-105953,2024-06-22,EU,France,Fountain Pen Classic,Writing,5,48,0,240,Consumer,Online,B. Lindqvist,false
SO-100074,2024-06-23,LATAM,Brazil,Ink Bottle Sepia 50ml,Ink,1,18,0,18,Consumer,Online,A. Okafor,false
SO-100782,2024-06-23,MEA,United Arab Emirates,Gel Pen 5-pack,Writing,3,9.9,0,29.7,Consumer,Online,C. Nakamura,false
SO-101074,2024-06-23,APAC,India,Pen Stand Walnut,Desk,3,29,0,87,Consumer,Online,G. Patel,false
SO-101976,2024-06-23,MEA,South Africa,Quill Notebook A4,Stationery,1,16,0,16,Consumer,Online,B. Lindqvist,false
SO-102375,2024-06-23,APAC,India,Fountain Pen Brass,Writing,3,79,0,237,Small Business,Online,A. Okafor,false
SO-103321,2024-06-23,EU,Netherlands,Ink Cartridge Midnight,Ink,1,6.5,0,6.5,Enterprise,Retail,H. Silva,false
SO-103459,2024-06-23,APAC,India,Quill Notebook A4,Stationery,3,16,0.05,45.6,Consumer,Online,H. Silva,false
SO-105146,2024-06-23,NA,Canada,Ink Bottle Sepia 50ml,Ink,2,18,0.1,32.4,Consumer,Retail,G. Patel,false
SO-105879,2024-06-23,APAC,Japan,Gel Pen 5-pack,Writing,1,9.9,0,9.9,Consumer,Online,A. Okafor,false
SO-105994,2024-06-23,APAC,Australia,Quill Notebook A4,Stationery,3,16,0,48,Consumer,Online,D. Rossi,false
SO-100492,2024-06-24,APAC,Singapore,Leather Journal Cover,Accessories,3,42,0,126,Enterprise,Online,C. Nakamura,false
SO-100524,2024-06-24,EU,France,Ink Bottle Sepia 50ml,Ink,2,18,0,36,Enterprise,Online,D. Rossi,false
SO-100739,2024-06-24,APAC,Australia,Leather Journal Cover,Accessories,3,42,0,126,Consumer,Online,G. Patel,false
SO-100945,2024-06-24,LATAM,Brazil,Quill Notebook A4,Stationery,3,16,0,48,Consumer,Online,E. Haddad,false
SO-103850,2024-06-24,MEA,Kenya,Fountain Pen Brass,Writing,2,79,0.2,126.4,Small Business,Retail,G. Patel,false
SO-103951,2024-06-24,APAC,India,Fountain Pen Brass,Writing,1,79,0,79,Consumer,Online,B. Lindqvist,false
SO-105043,2024-06-24,LATAM,Chile,Quill Notebook A4,Stationery,1,16,0,16,Consumer,Online,C. Nakamura,false
SO-100388,2024-06-25,NA,Mexico,Ink Bottle Sepia 50ml,Ink,10,18,0,180,Small Business,Online,F. Moreau,false
SO-101665,2024-06-25,NA,Mexico,Calligraphy Starter Kit,Writing,5,58,0,290,Enterprise,Retail,E. Haddad,false
SO-103122,2024-06-25,LATAM,Brazil,Ink Bottle Sepia 50ml,Ink,1,18,0.1,16.2,Small Business,Retail,C. Nakamura,false
SO-103239,2024-06-25,APAC,Japan,Fountain Pen Classic,Writing,2,48,0.2,76.8,Consumer,Wholesale,E. Haddad,false
SO-103568,2024-06-25,APAC,Japan,Fountain Pen Classic,Writing,1,48,0,48,Small Business,Retail,D. Rossi,false
SO-103962,2024-06-25,NA,Mexico,Quill Notebook A4,Stationery,1,16,0,16,Small Business,Online,E. Haddad,false
SO-104108,2024-06-25,MEA,South Africa,Calligraphy Starter Kit,Writing,3,58,0,174,Small Business,Online,D. Rossi,true
SO-105463,2024-06-25,NA,Mexico,Ink Bottle Sepia 50ml,Ink,1,18,0.05,17.1,Small Business,Retail,G. Patel,false
SO-100306,2024-06-26,EU,Germany,Pen Stand Walnut,Desk,1,29,0,29,Consumer,Wholesale,G. Patel,false
SO-100673,2024-06-26,NA,United States,Desk Mat Linen,Desk,3,34,0.1,91.8,Small Business,Wholesale,G. Patel,false
SO-100764,2024-06-26,APAC,Australia,Pen Stand Walnut,Desk,2,29,0,58,Small Business,Online,B. Lindqvist,false
SO-100921,2024-06-26,LATAM,Brazil,Leather Journal Cover,Accessories,1,42,0,42,Consumer,Online,D. Rossi,false
SO-101697,2024-06-26,NA,Canada,Fountain Pen Classic,Writing,2,48,0,96,Consumer,Retail,F. Moreau,false
SO-101870,2024-06-26,NA,Canada,Monitor Riser Oak,Desk,2,64,0,128,Small Business,Online,F. Moreau,false
SO-101942,2024-06-26,APAC,Japan,Desk Mat Linen,Desk,1,34,0.1,30.6,Small Business,Online,A. Okafor,false
SO-102046,2024-06-26,APAC,Singapore,Quill Notebook A4,Stationery,1,16,0.05,15.2,Small Business,Retail,E. Haddad,true
SO-102336,2024-06-26,APAC,Australia,Fountain Pen Brass,Writing,2,79,0,158,Consumer,Online,F. Moreau,false
SO-102343,2024-06-26,MEA,Kenya,Gel Pen 5-pack,Writing,3,9.9,0.05,28.22,Small Business,Online,A. Okafor,false
SO-102651,2024-06-26,NA,United States,Gel Pen 5-pack,Writing,5,9.9,0.05,47.03,Consumer,Wholesale,F. Moreau,false
SO-102893,2024-06-26,APAC,Australia,Desk Mat Linen,Desk,1,34,0,34,Small Business,Retail,A. Okafor,false
SO-102997,2024-06-26,LATAM,Argentina,Pen Stand Walnut,Desk,2,29,0.05,55.1,Consumer,Online,A. Okafor,false
SO-103141,2024-06-26,NA,Canada,Monitor Riser Oak,Desk,1,64,0,64,Consumer,Online,C. Nakamura,false
SO-104557,2024-06-26,APAC,India,Monitor Riser Oak,Desk,2,64,0.05,121.6,Consumer,Retail,B. Lindqvist,false
SO-104659,2024-06-26,APAC,India,Gel Pen 5-pack,Writing,1,9.9,0,9.9,Small Business,Online,H. Silva,false
SO-105829,2024-06-26,LATAM,Argentina,Calligraphy Starter Kit,Writing,5,58,0,290,Small Business,Online,G. Patel,false
SO-105873,2024-06-26,LATAM,Chile,Sticky Notes Pastel,Stationery,2,5.5,0,11,Consumer,Online,B. Lindqvist,false
SO-105941,2024-06-26,LATAM,Argentina,Quill Notebook A5,Stationery,3,12.5,0,37.5,Consumer,Retail,C. Nakamura,false
SO-100139,2024-06-27,MEA,South Africa,Quill Notebook A5,Stationery,2,12.5,0,25,Small Business,Online,F. Moreau,false
SO-100182,2024-06-27,NA,Canada,Gel Pen 5-pack,Writing,5,9.9,0.05,47.03,Small Business,Online,C. Nakamura,false
SO-100671,2024-06-27,LATAM,Brazil,Fountain Pen Brass,Writing,1,79,0.2,63.2,Small Business,Online,E. Haddad,false
SO-100869,2024-06-27,LATAM,Brazil,Monitor Riser Oak,Desk,1,64,0,64,Consumer,Online,G. Patel,true
SO-103014,2024-06-27,NA,Mexico,Desk Mat Linen,Desk,3,34,0.1,91.8,Consumer,Online,D. Rossi,false
SO-104727,2024-06-27,NA,Canada,Gel Pen 5-pack,Writing,1,9.9,0,9.9,Consumer,Retail,A. Okafor,false
SO-100219,2024-06-28,EU,Netherlands,Quill Notebook A4,Stationery,2,16,0,32,Consumer,Online,C. Nakamura,false
SO-100806,2024-06-28,MEA,United Arab Emirates,Ink Cartridge Midnight,Ink,3,6.5,0,19.5,Consumer,Retail,B. Lindqvist,false
SO-100929,2024-06-28,LATAM,Chile,Sticky Notes Pastel,Stationery,1,5.5,0,5.5,Small Business,Retail,G. Patel,false
SO-101630,2024-06-28,LATAM,Chile,Calligraphy Starter Kit,Writing,5,58,0.2,232,Small Business,Wholesale,F. Moreau,false
SO-102294,2024-06-28,APAC,Singapore,Ink Cartridge Midnight,Ink,1,6.5,0,6.5,Small Business,Online,G. Patel,false
SO-102396,2024-06-28,NA,Mexico,Quill Notebook A4,Stationery,2,16,0,32,Small Business,Online,G. Patel,false
SO-102545,2024-06-28,MEA,Kenya,Ink Cartridge Midnight,Ink,2,6.5,0.05,12.35,Consumer,Online,G. Patel,false
SO-103257,2024-06-28,NA,Mexico,Fountain Pen Classic,Writing,2,48,0,96,Small Business,Online,A. Okafor,false
SO-103639,2024-06-28,LATAM,Chile,Planner 2024,Stationery,2,24,0,48,Consumer,Wholesale,F. Moreau,false
SO-100274,2024-06-29,EU,Netherlands,Sticky Notes Pastel,Stationery,1,5.5,0.05,5.23,Consumer,Online,A. Okafor,false
SO-101032,2024-06-29,NA,Canada,Fountain Pen Brass,Writing,2,79,0,158,Consumer,Retail,G. Patel,false
SO-101333,2024-06-29,APAC,Singapore,Leather Journal Cover,Accessories,2,42,0.1,75.6,Consumer,Retail,E. Haddad,false
SO-101377,2024-06-29,MEA,South Africa,Calligraphy Starter Kit,Writing,1,58,0,58,Small Business,Retail,A. Okafor,false
SO-101412,2024-06-29,APAC,Australia,Quill Notebook A5,Stationery,2,12.5,0,25,Consumer,Retail,A. Okafor,false
SO-101612,2024-06-29,NA,United States,Quill Notebook A5,Stationery,3,12.5,0,37.5,Consumer,Online,C. Nakamura,false
SO-102119,2024-06-29,APAC,India,Sticky Notes Pastel,Stationery,3,5.5,0,16.5,Consumer,Online,E. Haddad,false
SO-102373,2024-06-29,EU,United Kingdom,Ink Cartridge Midnight,Ink,1,6.5,0.2,5.2,Consumer,Online,F. Moreau,false
SO-102644,2024-06-29,MEA,United Arab Emirates,Pen Stand Walnut,Desk,3,29,0,87,Consumer,Retail,B. Lindqvist,false
SO-102832,2024-06-29,LATAM,Chile,Gel Pen 5-pack,Writing,1,9.9,0,9.9,Small Business,Online,A. Okafor,false
SO-102878,2024-06-29,APAC,Australia,Quill Notebook A5,Stationery,2,12.5,0,25,Small Business,Online,G. Patel,false
SO-104627,2024-06-29,EU,Germany,Fountain Pen Classic,Writing,1,48,0,48,Consumer,Wholesale,E. Haddad,false
SO-105241,2024-06-29,LATAM,Argentina,Sticky Notes Pastel,Stationery,1,5.5,0,5.5,Consumer,Retail,A. Okafor,true
SO-105573,2024-06-29,LATAM,Brazil,Ink Bottle Sepia 50ml,Ink,3,18,0,54,Consumer,Retail,C. Nakamura,false
SO-100441,2024-06-30,LATAM,Argentina,Fountain Pen Brass,Writing,1,79,0.05,75.05,Small Business,Online,E. Haddad,false
SO-101797,2024-06-30,EU,Netherlands,Monitor Riser Oak,Desk,1,64,0,64,Small Business,Online,G. Patel,false
SO-102625,2024-06-30,NA,Canada,Desk Mat Linen,Desk,5,34,0,170,Consumer,Retail,D. Rossi,false
SO-103160,2024-06-30,MEA,Kenya,Leather Journal Cover,Accessories,2,42,0,84,Consumer,Online,D. Rossi,false
SO-103319,2024-06-30,MEA,United Arab Emirates,Ink Cartridge Midnight,Ink,1,6.5,0,6.5,Consumer,Wholesale,F. Moreau,false
SO-103896,2024-06-30,LATAM,Chile,Pen Case Canvas,Accessories,3,22,0,66,Consumer,Wholesale,F. Moreau,false
SO-103920,2024-06-30,MEA,United Arab Emirates,Gel Pen 5-pack,Writing,1,9.9,0,9.9,Small Business,Online,F. Moreau,false
SO-104346,2024-06-30,NA,Mexico,Pen Case Canvas,Accessories,1,22,0,22,Small Business,Retail,D. Rossi,false
SO-104461,2024-06-30,NA,United States,Planner 2024,Stationery,1,24,0,24,Small Business,Online,G. Patel,false
SO-104490,2024-06-30,NA,Mexico,Sticky Notes Pastel,Stationery,5,5.5,0,27.5,Consumer,Retail,C. Nakamura,false
SO-104523,2024-06-30,EU,France,Ink Cartridge Midnight,Ink,2,6.5,0,13,Consumer,Retail,A. Okafor,false
SO-104966,2024-06-30,NA,United States,Fountain Pen Brass,Writing,1,79,0,79,Consumer,Retail,C. Nakamura,false
SO-100701,2024-07-01,EU,France,Planner 2024,Stationery,2,24,0.05,45.6,Enterprise,Online,C. Nakamura,false
SO-101388,2024-07-01,NA,Mexico,Ink Cartridge Midnight,Ink,2,6.5,0,13,Consumer,Online,G. Patel,false
SO-102258,2024-07-01,NA,Mexico,Gel Pen 5-pack,Writing,1,9.9,0.1,8.91,Consumer,Retail,A. Okafor,false
SO-102624,2024-07-01,MEA,Kenya,Desk Mat Linen,Desk,2,34,0.2,54.4,Consumer,Wholesale,G. Patel,false
SO-104017,2024-07-01,APAC,Australia,Pen Stand Walnut,Desk,1,29,0,29,Small Business,Retail,C. Nakamura,false
SO-105092,2024-07-01,APAC,Japan,Monitor Riser Oak,Desk,2,64,0,128,Small Business,Online,B. Lindqvist,false
SO-100935,2024-07-02,MEA,Kenya,Ink Cartridge Midnight,Ink,1,6.5,0.2,5.2,Consumer,Online,C. Nakamura,false
SO-101676,2024-07-02,EU,France,Quill Notebook A4,Stationery,1,16,0,16,Enterprise,Wholesale,D. Rossi,false
SO-101921,2024-07-02,MEA,South Africa,Desk Mat Linen,Desk,1,34,0,34,Consumer,Online,B. Lindqvist,false
SO-101975,2024-07-02,NA,Canada,Leather Journal Cover,Accessories,1,42,0,42,Consumer,Online,G. Patel,false
SO-102087,2024-07-02,MEA,Kenya,Pen Case Canvas,Accessories,1,22,0,22,Small Business,Retail,F. Moreau,true
SO-103379,2024-07-02,LATAM,Brazil,Gel Pen 5-pack,Writing,2,9.9,0,19.8,Consumer,Online,F. Moreau,false
SO-105128,2024-07-02,NA,Mexico,Quill Notebook A4,Stationery,2,16,0.1,28.8,Consumer,Wholesale,C. Nakamura,false
SO-100144,2024-07-03,EU,France,Quill Notebook A5,Stationery,5,12.5,0.05,59.38,Consumer,Retail,D. Rossi,false
SO-102636,2024-07-03,MEA,South Africa,Calligraphy Starter Kit,Writing,1,58,0.05,55.1,Consumer,Wholesale,A. Okafor,false
SO-102686,2024-07-03,MEA,South Africa,Calligraphy Starter Kit,Writing,2,58,0,116,Consumer,Retail,C. Nakamura,false
SO-103514,2024-07-03,LATAM,Argentina,Desk Mat Linen,Desk,2,34,0.05,64.6,Small Business,Online,E. Haddad,false
SO-104335,2024-07-03,EU,Netherlands,Ink Bottle Sepia 50ml,Ink,2,18,0,36,Consumer,Online,E. Haddad,true
SO-104918,2024-07-03,LATAM,Argentina,Sticky Notes Pastel,Stationery,1,5.5,0,5.5,Small Business,Retail,G. Patel,false
SO-105478,2024-07-03,APAC,India,Calligraphy Starter Kit,Writing,1,58,0.1,52.2,Enterprise,Retail,B. Lindqvist,false
SO-101387,2024-07-04,EU,France,Ink Bottle Sepia 50ml,Ink,3,18,0,54,Consumer,Online,B. Lindqvist,false
SO-101992,2024-07-04,NA,Canada,Monitor Riser Oak,Desk,2,64,0.1,115.2,Consumer,Online,D. Rossi,false
SO-102283,2024-07-04,LATAM,Chile,Planner 2024,Stationery,2,24,0,48,Consumer,Online,F. Moreau,true
SO-102491,2024-07-04,NA,Canada,Pen Stand Walnut,Desk,1,29,0,29,Consumer,Retail,H. Silva,false
SO-103169,2024-07-04,LATAM,Argentina,Monitor Riser Oak,Desk,3,64,0.2,153.6,Consumer,Online,F. Moreau,false
SO-103610,2024-07-04,APAC,Australia,Pen Case Canvas,Accessories,3,22,0,66,Consumer,Wholesale,G. Patel,false
SO-104601,2024-07-04,LATAM,Chile,Sticky Notes Pastel,Stationery,1,5.5,0,5.5,Consumer,Retail,H. Silva,false
SO-105704,2024-07-04,LATAM,Argentina,Ink Cartridge Midnight,Ink,1,6.5,0,6.5,Enterprise,Retail,F. Moreau,false
SO-100038,2024-07-05,MEA,South Africa,Quill Notebook A5,Stationery,3,12.5,0,37.5,Consumer,Retail,F. Moreau,false
SO-100173,2024-07-05,LATAM,Brazil,Calligraphy Starter Kit,Writing,2,58,0.05,110.2,Consumer,Online,G. Patel,false
SO-101379,2024-07-05,MEA,South Africa,Ink Bottle Sepia 50ml,Ink,5,18,0.05,85.5,Small Business,Online,F. Moreau,false
SO-101391,2024-07-05,APAC,Australia,Planner 2024,Stationery,1,24,0,24,Small Business,Online,C. Nakamura,false
SO-101723,2024-07-05,EU,Germany,Gel Pen 5-pack,Writing,1,9.9,0,9.9,Consumer,Online,D. Rossi,false
SO-101911,2024-07-05,APAC,India,Calligraphy Starter Kit,Writing,2,58,0,116,Small Business,Online,B. Lindqvist,false
SO-102126,2024-07-05,EU,Netherlands,Ink Bottle Sepia 50ml,Ink,3,18,0,54,Consumer,Online,A. Okafor,false
SO-102360,2024-07-05,LATAM,Argentina,Sticky Notes Pastel,Stationery,2,5.5,0,11,Consumer,Wholesale,G. Patel,false
SO-102758,2024-07-05,MEA,United Arab Emirates,Quill Notebook A5,Stationery,3,12.5,0.05,35.63,Consumer,Online,F. Moreau,false
SO-103345,2024-07-05,EU,Germany,Calligraphy Starter Kit,Writing,2,58,0.05,110.2,Consumer,Retail,D. Rossi,false
SO-103767,2024-07-05,MEA,Kenya,Gel Pen 5-pack,Writing,2,9.9,0,19.8,Consumer,Online,H. Silva,false
SO-104257,2024-07-05,LATAM,Chile,Desk Mat Linen,Desk,3,34,0.1,91.8,Consumer,Retail,D. Rossi,false
SO-104776,2024-07-05,NA,Mexico,Monitor Riser Oak,Desk,3,64,0,192,Consumer,Online,G. Patel,false
SO-104792,2024-07-05,MEA,South Africa,Ink Cartridge Midnight,Ink,3,6.5,0.2,15.6,Consumer,Retail,G. Patel,true
SO-105184,2024-07-05,NA,Mexico,Leather Journal Cover,Accessories,1,42,0.05,39.9,Consumer,Wholesale,G. Patel,false
SO-100103,2024-07-06,NA,Canada,Pen Stand Walnut,Desk,1,29,0.05,27.55,Consumer,Online,D. Rossi,false
SO-100541,2024-07-06,EU,Netherlands,Desk Mat Linen,Desk,1,34,0.05,32.3,Consumer,Online,G. Patel,false
SO-101599,2024-07-06,MEA,Kenya,Leather Journal Cover,Accessories,3,42,0,126,Small Business,Online,D. Rossi,false
SO-101766,2024-07-06,EU,Netherlands,Fountain Pen Classic,Writing,5,48,0,240,Consumer,Online,C. Nakamura,false
SO-104240,2024-07-06,MEA,South Africa,Ink Cartridge Midnight,Ink,3,6.5,0.1,17.55,Consumer,Online,G. Patel,true
SO-104256,2024-07-06,MEA,Kenya,Monitor Riser Oak,Desk,1,64,0,64,Small Business,Retail,C. Nakamura,false
SO-104785,2024-07-06,EU,Spain,Quill Notebook A5,Stationery,2,12.5,0.1,22.5,Enterprise,Online,D. Rossi,false
SO-100203,2024-07-07,NA,United States,Quill Notebook A5,Stationery,2,12.5,0,25,Consumer,Retail,B. Lindqvist,false
SO-100899,2024-07-07,EU,Spain,Leather Journal Cover,Accessories,3,42,0,126,Consumer,Retail,F. Moreau,false
SO-101090,2024-07-07,LATAM,Brazil,Ink Bottle Sepia 50ml,Ink,1,18,0,18,Small Business,Online,D. Rossi,false
SO-101145,2024-07-07,LATAM,Brazil,Pen Case Canvas,Accessories,2,22,0.05,41.8,Consumer,Online,H. Silva,false
SO-101757,2024-07-07,MEA,South Africa,Fountain Pen Classic,Writing,3,48,0,144,Consumer,Retail,D. Rossi,false
SO-102575,2024-07-07,NA,Canada,Desk Mat Linen,Desk,5,34,0.05,161.5,Small Business,Online,F. Moreau,false
SO-104359,2024-07-07,NA,Mexico,Ink Cartridge Midnight,Ink,5,6.5,0.05,30.88,Enterprise,Online,F. Moreau,false
SO-105237,2024-07-07,MEA,South Africa,Monitor Riser Oak,Desk,5,64,0,320,Small Business,Online,E. Haddad,false
SO-100963,2024-07-08,MEA,South Africa,Monitor Riser Oak,Desk,3,64,0,192,Small Business,Online,C. Nakamura,false
SO-101156,2024-07-08,EU,Spain,Calligraphy Starter Kit,Writing,1,58,0,58,Consumer,Online,H. Silva,false
SO-102047,2024-07-08,EU,United Kingdom,Quill Notebook A5,Stationery,1,12.5,0.05,11.88,Enterprise,Online,B. Lindqvist,false
SO-102171,2024-07-08,NA,Canada,Quill Notebook A5,Stationery,3,12.5,0,37.5,Consumer,Retail,F. Moreau,false
SO-102178,2024-07-08,EU,France,Ink Bottle Sepia 50ml,Ink,2,18,0.1,32.4,Small Business,Online,H. Silva,false
SO-102455,2024-07-08,LATAM,Brazil,Ink Cartridge Midnight,Ink,1,6.5,0,6.5,Consumer,Online,C. Nakamura,false
SO-103722,2024-07-08,MEA,Kenya,Ink Cartridge Midnight,Ink,1,6.5,0,6.5,Small Business,Retail,H. Silva,false
SO-104190,2024-07-08,EU,Netherlands,Ink Cartridge Midnight,Ink,1,6.5,0.05,6.18,Consumer,Retail,F. Moreau,false
SO-104637,2024-07-08,EU,Germany,Fountain Pen Classic,Writing,2,48,0.05,91.2,Consumer,Retail,F. Moreau,false
SO-105082,2024-07-08,EU,United Kingdom,Calligraphy Starter Kit,Writing,3,58,0,174,Consumer,Online,D. Rossi,false
SO-105529,2024-07-08,EU,Germany,Monitor Riser Oak,Desk,2,64,0,128,Consumer,Online,E. Haddad,false
SO-105978,2024-07-08,APAC,Singapore,Pen Case Canvas,Accessories,2,22,0.05,41.8,Small Business,Online,A. Okafor,false
SO-100201,2024-07-09,EU,United Kingdom,Fountain Pen Brass,Writing,2,79,0,158,Consumer,Online,G. Patel,false
SO-100944,2024-07-09,MEA,South Africa,Calligraphy Starter Kit,Writing,2,58,0.05,110.2,Consumer,Online,C. Nakamura,false
SO-102230,2024-07-09,LATAM,Argentina,Planner 2024,Stationery,1,24,0.2,19.2,Consumer,Retail,B. Lindqvist,false
SO-102370,2024-07-09,NA,Canada,Fountain Pen Classic,Writing,2,48,0,96,Small Business,Retail,D. Rossi,false
SO-102905,2024-07-09,LATAM,Chile,Fountain Pen Brass,Writing,2,79,0,158,Consumer,Online,H. Silva,false
SO-102984,2024-07-09,NA,Mexico,Quill Notebook A5,Stationery,1,12.5,0,12.5,Enterprise,Online,E. Haddad,false
SO-104382,2024-07-09,EU,United Kingdom,Desk Mat Linen,Desk,1,34,0.2,27.2,Consumer,Online,D. Rossi,false
SO-105028,2024-07-09,LATAM,Argentina,Pen Case Canvas,Accessories,1,22,0,22,Small Business,Online,G. Patel,false
SO-105374,2024-07-09,MEA,United Arab Emirates,Calligraphy Starter Kit,Writing,3,58,0,174,Consumer,Retail,B. Lindqvist,true
SO-100555,2024-07-10,NA,Mexico,Ink Bottle Sepia 50ml,Ink,3,18,0,54,Small Business,Online,A. Okafor,false
SO-100924,2024-07-10,LATAM,Argentina,Sticky Notes Pastel,Stationery,5,5.5,0.2,22,Consumer,Online,A. Okafor,false
SO-101851,2024-07-10,EU,Germany,Fountain Pen Classic,Writing,2,48,0.05,91.2,Consumer,Retail,E. Haddad,false
SO-101933,2024-07-10,NA,Canada,Pen Case Canvas,Accessories,1,22,0,22,Consumer,Online,D. Rossi,false
SO-103882,2024-07-10,APAC,Australia,Monitor Riser Oak,Desk,2,64,0,128,Consumer,Online,D. Rossi,false
SO-103929,2024-07-10,NA,United States,Pen Stand Walnut,Desk,5,29,0,145,Small Business,Retail,A. Okafor,false
SO-103944,2024-07-10,NA,Mexico,Desk Mat Linen,Desk,5,34,0,170,Enterprise,Online,H. Silva,false
SO-105768,2024-07-10,APAC,Singapore,Sticky Notes Pastel,Stationery,10,5.5,0.05,52.25,Consumer,Retail,H. Silva,false
SO-101058,2024-07-11,APAC,India,Desk Mat Linen,Desk,3,34,0,102,Consumer,Online,B. Lindqvist,false
SO-101342,2024-07-11,APAC,Singapore,Monitor Riser Oak,Desk,2,64,0.05,121.6,Consumer,Online,D. Rossi,false
SO-102546,2024-07-11,EU,France,Fountain Pen Classic,Writing,1,48,0,48,Small Business,Retail,E. Haddad,false
SO-104404,2024-07-11,LATAM,Argentina,Pen Stand Walnut,Desk,2,29,0,58,Small Business,Online,F. Moreau,false
SO-104441,2024-07-11,APAC,Japan,Pen Stand Walnut,Desk,1,29,0,29,Small Business,Online,D. Rossi,false
SO-104828,2024-07-11,LATAM,Brazil,Ink Bottle Sepia 50ml,Ink,1,18,0,18,Small Business,Online,H. Silva,false
SO-105834,2024-07-11,LATAM,Brazil,Pen Case Canvas,Accessories,2,22,0.1,39.6,Consumer,Online,D. Rossi,false
SO-100638,2024-07-12,EU,France,Ink Bottle Sepia 50ml,Ink,1,18,0,18,Small Business,Wholesale,G. Patel,false
SO-102290,2024-07-12,NA,Canada,Quill Notebook A4,Stationery,1,16,0.1,14.4,Small Business,Online,E. Haddad,false
SO-103264,2024-07-12,MEA,United Arab Emirates,Pen Case Canvas,Accessories,2,22,0,44,Consumer,Online,G. Patel,false
SO-104073,2024-07-12,LATAM,Brazil,Ink Bottle Sepia 50ml,Ink,1,18,0.1,16.2,Small Business,Retail,G. Patel,false
SO-104790,2024-07-12,MEA,South Africa,Ink Bottle Sepia 50ml,Ink,1,18,0,18,Small Business,Online,A. Okafor,false
SO-105174,2024-07-12,EU,United Kingdom,Pen Stand Walnut,Desk,5,29,0,145,Enterprise,Online,C. Nakamura,false
SO-105521,2024-07-12,EU,Netherlands,Planner 2024,Stationery,3,24,0,72,Consumer,Retail,C. Nakamura,false
SO-105792,2024-07-12,MEA,South Africa,Fountain Pen Classic,Writing,1,48,0,48,Enterprise,Online,G. Patel,false
SO-100039,2024-07-13,EU,Spain,Quill Notebook A4,Stationery,2,16,0,32,Consumer,Retail,G. Patel,false
SO-100462,2024-07-13,MEA,United Arab Emirates,Leather Journal Cover,Accessories,2,42,0,84,Consumer,Online,H. Silva,false
SO-100553,2024-07-13,LATAM,Chile,Sticky Notes Pastel,Stationery,2,5.5,0.1,9.9,Consumer,Online,A. Okafor,false
SO-101136,2024-07-13,LATAM,Argentina,Fountain Pen Classic,Writing,1,48,0,48,Consumer,Online,B. Lindqvist,false
SO-102695,2024-07-13,NA,Mexico,Leather Journal Cover,Accessories,1,42,0.1,37.8,Small Business,Online,B. Lindqvist,false
SO-103945,2024-07-13,EU,United Kingdom,Planner 2024,Stationery,1,24,0.05,22.8,Enterprise,Online,C. Nakamura,false
SO-105754,2024-07-13,NA,Canada,Ink Bottle Sepia 50ml,Ink,1,18,0,18,Small Business,Online,A. Okafor,false
SO-105837,2024-07-13,LATAM,Brazil,Fountain Pen Classic,Writing,2,48,0.05,91.2,Small Business,Online,B. Lindqvist,false
SO-100564,2024-07-14,LATAM,Argentina,Planner 2024,Stationery,2,24,0,48,Enterprise,Online,B. Lindqvist,false
SO-100813,2024-07-14,LATAM,Chile,Ink Cartridge Midnight,Ink,1,6.5,0,6.5,Consumer,Online,D. Rossi,true
SO-103268,2024-07-14,MEA,United Arab Emirates,Desk Mat Linen,Desk,1,34,0.1,30.6,Consumer,Online,H. Silva,false
SO-103308,2024-07-14,NA,United States,Ink Bottle Sepia 50ml,Ink,2,18,0,36,Small Business,Retail,B. Lindqvist,false
SO-103919,2024-07-14,NA,Mexico,Pen Stand Walnut,Desk,1,29,0,29,Consumer,Online,H. Silva,false
SO-100370,2024-07-15,MEA,United Arab Emirates,Pen Stand Walnut,Desk,5,29,0,145,Consumer,Online,A. Okafor,false
SO-100658,2024-07-15,LATAM,Brazil,Fountain Pen Brass,Writing,2,79,0.1,142.2,Consumer,Online,B. Lindqvist,false
SO-103805,2024-07-15,MEA,United Arab Emirates,Ink Cartridge Midnight,Ink,2,6.5,0,13,Small Business,Online,B. Lindqvist,false
SO-104178,2024-07-15,MEA,United Arab Emirates,Pen Stand Walnut,Desk,5,29,0,145,Consumer,Online,C. Nakamura,false
SO-104468,2024-07-15,APAC,Japan,Fountain Pen Brass,Writing,1,79,0,79,Consumer,Online,H. Silva,false
SO-105217,2024-07-15,MEA,Kenya,Pen Case Canvas,Accessories,1,22,0,22,Small Business,Online,F. Moreau,false
SO-101739,2024-07-16,MEA,South Africa,Leather Journal Cover,Accessories,1,42,0,42,Consumer,Retail,D. Rossi,false
SO-101813,2024-07-16,APAC,Australia,Sticky Notes Pastel,Stationery,1,5.5,0,5.5,Consumer,Online,F. Moreau,false
SO-103004,2024-07-16,EU,Germany,Planner 2024,Stationery,2,24,0.05,45.6,Consumer,Online,D. Rossi,false
SO-103390,2024-07-16,APAC,Singapore,Monitor Riser Oak,Desk,1,64,0,64,Consumer,Online,E. Haddad,false
SO-104479,2024-07-16,MEA,Kenya,Calligraphy Starter Kit,Writing,10,58,0,580,Consumer,Online,D. Rossi,false
SO-100006,2024-07-17,MEA,South Africa,Fountain Pen Brass,Writing,5,79,0,395,Small Business,Online,G. Patel,false
SO-100475,2024-07-17,EU,Germany,Quill Notebook A5,Stationery,2,12.5,0,25,Consumer,Online,A. Okafor,false
SO-101241,2024-07-17,MEA,Kenya,Pen Stand Walnut,Desk,1,29,0,29,Consumer,Retail,D. Rossi,false
SO-102052,2024-07-17,MEA,United Arab Emirates,Sticky Notes Pastel,Stationery,1,5.5,0,5.5,Consumer,Retail,A. Okafor,false
SO-102164,2024-07-17,APAC,Japan,Desk Mat Linen,Desk,1,34,0,34,Consumer,Retail,A. Okafor,false
SO-102272,2024-07-17,APAC,Australia,Gel Pen 5-pack,Writing,2,9.9,0,19.8,Consumer,Retail,F. Moreau,false
SO-102708,2024-07-17,LATAM,Argentina,Fountain Pen Classic,Writing,1,48,0.1,43.2,Consumer,Online,A. Okafor,false
SO-103136,2024-07-17,LATAM,Brazil,Planner 2024,Stationery,2,24,0,48,Small Business,Retail,C. Nakamura,false
SO-103293,2024-07-17,MEA,South Africa,Calligraphy Starter Kit,Writing,2,58,0.1,104.4,Small Business,Wholesale,E. Haddad,false
SO-103789,2024-07-17,APAC,Japan,Calligraphy Starter Kit,Writing,2,58,0,116,Small Business,Wholesale,C. Nakamura,false
SO-104165,2024-07-17,LATAM,Argentina,Ink Bottle Sepia 50ml,Ink,1,18,0,18,Consumer,Online,F. Moreau,false
SO-104711,2024-07-17,MEA,South Africa,Leather Journal Cover,Accessories,1,42,0.1,37.8,Consumer,Online,F. Moreau,false
SO-100279,2024-07-18,MEA,South Africa,Fountain Pen Classic,Writing,2,48,0,96,Consumer,Online,D. Rossi,false
SO-101349,2024-07-18,MEA,South Africa,Quill Notebook A5,Stationery,1,12.5,0,12.5,Consumer,Retail,F. Moreau,false
SO-103804,2024-07-18,LATAM,Chile,Pen Case Canvas,Accessories,3,22,0,66,Consumer,Retail,H. Silva,false
SO-103970,2024-07-18,LATAM,Chile,Leather Journal Cover,Accessories,2,42,0,84,Consumer,Retail,E. Haddad,false
SO-104276,2024-07-18,NA,United States,Sticky Notes Pastel,Stationery,2,5.5,0,11,Consumer,Online,E. Haddad,false
SO-104986,2024-07-18,APAC,India,Fountain Pen Brass,Writing,1,79,0.05,75.05,Consumer,Retail,D. Rossi,false
SO-105087,2024-07-18,MEA,Kenya,Quill Notebook A5,Stationery,1,12.5,0,12.5,Consumer,Online,H. Silva,false
SO-105424,2024-07-18,MEA,South Africa,Quill Notebook A5,Stationery,5,12.5,0,62.5,Consumer,Online,D. Rossi,false
SO-100083,2024-07-19,NA,Canada,Calligraphy Starter Kit,Writing,1,58,0.05,55.1,Consumer,Online,B. Lindqvist,false
SO-100730,2024-07-19,LATAM,Chile,Sticky Notes Pastel,Stationery,1,5.5,0,5.5,Small Business,Wholesale,G. Patel,false
SO-100888,2024-07-19,MEA,Kenya,Calligraphy Starter Kit,Writing,2,58,0,116,Consumer,Online,E. Haddad,false
SO-101364,2024-07-19,MEA,Kenya,Planner 2024,Stationery,2,24,0.1,43.2,Consumer,Online,A. Okafor,false
SO-101952,2024-07-19,MEA,Kenya,Fountain Pen Brass,Writing,1,79,0.05,75.05,Consumer,Online,D. Rossi,false
SO-103167,2024-07-19,LATAM,Chile,Planner 2024,Stationery,5,24,0,120,Small Business,Wholesale,G. Patel,false
SO-103745,2024-07-19,LATAM,Chile,Ink Cartridge Midnight,Ink,2,6.5,0.05,12.35,Enterprise,Online,D. Rossi,false
SO-104950,2024-07-19,APAC,India,Pen Case Canvas,Accessories,2,22,0,44,Small Business,Online,E. Haddad,false
SO-105406,2024-07-19,EU,Netherlands,Pen Case Canvas,Accessories,1,22,0,22,Consumer,Online,D. Rossi,false
SO-100758,2024-07-20,LATAM,Chile,Gel Pen 5-pack,Writing,1,9.9,0,9.9,Small Business,Online,D. Rossi,false
SO-101418,2024-07-20,MEA,Kenya,Fountain Pen Classic,Writing,1,48,0.1,43.2,Small Business,Online,A. Okafor,false
SO-102629,2024-07-20,NA,Mexico,Fountain Pen Brass,Writing,1,79,0.1,71.1,Small Business,Retail,F. Moreau,false
SO-103300,2024-07-20,NA,Mexico,Leather Journal Cover,Accessories,2,42,0,84,Small Business,Retail,E. Haddad,false
SO-104125,2024-07-20,LATAM,Brazil,Monitor Riser Oak,Desk,3,64,0.05,182.4,Consumer,Online,C. Nakamura,false
SO-104250,2024-07-20,APAC,Singapore,Planner 2024,Stationery,2,24,0,48,Consumer,Online,A. Okafor,false
SO-105513,2024-07-20,EU,United Kingdom,Quill Notebook A4,Stationery,2,16,0,32,Small Business,Online,D. Rossi,false
SO-105646,2024-07-20,LATAM,Chile,Ink Cartridge Midnight,Ink,1,6.5,0.05,6.18,Small Business,Online,D. Rossi,false
SO-100281,2024-07-21,APAC,Singapore,Desk Mat Linen,Desk,2,34,0,68,Small Business,Online,C. Nakamura,false
SO-100759,2024-07-21,NA,Canada,Quill Notebook A4,Stationery,1,16,0,16,Small Business,Online,H. Silva,false
SO-101392,2024-07-21,LATAM,Brazil,Sticky Notes Pastel,Stationery,3,5.5,0,16.5,Consumer,Online,E. Haddad,false
SO-102504,2024-07-21,LATAM,Brazil,Fountain Pen Classic,Writing,2,48,0.05,91.2,Enterprise,Online,F. Moreau,false
SO-102839,2024-07-21,LATAM,Chile,Pen Case Canvas,Accessories,1,22,0,22,Small Business,Retail,C. Nakamura,false
SO-102859,2024-07-21,APAC,Singapore,Fountain Pen Classic,Writing,1,48,0,48,Consumer,Retail,A. Okafor,false
SO-104783,2024-07-21,MEA,Kenya,Planner 2024,Stationery,1,24,0,24,Small Business,Retail,B. Lindqvist,false
SO-105289,2024-07-21,LATAM,Argentina,Fountain Pen Brass,Writing,3,79,0,237,Consumer,Online,D. Rossi,false
SO-105696,2024-07-21,EU,Germany,Fountain Pen Brass,Writing,2,79,0.05,150.1,Small Business,Retail,A. Okafor,false
SO-105701,2024-07-21,MEA,South Africa,Pen Case Canvas,Accessories,1,22,0,22,Consumer,Online,G. Patel,false
SO-100675,2024-07-22,EU,United Kingdom,Ink Cartridge Midnight,Ink,1,6.5,0,6.5,Small Business,Retail,F. Moreau,false
SO-101463,2024-07-22,NA,Mexico,Pen Case Canvas,Accessories,3,22,0.05,62.7,Enterprise,Wholesale,D. Rossi,false
SO-101477,2024-07-22,EU,Spain,Gel Pen 5-pack,Writing,1,9.9,0.1,8.91,Consumer,Online,E. Haddad,false
SO-101995,2024-07-22,LATAM,Chile,Quill Notebook A4,Stationery,3,16,0.05,45.6,Consumer,Wholesale,G. Patel,false
SO-102740,2024-07-22,LATAM,Brazil,Calligraphy Starter Kit,Writing,3,58,0,174,Small Business,Wholesale,F. Moreau,true
SO-102912,2024-07-22,APAC,Singapore,Fountain Pen Brass,Writing,1,79,0.05,75.05,Consumer,Retail,B. Lindqvist,false
SO-103669,2024-07-22,EU,Germany,Planner 2024,Stationery,5,24,0,120,Consumer,Retail,H. Silva,false
SO-103751,2024-07-22,LATAM,Brazil,Quill Notebook A5,Stationery,3,12.5,0,37.5,Enterprise,Online,B. Lindqvist,false
SO-103905,2024-07-22,MEA,Kenya,Ink Bottle Sepia 50ml,Ink,1,18,0.2,14.4,Consumer,Online,F. Moreau,false
SO-104037,2024-07-22,MEA,South Africa,Fountain Pen Brass,Writing,3,79,0,237,Small Business,Retail,B. Lindqvist,false
SO-104586,2024-07-22,NA,United States,Sticky Notes Pastel,Stationery,1,5.5,0,5.5,Small Business,Online,F. Moreau,false
SO-105393,2024-07-22,APAC,India,Fountain Pen Classic,Writing,3,48,0,144,Consumer,Retail,G. Patel,true
SO-100249,2024-07-23,MEA,United Arab Emirates,Fountain Pen Classic,Writing,3,48,0,144,Consumer,Retail,H. Silva,false
SO-101583,2024-07-23,LATAM,Chile,Ink Bottle Sepia 50ml,Ink,2,18,0,36,Consumer,Online,G. Patel,false
SO-101741,2024-07-23,EU,Germany,Planner 2024,Stationery,1,24,0.05,22.8,Small Business,Online,F. Moreau,false
SO-102560,2024-07-23,EU,Spain,Quill Notebook A5,Stationery,1,12.5,0.1,11.25,Small Business,Wholesale,H. Silva,false
SO-103158,2024-07-23,EU,Germany,Pen Case Canvas,Accessories,3,22,0,66,Small Business,Online,B. Lindqvist,false
SO-103973,2024-07-23,NA,Mexico,Fountain Pen Classic,Writing,1,48,0,48,Consumer,Online,D. Rossi,false
SO-104072,2024-07-23,MEA,United Arab Emirates,Gel Pen 5-pack,Writing,3,9.9,0.05,28.22,Enterprise,Wholesale,D. Rossi,false
SO-104560,2024-07-23,MEA,South Africa,Ink Bottle Sepia 50ml,Ink,2,18,0.2,28.8,Small Business,Online,H. Silva,false
SO-105348,2024-07-23,MEA,South Africa,Fountain Pen Brass,Writing,2,79,0.05,150.1,Small Business,Wholesale,D. Rossi,false
SO-105552,2024-07-23,NA,United States,Planner 2024,Stationery,2,24,0,48,Enterprise,Online,D. Rossi,false
SO-105828,2024-07-23,APAC,Australia,Pen Stand Walnut,Desk,1,29,0,29,Enterprise,Wholesale,D. Rossi,false
SO-100876,2024-07-24,APAC,India,Ink Bottle Sepia 50ml,Ink,1,18,0,18,Small Business,Online,F. Moreau,false
SO-101380,2024-07-24,MEA,South Africa,Fountain Pen Classic,Writing,1,48,0.05,45.6,Small Business,Online,B. Lindqvist,false
SO-102649,2024-07-24,MEA,Kenya,Ink Cartridge Midnight,Ink,2,6.5,0,13,Consumer,Online,C. Nakamura,false
SO-103371,2024-07-24,APAC,India,Calligraphy Starter Kit,Writing,3,58,0,174,Small Business,Online,A. Okafor,false
SO-105317,2024-07-24,APAC,Australia,Quill Notebook A4,Stationery,2,16,0.05,30.4,Consumer,Online,A. Okafor,false
SO-105383,2024-07-24,LATAM,Chile,Ink Cartridge Midnight,Ink,1,6.5,0.05,6.18,Consumer,Online,H. Silva,false
SO-105489,2024-07-24,EU,Germany,Quill Notebook A4,Stationery,3,16,0.05,45.6,Enterprise,Online,C. Nakamura,false
SO-105491,2024-07-24,NA,United States,Quill Notebook A5,Stationery,1,12.5,0.05,11.88,Consumer,Online,E. Haddad,false
SO-105508,2024-07-24,EU,Netherlands,Quill Notebook A4,Stationery,3,16,0,48,Consumer,Online,G. Patel,false
SO-100932,2024-07-25,APAC,Australia,Quill Notebook A5,Stationery,5,12.5,0,62.5,Consumer,Online,E. Haddad,false
SO-101137,2024-07-25,MEA,South Africa,Quill Notebook A4,Stationery,10,16,0,160,Consumer,Retail,B. Lindqvist,false
SO-102183,2024-07-25,EU,United Kingdom,Fountain Pen Brass,Writing,1,79,0,79,Consumer,Online,A. Okafor,false
SO-102639,2024-07-25,MEA,United Arab Emirates,Monitor Riser Oak,Desk,2,64,0,128,Enterprise,Online,A. Okafor,true
SO-103517,2024-07-25,LATAM,Brazil,Planner 2024,Stationery,1,24,0.05,22.8,Consumer,Online,G. Patel,false
SO-103824,2024-07-25,APAC,Singapore,Ink Bottle Sepia 50ml,Ink,1,18,0.1,16.2,Consumer,Retail,E. Haddad,false
SO-105153,2024-07-25,LATAM,Argentina,Calligraphy Starter Kit,Writing,1,58,0.1,52.2,Consumer,Online,D. Rossi,false
SO-105647,2024-07-25,LATAM,Argentina,Ink Bottle Sepia 50ml,Ink,5,18,0,90,Consumer,Retail,G. Patel,false
SO-102715,2024-07-26,NA,Mexico,Quill Notebook A4,Stationery,1,16,0.05,15.2,Enterprise,Retail,C. Nakamura,false
SO-102856,2024-07-26,NA,Canada,Quill Notebook A4,Stationery,3,16,0.1,43.2,Enterprise,Wholesale,D. Rossi,false
SO-102885,2024-07-26,NA,Mexico,Quill Notebook A4,Stationery,2,16,0,32,Consumer,Retail,H. Silva,false
SO-102922,2024-07-26,EU,Spain,Calligraphy Starter Kit,Writing,2,58,0,116,Small Business,Retail,C. Nakamura,false
SO-103772,2024-07-26,APAC,Australia,Ink Bottle Sepia 50ml,Ink,1,18,0,18,Enterprise,Online,C. Nakamura,false
SO-103946,2024-07-26,EU,Germany,Desk Mat Linen,Desk,2,34,0.05,64.6,Small Business,Online,H. Silva,false
SO-104200,2024-07-26,MEA,South Africa,Desk Mat Linen,Desk,2,34,0,68,Small Business,Wholesale,G. Patel,false
SO-104834,2024-07-26,LATAM,Brazil,Calligraphy Starter Kit,Writing,2,58,0,116,Consumer,Online,E. Haddad,false
SO-105505,2024-07-26,LATAM,Argentina,Calligraphy Starter Kit,Writing,2,58,0.1,104.4,Consumer,Online,D. Rossi,false
SO-105995,2024-07-26,NA,Canada,Gel Pen 5-pack,Writing,1,9.9,0,9.9,Small Business,Online,A. Okafor,false
SO-100735,2024-07-27,EU,Spain,Quill Notebook A5,Stationery,1,12.5,0.1,11.25,Consumer,Retail,D. Rossi,false
SO-100810,2024-07-27,MEA,South Africa,Quill Notebook A5,Stationery,3,12.5,0.2,30,Consumer,Online,E. Haddad,false
SO-101065,2024-07-27,LATAM,Argentina,Fountain Pen Classic,Writing,2,48,0.1,86.4,Small Business,Wholesale,H. Silva,false
SO-101363,2024-07-27,NA,Mexico,Monitor Riser Oak,Desk,1,64,0,64,Small Business,Online,D. Rossi,false
SO-101646,2024-07-27,APAC,Japan,Pen Case Canvas,Accessories,2,22,0,44,Consumer,Online,E. Haddad,false
SO-102132,2024-07-27,MEA,United Arab Emirates,Quill Notebook A5,Stationery,1,12.5,0,12.5,Enterprise,Online,B. Lindqvist,false
SO-102384,2024-07-27,LATAM,Brazil,Gel Pen 5-pack,Writing,1,9.9,0,9.9,Consumer,Online,E. Haddad,false
SO-102429,2024-07-27,LATAM,Chile,Desk Mat Linen,Desk,1,34,0,34,Enterprise,Retail,C. Nakamura,false
SO-102435,2024-07-27,EU,Spain,Ink Cartridge Midnight,Ink,1,6.5,0,6.5,Consumer,Retail,F. Moreau,false
SO-102583,2024-07-27,APAC,Singapore,Planner 2024,Stationery,1,24,0,24,Consumer,Online,A. Okafor,false
SO-103010,2024-07-27,NA,United States,Sticky Notes Pastel,Stationery,3,5.5,0,16.5,Small Business,Retail,G. Patel,false
SO-103473,2024-07-27,NA,Canada,Quill Notebook A4,Stationery,2,16,0.05,30.4,Small Business,Wholesale,E. Haddad,false
SO-103596,2024-07-27,MEA,United Arab Emirates,Planner 2024,Stationery,2,24,0,48,Small Business,Wholesale,B. Lindqvist,false
SO-104818,2024-07-27,MEA,South Africa,Monitor Riser Oak,Desk,2,64,0,128,Consumer,Retail,F. Moreau,false
SO-105263,2024-07-27,EU,Germany,Pen Case Canvas,Accessories,2,22,0.1,39.6,Consumer,Online,E. Haddad,false
SO-105770,2024-07-27,EU,Germany,Gel Pen 5-pack,Writing,3,9.9,0,29.7,Enterprise,Retail,A. Okafor,false
SO-105821,2024-07-27,NA,Mexico,Ink Bottle Sepia 50ml,Ink,5,18,0.2,72,Enterprise,Online,A. Okafor,false
SO-100437,2024-07-28,NA,United States,Ink Cartridge Midnight,Ink,1,6.5,0,6.5,Consumer,Online,H. Silva,false
SO-101681,2024-07-28,EU,United Kingdom,Sticky Notes Pastel,Stationery,1,5.5,0,5.5,Consumer,Wholesale,E. Haddad,false
SO-102718,2024-07-28,EU,France,Gel Pen 5-pack,Writing,3,9.9,0.05,28.22,Consumer,Online,G. Patel,false
SO-103336,2024-07-28,LATAM,Argentina,Desk Mat Linen,Desk,1,34,0.05,32.3,Consumer,Retail,B. Lindqvist,false
SO-103832,2024-07-28,EU,Germany,Gel Pen 5-pack,Writing,1,9.9,0,9.9,Small Business,Retail,B. Lindqvist,false
SO-104395,2024-07-28,LATAM,Chile,Pen Stand Walnut,Desk,5,29,0.05,137.75,Consumer,Online,D. Rossi,false
SO-104782,2024-07-28,MEA,South Africa,Pen Stand Walnut,Desk,1,29,0,29,Consumer,Online,D. Rossi,false
SO-104988,2024-07-28,APAC,Australia,Quill Notebook A5,Stationery,3,12.5,0,37.5,Consumer,Retail,B. Lindqvist,false
SO-105677,2024-07-28,LATAM,Brazil,Planner 2024,Stationery,1,24,0.05,22.8,Consumer,Retail,G. Patel,false
SO-100779,2024-07-29,EU,Netherlands,Pen Case Canvas,Accessories,3,22,0.2,52.8,Consumer,Online,G. Patel,false
SO-102240,2024-07-29,APAC,Singapore,Planner 2024,Stationery,1,24,0.1,21.6,Consumer,Retail,C. Nakamura,false
SO-103193,2024-07-29,APAC,India,Quill Notebook A4,Stationery,2,16,0,32,Small Business,Online,D. Rossi,false
SO-103707,2024-07-29,LATAM,Argentina,Quill Notebook A4,Stationery,2,16,0.2,25.6,Consumer,Online,E. Haddad,false
SO-105793,2024-07-29,APAC,Singapore,Sticky Notes Pastel,Stationery,2,5.5,0,11,Consumer,Online,C. Nakamura,false
SO-100948,2024-07-30,APAC,India,Pen Case Canvas,Accessories,1,22,0,22,Small Business,Online,D. Rossi,false
SO-101490,2024-07-30,EU,Germany,Fountain Pen Brass,Writing,2,79,0.05,150.1,Consumer,Online,E. Haddad,false
SO-101881,2024-07-30,LATAM,Chile,Quill Notebook A4,Stationery,3,16,0.05,45.6,Small Business,Online,G. Patel,false
SO-103356,2024-07-30,EU,United Kingdom,Fountain Pen Classic,Writing,1,48,0,48,Small Business,Retail,E. Haddad,false
SO-103500,2024-07-30,MEA,South Africa,Pen Stand Walnut,Desk,1,29,0,29,Consumer,Online,E. Haddad,false
SO-104686,2024-07-30,MEA,South Africa,Ink Bottle Sepia 50ml,Ink,1,18,0,18,Consumer,Online,H. Silva,false
SO-105367,2024-07-30,MEA,United Arab Emirates,Fountain Pen Classic,Writing,1,48,0.2,38.4,Consumer,Online,H. Silva,false
SO-105484,2024-07-30,EU,Germany,Ink Bottle Sepia 50ml,Ink,10,18,0,180,Enterprise,Online,B. Lindqvist,false
SO-102485,2024-07-31,LATAM,Brazil,Leather Journal Cover,Accessories,5,42,0.05,199.5,Small Business,Retail,A. Okafor,false
SO-102935,2024-07-31,MEA,United Arab Emirates,Quill Notebook A4,Stationery,1,16,0.2,12.8,Consumer,Wholesale,H. Silva,false
SO-103455,2024-07-31,LATAM,Chile,Planner 2024,Stationery,3,24,0,72,Consumer,Online,G. Patel,false
SO-100489,2024-08-01,APAC,Japan,Gel Pen 5-pack,Writing,5,9.9,0.1,44.55,Small Business,Retail,H. Silva,false
SO-101077,2024-08-01,APAC,India,Leather Journal Cover,Accessories,2,42,0,84,Small Business,Retail,D. Rossi,false
SO-101125,2024-08-01,APAC,Japan,Monitor Riser Oak,Desk,2,64,0.1,115.2,Small Business,Retail,F. Moreau,false
SO-101196,2024-08-01,MEA,United Arab Emirates,Gel Pen 5-pack,Writing,2,9.9,0.2,15.84,Consumer,Online,A. Okafor,false
SO-101731,2024-08-01,LATAM,Chile,Pen Case Canvas,Accessories,2,22,0,44,Small Business,Online,F. Moreau,false
SO-102999,2024-08-01,APAC,India,Pen Case Canvas,Accessories,5,22,0.05,104.5,Consumer,Retail,E. Haddad,false
SO-103011,2024-08-01,NA,Mexico,Quill Notebook A5,Stationery,1,12.5,0,12.5,Small Business,Online,B. Lindqvist,false
SO-103691,2024-08-01,APAC,Japan,Sticky Notes Pastel,Stationery,2,5.5,0,11,Consumer,Wholesale,H. Silva,false
SO-103708,2024-08-01,APAC,India,Quill Notebook A5,Stationery,1,12.5,0.05,11.88,Consumer,Online,H. Silva,true
SO-105439,2024-08-01,LATAM,Brazil,Fountain Pen Classic,Writing,1,48,0.05,45.6,Consumer,Online,E. Haddad,false
SO-100051,2024-08-02,LATAM,Chile,Planner 2024,Stationery,2,24,0,48,Consumer,Wholesale,F. Moreau,false
SO-101368,2024-08-02,EU,France,Monitor Riser Oak,Desk,5,64,0.05,304,Small Business,Wholesale,E. Haddad,false
SO-101821,2024-08-02,LATAM,Brazil,Pen Stand Walnut,Desk,1,29,0.1,26.1,Small Business,Online,A. Okafor,false
SO-104587,2024-08-02,EU,Spain,Quill Notebook A5,Stationery,1,12.5,0.05,11.88,Consumer,Online,H. Silva,false
SO-105238,2024-08-02,EU,Netherlands,Pen Stand Walnut,Desk,2,29,0.05,55.1,Enterprise,Online,A. Okafor,false
SO-100063,2024-08-03,NA,Mexico,Gel Pen 5-pack,Writing,2,9.9,0,19.8,Consumer,Retail,D. Rossi,false
SO-100563,2024-08-03,EU,United Kingdom,Ink Bottle Sepia 50ml,Ink,1,18,0.1,16.2,Consumer,Retail,F. Moreau,false
SO-101109,2024-08-03,APAC,India,Sticky Notes Pastel,Stationery,3,5.5,0,16.5,Consumer,Online,D. Rossi,false
SO-102456,2024-08-03,LATAM,Chile,Sticky Notes Pastel,Stationery,2,5.5,0,11,Small Business,Wholesale,G. Patel,false
SO-103397,2024-08-03,MEA,South Africa,Gel Pen 5-pack,Writing,3,9.9,0,29.7,Consumer,Retail,C. Nakamura,false
SO-105363,2024-08-03,EU,Netherlands,Desk Mat Linen,Desk,2,34,0,68,Consumer,Retail,B. Lindqvist,false
SO-100697,2024-08-04,EU,United Kingdom,Fountain Pen Classic,Writing,2,48,0,96,Consumer,Online,C. Nakamura,false
SO-102433,2024-08-04,NA,Canada,Gel Pen 5-pack,Writing,3,9.9,0.1,26.73,Consumer,Online,B. Lindqvist,false
SO-102634,2024-08-04,EU,United Kingdom,Gel Pen 5-pack,Writing,2,9.9,0,19.8,Small Business,Online,E. Haddad,false
SO-102951,2024-08-04,MEA,Kenya,Pen Case Canvas,Accessories,1,22,0.05,20.9,Enterprise,Wholesale,G. Patel,false
SO-103006,2024-08-04,MEA,United Arab Emirates,Quill Notebook A4,Stationery,2,16,0,32,Consumer,Retail,E. Haddad,false
SO-103350,2024-08-04,NA,Mexico,Ink Cartridge Midnight,Ink,2,6.5,0.1,11.7,Small Business,Retail,A. Okafor,false
SO-104348,2024-08-04,LATAM,Chile,Fountain Pen Classic,Writing,1,48,0,48,Consumer,Online,E. Haddad,false
SO-105609,2024-08-04,EU,Spain,Quill Notebook A4,Stationery,3,16,0.05,45.6,Small Business,Online,F. Moreau,false
SO-100465,2024-08-05,EU,United Kingdom,Sticky Notes Pastel,Stationery,2,5.5,0,11,Enterprise,Online,C. Nakamura,false
SO-100612,2024-08-05,MEA,Kenya,Leather Journal Cover,Accessories,1,42,0.05,39.9,Small Business,Online,D. Rossi,false
SO-100714,2024-08-05,MEA,Kenya,Pen Stand Walnut,Desk,3,29,0.1,78.3,Enterprise,Wholesale,D. Rossi,false
SO-102533,2024-08-05,MEA,South Africa,Pen Case Canvas,Accessories,1,22,0,22,Consumer,Online,A. Okafor,false
SO-103037,2024-08-05,MEA,United Arab Emirates,Pen Stand Walnut,Desk,1,29,0.05,27.55,Consumer,Online,C. Nakamura,false
SO-104660,2024-08-05,MEA,Kenya,Quill Notebook A5,Stationery,1,12.5,0.05,11.88,Consumer,Online,F. Moreau,false
SO-105499,2024-08-05,NA,United States,Calligraphy Starter Kit,Writing,1,58,0,58,Enterprise,Online,A. Okafor,false
SO-100328,2024-08-06,NA,Mexico,Fountain Pen Brass,Writing,2,79,0.05,150.1,Small Business,Wholesale,D. Rossi,true
SO-103415,2024-08-06,APAC,India,Ink Cartridge Midnight,Ink,2,6.5,0,13,Consumer,Retail,C. Nakamura,false
SO-103976,2024-08-06,APAC,Singapore,Fountain Pen Classic,Writing,1,48,0.05,45.6,Small Business,Online,E. Haddad,false
SO-100484,2024-08-07,EU,France,Fountain Pen Classic,Writing,1,48,0.1,43.2,Small Business,Online,H. Silva,false
SO-101030,2024-08-07,MEA,South Africa,Pen Stand Walnut,Desk,2,29,0,58,Consumer,Online,C. Nakamura,false
SO-102344,2024-08-07,APAC,India,Gel Pen 5-pack,Writing,1,9.9,0,9.9,Consumer,Retail,A. Okafor,false
SO-103569,2024-08-07,NA,Canada,Ink Bottle Sepia 50ml,Ink,2,18,0,36,Consumer,Online,A. Okafor,false
SO-104194,2024-08-07,LATAM,Argentina,Fountain Pen Classic,Writing,1,48,0,48,Enterprise,Retail,C. Nakamura,false
SO-104275,2024-08-07,EU,Netherlands,Sticky Notes Pastel,Stationery,1,5.5,0.1,4.95,Small Business,Online,F. Moreau,false
SO-104353,2024-08-07,NA,United States,Gel Pen 5-pack,Writing,2,9.9,0,19.8,Consumer,Online,A. Okafor,false
SO-100097,2024-08-08,EU,Germany,Quill Notebook A5,Stationery,1,12.5,0,12.5,Enterprise,Online,A. Okafor,false
SO-100938,2024-08-08,LATAM,Chile,Calligraphy Starter Kit,Writing,1,58,0.05,55.1,Small Business,Online,H. Silva,false
SO-100957,2024-08-08,APAC,Japan,Leather Journal Cover,Accessories,1,42,0.05,39.9,Consumer,Wholesale,F. Moreau,false
SO-101345,2024-08-08,MEA,Kenya,Desk Mat Linen,Desk,1,34,0,34,Consumer,Online,D. Rossi,false
SO-103977,2024-08-08,LATAM,Chile,Quill Notebook A4,Stationery,1,16,0.1,14.4,Small Business,Online,H. Silva,false
SO-104337,2024-08-08,APAC,Australia,Quill Notebook A5,Stationery,2,12.5,0,25,Consumer,Online,F. Moreau,false
SO-104536,2024-08-08,LATAM,Brazil,Ink Bottle Sepia 50ml,Ink,1,18,0,18,Enterprise,Online,H. Silva,false
SO-105904,2024-08-08,EU,United Kingdom,Pen Stand Walnut,Desk,2,29,0.1,52.2,Small Business,Wholesale,F. Moreau,false
SO-100089,2024-08-09,MEA,United Arab Emirates,Leather Journal Cover,Accessories,1,42,0,42,Consumer,Retail,H. Silva,false
SO-100844,2024-08-09,MEA,South Africa,Ink Bottle Sepia 50ml,Ink,2,18,0,36,Consumer,Wholesale,A. Okafor,false
SO-101010,2024-08-09,LATAM,Argentina,Sticky Notes Pastel,Stationery,1,5.5,0,5.5,Small Business,Retail,D. Rossi,true
SO-101611,2024-08-09,APAC,India,Leather Journal Cover,Accessories,2,42,0.1,75.6,Consumer,Online,G. Patel,false
SO-103082,2024-08-09,MEA,United Arab Emirates,Ink Bottle Sepia 50ml,Ink,1,18,0.05,17.1,Consumer,Online,E. Haddad,false
SO-103629,2024-08-09,LATAM,Argentina,Calligraphy Starter Kit,Writing,1,58,0,58,Consumer,Online,B. Lindqvist,false
SO-104482,2024-08-09,LATAM,Brazil,Planner 2024,Stationery,1,24,0,24,Small Business,Online,G. Patel,false
SO-104634,2024-08-09,APAC,India,Planner 2024,Stationery,1,24,0.05,22.8,Consumer,Online,G. Patel,false
SO-104795,2024-08-09,EU,Spain,Ink Bottle Sepia 50ml,Ink,1,18,0,18,Small Business,Online,B. Lindqvist,false
SO-104813,2024-08-09,EU,Spain,Pen Stand Walnut,Desk,2,29,0.05,55.1,Consumer,Online,A. Okafor,false
SO-105280,2024-08-09,LATAM,Chile,Monitor Riser Oak,Desk,3,64,0,192,Consumer,Wholesale,D. Rossi,true
SO-101787,2024-08-10,LATAM,Brazil,Ink Bottle Sepia 50ml,Ink,5,18,0.1,81,Enterprise,Online,C. Nakamura,false
SO-102067,2024-08-10,EU,Netherlands,Gel Pen 5-pack,Writing,1,9.9,0,9.9,Enterprise,Online,C. Nakamura,false
SO-102313,2024-08-10,EU,Spain,Pen Case Canvas,Accessories,1,22,0.05,20.9,Small Business,Online,H. Silva,false
SO-102727,2024-08-10,NA,Canada,Gel Pen 5-pack,Writing,1,9.9,0,9.9,Consumer,Online,D. Rossi,false
SO-103025,2024-08-10,NA,United States,Calligraphy Starter Kit,Writing,2,58,0,116,Small Business,Online,B. Lindqvist,false
SO-103208,2024-08-10,NA,United States,Quill Notebook A4,Stationery,1,16,0,16,Consumer,Retail,C. Nakamura,false
SO-103593,2024-08-10,APAC,Singapore,Leather Journal Cover,Accessories,1,42,0,42,Small Business,Online,E. Haddad,false
SO-104115,2024-08-10,NA,Canada,Quill Notebook A4,Stationery,5,16,0,80,Small Business,Online,A. Okafor,false
SO-104691,2024-08-10,EU,Spain,Ink Bottle Sepia 50ml,Ink,2,18,0.05,34.2,Enterprise,Retail,D. Rossi,false
SO-104732,2024-08-10,APAC,India,Quill Notebook A5,Stationery,1,12.5,0.05,11.88,Consumer,Online,D. Rossi,false
SO-105358,2024-08-10,APAC,India,Fountain Pen Classic,Writing,1,48,0.05,45.6,Consumer,Online,B. Lindqvist,false
SO-100509,2024-08-11,LATAM,Argentina,Quill Notebook A5,Stationery,1,12.5,0,12.5,Small Business,Online,H. Silva,false
SO-101092,2024-08-11,NA,United States,Fountain Pen Classic,Writing,2,48,0.05,91.2,Consumer,Retail,G. Patel,false
SO-101613,2024-08-11,APAC,Australia,Ink Bottle Sepia 50ml,Ink,2,18,0.1,32.4,Small Business,Online,H. Silva,false
SO-101644,2024-08-11,MEA,Kenya,Leather Journal Cover,Accessories,2,42,0,84,Small Business,Online,D. Rossi,false
SO-103349,2024-08-11,NA,Canada,Fountain Pen Classic,Writing,1,48,0,48,Enterprise,Wholesale,D. Rossi,false
SO-103384,2024-08-11,EU,United Kingdom,Desk Mat Linen,Desk,3,34,0.05,96.9,Small Business,Online,H. Silva,false
SO-103437,2024-08-11,MEA,South Africa,Ink Bottle Sepia 50ml,Ink,3,18,0.05,51.3,Enterprise,Online,A. Okafor,false
SO-104312,2024-08-11,LATAM,Argentina,Desk Mat Linen,Desk,3,34,0.1,91.8,Enterprise,Online,A. Okafor,false
SO-104880,2024-08-11,EU,Spain,Ink Bottle Sepia 50ml,Ink,5,18,0,90,Consumer,Online,A. Okafor,false
SO-100559,2024-08-12,EU,France,Planner 2024,Stationery,1,24,0,24,Enterprise,Online,H. Silva,false
SO-102814,2024-08-12,NA,United States,Leather Journal Cover,Accessories,1,42,0.2,33.6,Consumer,Online,F. Moreau,false
SO-104481,2024-08-12,APAC,India,Desk Mat Linen,Desk,1,34,0,34,Consumer,Online,H. Silva,false
SO-104919,2024-08-12,APAC,Japan,Quill Notebook A5,Stationery,1,12.5,0,12.5,Consumer,Retail,H. Silva,false
SO-105267,2024-08-12,LATAM,Argentina,Pen Case Canvas,Accessories,1,22,0,22,Small Business,Online,A. Okafor,false
SO-105685,2024-08-12,MEA,South Africa,Desk Mat Linen,Desk,5,34,0,170,Small Business,Online,H. Silva,false
SO-101433,2024-08-13,LATAM,Chile,Pen Stand Walnut,Desk,1,29,0.1,26.1,Small Business,Retail,G. Patel,false
SO-102623,2024-08-13,APAC,Singapore,Desk Mat Linen,Desk,1,34,0.05,32.3,Consumer,Online,E. Haddad,false
SO-103869,2024-08-13,NA,United States,Monitor Riser Oak,Desk,2,64,0,128,Enterprise,Online,B. Lindqvist,true
SO-104304,2024-08-13,EU,United Kingdom,Ink Bottle Sepia 50ml,Ink,1,18,0,18,Consumer,Online,E. Haddad,false
SO-105255,2024-08-13,EU,United Kingdom,Gel Pen 5-pack,Writing,1,9.9,0,9.9,Consumer,Online,H. Silva,false
SO-105725,2024-08-13,NA,Canada,Planner 2024,Stationery,2,24,0.2,38.4,Consumer,Wholesale,E. Haddad,false
SO-100288,2024-08-14,NA,United States,Desk Mat Linen,Desk,3,34,0,102,Enterprise,Retail,E. Haddad,true
SO-101215,2024-08-14,EU,Germany,Fountain Pen Classic,Writing,1,48,0.2,38.4,Enterprise,Online,F. Moreau,false
SO-101338,2024-08-14,EU,Netherlands,Desk Mat Linen,Desk,5,34,0,170,Small Business,Online,B. Lindqvist,false
SO-101563,2024-08-14,APAC,India,Fountain Pen Brass,Writing,5,79,0.2,316,Consumer,Online,C. Nakamura,false
SO-101856,2024-08-14,MEA,Kenya,Pen Case Canvas,Accessories,1,22,0,22,Consumer,Online,F. Moreau,false
SO-103252,2024-08-14,LATAM,Brazil,Pen Case Canvas,Accessories,5,22,0,110,Consumer,Retail,A. Okafor,false
SO-103260,2024-08-14,MEA,South Africa,Pen Stand Walnut,Desk,2,29,0,58,Consumer,Online,B. Lindqvist,false
SO-104452,2024-08-14,APAC,Japan,Fountain Pen Classic,Writing,1,48,0,48,Consumer,Online,E. Haddad,true
SO-104591,2024-08-14,EU,Spain,Calligraphy Starter Kit,Writing,1,58,0,58,Consumer,Retail,F. Moreau,false
SO-105694,2024-08-14,NA,Canada,Sticky Notes Pastel,Stationery,1,5.5,0,5.5,Enterprise,Online,C. Nakamura,false
SO-101021,2024-08-15,MEA,Kenya,Fountain Pen Brass,Writing,1,79,0,79,Small Business,Retail,B. Lindqvist,false
SO-101866,2024-08-15,APAC,India,Quill Notebook A4,Stationery,1,16,0,16,Consumer,Online,E. Haddad,false
SO-101967,2024-08-15,APAC,India,Sticky Notes Pastel,Stationery,1,5.5,0,5.5,Enterprise,Retail,C. Nakamura,false
SO-103089,2024-08-15,APAC,Japan,Quill Notebook A4,Stationery,10,16,0.1,144,Small Business,Online,D. Rossi,false
SO-104595,2024-08-15,NA,Mexico,Leather Journal Cover,Accessories,1,42,0,42,Small Business,Retail,C. Nakamura,false
SO-104667,2024-08-15,NA,Mexico,Desk Mat Linen,Desk,2,34,0,68,Consumer,Online,E. Haddad,true
SO-100112,2024-08-16,APAC,Japan,Leather Journal Cover,Accessories,2,42,0.05,79.8,Consumer,Wholesale,B. Lindqvist,false
SO-101327,2024-08-16,APAC,India,Quill Notebook A5,Stationery,5,12.5,0,62.5,Consumer,Online,D. Rossi,false
SO-101352,2024-08-16,MEA,South Africa,Quill Notebook A5,Stationery,5,12.5,0,62.5,Small Business,Online,C. Nakamura,false
SO-101584,2024-08-16,NA,United States,Quill Notebook A4,Stationery,2,16,0,32,Enterprise,Retail,H. Silva,false
SO-102215,2024-08-16,NA,Canada,Fountain Pen Classic,Writing,1,48,0,48,Consumer,Wholesale,A. Okafor,false
SO-103622,2024-08-16,MEA,United Arab Emirates,Desk Mat Linen,Desk,2,34,0,68,Small Business,Retail,F. Moreau,false
SO-103979,2024-08-16,APAC,India,Desk Mat Linen,Desk,2,34,0.05,64.6,Small Business,Online,C. Nakamura,false
SO-104284,2024-08-16,MEA,United Arab Emirates,Sticky Notes Pastel,Stationery,2,5.5,0.1,9.9,Consumer,Online,E. Haddad,false
SO-100897,2024-08-17,MEA,United Arab Emirates,Gel Pen 5-pack,Writing,10,9.9,0.05,94.05,Enterprise,Online,H. Silva,false
SO-101698,2024-08-17,MEA,United Arab Emirates,Calligraphy Starter Kit,Writing,1,58,0,58,Small Business,Online,D. Rossi,false
SO-102246,2024-08-17,NA,Mexico,Ink Cartridge Midnight,Ink,3,6.5,0.05,18.52,Enterprise,Online,H. Silva,false
SO-102588,2024-08-17,LATAM,Brazil,Desk Mat Linen,Desk,5,34,0.2,136,Small Business,Online,B. Lindqvist,false
SO-104170,2024-08-17,LATAM,Brazil,Pen Case Canvas,Accessories,2,22,0.1,39.6,Consumer,Online,A. Okafor,false
SO-101437,2024-08-18,MEA,South Africa,Pen Stand Walnut,Desk,1,29,0,29,Consumer,Online,C. Nakamura,false
SO-102602,2024-08-18,LATAM,Chile,Calligraphy Starter Kit,Writing,5,58,0.1,261,Consumer,Retail,D. Rossi,false
SO-102647,2024-08-18,APAC,Japan,Planner 2024,Stationery,3,24,0.05,68.4,Consumer,Online,G. Patel,false
SO-104143,2024-08-18,LATAM,Brazil,Quill Notebook A5,Stationery,2,12.5,0,25,Enterprise,Online,A. Okafor,false
SO-105429,2024-08-18,EU,Netherlands,Quill Notebook A5,Stationery,5,12.5,0.05,59.38,Small Business,Retail,H. Silva,true
SO-105481,2024-08-18,EU,France,Calligraphy Starter Kit,Writing,1,58,0.05,55.1,Consumer,Retail,F. Moreau,false
SO-100510,2024-08-19,EU,United Kingdom,Fountain Pen Brass,Writing,1,79,0,79,Enterprise,Online,G. Patel,false
SO-101118,2024-08-19,EU,Netherlands,Gel Pen 5-pack,Writing,1,9.9,0,9.9,Consumer,Retail,H. Silva,false
SO-101574,2024-08-19,LATAM,Chile,Ink Bottle Sepia 50ml,Ink,1,18,0,18,Enterprise,Retail,D. Rossi,false
SO-102528,2024-08-19,NA,Mexico,Desk Mat Linen,Desk,10,34,0,340,Small Business,Online,F. Moreau,false
SO-105347,2024-08-19,NA,United States,Monitor Riser Oak,Desk,10,64,0,640,Small Business,Online,G. Patel,false
SO-105723,2024-08-19,LATAM,Chile,Leather Journal Cover,Accessories,2,42,0,84,Consumer,Retail,H. Silva,false
SO-101876,2024-08-20,LATAM,Argentina,Ink Cartridge Midnight,Ink,1,6.5,0,6.5,Small Business,Retail,B. Lindqvist,false
SO-104270,2024-08-20,EU,France,Ink Cartridge Midnight,Ink,2,6.5,0,13,Enterprise,Online,E. Haddad,false
SO-104389,2024-08-20,LATAM,Argentina,Gel Pen 5-pack,Writing,3,9.9,0,29.7,Consumer,Retail,H. Silva,false
SO-104820,2024-08-20,APAC,Australia,Monitor Riser Oak,Desk,3,64,0.2,153.6,Consumer,Wholesale,F. Moreau,false
SO-105474,2024-08-20,EU,France,Quill Notebook A4,Stationery,5,16,0,80,Consumer,Retail,H. Silva,false
SO-105578,2024-08-20,NA,Canada,Sticky Notes Pastel,Stationery,10,5.5,0,55,Consumer,Online,G. Patel,false
SO-100604,2024-08-21,NA,United States,Planner 2024,Stationery,1,24,0.05,22.8,Enterprise,Online,B. Lindqvist,false
SO-101157,2024-08-21,NA,Canada,Leather Journal Cover,Accessories,3,42,0,126,Consumer,Online,F. Moreau,false
SO-101486,2024-08-21,EU,Germany,Pen Stand Walnut,Desk,3,29,0,87,Enterprise,Online,E. Haddad,false
SO-102827,2024-08-21,LATAM,Chile,Fountain Pen Classic,Writing,3,48,0.1,129.6,Small Business,Online,B. Lindqvist,false
SO-103516,2024-08-21,LATAM,Brazil,Planner 2024,Stationery,2,24,0,48,Consumer,Online,F. Moreau,false
SO-103732,2024-08-21,MEA,Kenya,Ink Bottle Sepia 50ml,Ink,2,18,0.05,34.2,Small Business,Online,C. Nakamura,false
SO-103800,2024-08-21,EU,Netherlands,Calligraphy Starter Kit,Writing,1,58,0,58,Consumer,Online,B. Lindqvist,false
SO-104399,2024-08-21,LATAM,Brazil,Calligraphy Starter Kit,Writing,1,58,0.05,55.1,Consumer,Wholesale,H. Silva,false
SO-104458,2024-08-21,LATAM,Brazil,Leather Journal Cover,Accessories,3,42,0.05,119.7,Consumer,Retail,E. Haddad,false
SO-105002,2024-08-21,NA,Mexico,Sticky Notes Pastel,Stationery,1,5.5,0.05,5.23,Consumer,Online,E. Haddad,false
SO-105372,2024-08-21,APAC,Japan,Ink Bottle Sepia 50ml,Ink,2,18,0.05,34.2,Small Business,Retail,G. Patel,false
SO-105966,2024-08-21,MEA,South Africa,Calligraphy Starter Kit,Writing,2,58,0,116,Consumer,Online,C. Nakamura,false
SO-101556,2024-08-22,MEA,Kenya,Fountain Pen Brass,Writing,3,79,0,237,Small Business,Online,F. Moreau,true
SO-101964,2024-08-22,LATAM,Brazil,Quill Notebook A4,Stationery,3,16,0.05,45.6,Consumer,Retail,D. Rossi,false
SO-103180,2024-08-22,EU,France,Sticky Notes Pastel,Stationery,10,5.5,0,55,Consumer,Online,H. Silva,false
SO-103655,2024-08-22,MEA,Kenya,Gel Pen 5-pack,Writing,2,9.9,0,19.8,Small Business,Online,H. Silva,false
SO-103748,2024-08-22,MEA,United Arab Emirates,Quill Notebook A4,Stationery,1,16,0.1,14.4,Small Business,Online,B. Lindqvist,false
SO-104604,2024-08-22,EU,Spain,Ink Cartridge Midnight,Ink,1,6.5,0.05,6.18,Consumer,Online,A. Okafor,false
SO-104645,2024-08-22,LATAM,Brazil,Calligraphy Starter Kit,Writing,3,58,0,174,Enterprise,Retail,D. Rossi,false
SO-105871,2024-08-22,LATAM,Brazil,Pen Case Canvas,Accessories,2,22,0,44,Small Business,Online,A. Okafor,false
SO-100060,2024-08-23,LATAM,Argentina,Desk Mat Linen,Desk,2,34,0,68,Small Business,Retail,C. Nakamura,false
SO-100493,2024-08-23,MEA,United Arab Emirates,Monitor Riser Oak,Desk,2,64,0,128,Consumer,Retail,E. Haddad,false
SO-100727,2024-08-23,MEA,South Africa,Ink Bottle Sepia 50ml,Ink,2,18,0,36,Consumer,Online,H. Silva,false
SO-101554,2024-08-23,APAC,Singapore,Planner 2024,Stationery,5,24,0.1,108,Consumer,Online,E. Haddad,false
SO-101572,2024-08-23,NA,Canada,Desk Mat Linen,Desk,2,34,0.05,64.6,Small Business,Online,G. Patel,false
SO-102371,2024-08-23,MEA,South Africa,Ink Bottle Sepia 50ml,Ink,1,18,0.05,17.1,Consumer,Online,F. Moreau,false
SO-102908,2024-08-23,APAC,India,Planner 2024,Stationery,3,24,0.1,64.8,Consumer,Online,G. Patel,false
SO-103550,2024-08-23,APAC,Japan,Leather Journal Cover,Accessories,5,42,0.1,189,Consumer,Online,F. Moreau,true
SO-103637,2024-08-23,EU,Netherlands,Pen Stand Walnut,Desk,1,29,0.1,26.1,Consumer,Online,B. Lindqvist,false
SO-104414,2024-08-23,EU,United Kingdom,Quill Notebook A5,Stationery,2,12.5,0,25,Small Business,Retail,D. Rossi,false
SO-105591,2024-08-23,LATAM,Brazil,Pen Case Canvas,Accessories,1,22,0,22,Enterprise,Online,E. Haddad,false
SO-100392,2024-08-24,EU,Netherlands,Fountain Pen Classic,Writing,2,48,0,96,Enterprise,Online,B. Lindqvist,false
SO-101414,2024-08-24,EU,Spain,Sticky Notes Pastel,Stationery,5,5.5,0,27.5,Consumer,Online,F. Moreau,false
SO-101835,2024-08-24,LATAM,Brazil,Desk Mat Linen,Desk,3,34,0,102,Consumer,Retail,B. Lindqvist,false
SO-102085,2024-08-24,LATAM,Chile,Desk Mat Linen,Desk,1,34,0,34,Consumer,Online,A. Okafor,false
SO-103752,2024-08-24,APAC,Singapore,Quill Notebook A4,Stationery,1,16,0.1,14.4,Consumer,Online,G. Patel,false
SO-104410,2024-08-24,LATAM,Brazil,Fountain Pen Classic,Writing,2,48,0,96,Consumer,Retail,A. Okafor,false
SO-104715,2024-08-24,EU,Germany,Pen Case Canvas,Accessories,1,22,0.2,17.6,Small Business,Online,A. Okafor,false
SO-104823,2024-08-24,NA,United States,Desk Mat Linen,Desk,1,34,0,34,Enterprise,Online,A. Okafor,false
SO-101426,2024-08-25,LATAM,Argentina,Calligraphy Starter Kit,Writing,3,58,0,174,Small Business,Online,A. Okafor,false
SO-101451,2024-08-25,NA,United States,Monitor Riser Oak,Desk,10,64,0,640,Consumer,Retail,B. Lindqvist,false
SO-102335,2024-08-25,APAC,Singapore,Ink Bottle Sepia 50ml,Ink,5,18,0,90,Small Business,Online,B. Lindqvist,false
SO-103608,2024-08-25,LATAM,Brazil,Calligraphy Starter Kit,Writing,1,58,0.05,55.1,Consumer,Online,B. Lindqvist,false
SO-103613,2024-08-25,APAC,Japan,Planner 2024,Stationery,1,24,0,24,Consumer,Retail,G. Patel,false
SO-103788,2024-08-25,MEA,Kenya,Sticky Notes Pastel,Stationery,1,5.5,0.05,5.23,Small Business,Retail,H. Silva,false
SO-104476,2024-08-25,LATAM,Argentina,Planner 2024,Stationery,2,24,0,48,Small Business,Online,A. Okafor,false
SO-104489,2024-08-25,MEA,South Africa,Quill Notebook A4,Stationery,2,16,0,32,Consumer,Retail,E. Haddad,false
SO-104616,2024-08-25,APAC,Singapore,Fountain Pen Brass,Writing,3,79,0.1,213.3,Consumer,Online,E. Haddad,false
SO-105144,2024-08-25,APAC,Australia,Planner 2024,Stationery,1,24,0,24,Small Business,Retail,B. Lindqvist,false
SO-105898,2024-08-25,MEA,United Arab Emirates,Ink Bottle Sepia 50ml,Ink,3,18,0,54,Consumer,Retail,E. Haddad,false
SO-100396,2024-08-26,NA,United States,Leather Journal Cover,Accessories,2,42,0,84,Consumer,Retail,F. Moreau,false
SO-101153,2024-08-26,NA,Mexico,Leather Journal Cover,Accessories,1,42,0.05,39.9,Small Business,Online,C. Nakamura,true
SO-101415,2024-08-26,APAC,Japan,Planner 2024,Stationery,2,24,0,48,Consumer,Online,H. Silva,false
SO-102348,2024-08-26,MEA,South Africa,Ink Bottle Sepia 50ml,Ink,1,18,0,18,Small Business,Online,H. Silva,false
SO-103143,2024-08-26,MEA,United Arab Emirates,Fountain Pen Brass,Writing,3,79,0,237,Consumer,Retail,F. Moreau,false
SO-103859,2024-08-26,APAC,Australia,Quill Notebook A5,Stationery,5,12.5,0.2,50,Consumer,Online,F. Moreau,false
SO-104050,2024-08-26,EU,Germany,Ink Cartridge Midnight,Ink,5,6.5,0.05,30.88,Consumer,Online,E. Haddad,false
SO-104512,2024-08-26,EU,Germany,Fountain Pen Brass,Writing,5,79,0,395,Consumer,Wholesale,F. Moreau,false
SO-100336,2024-08-27,MEA,Kenya,Monitor Riser Oak,Desk,1,64,0,64,Enterprise,Online,G. Patel,false
SO-101788,2024-08-27,EU,Germany,Ink Cartridge Midnight,Ink,2,6.5,0.05,12.35,Consumer,Online,H. Silva,false
SO-101925,2024-08-27,NA,United States,Ink Bottle Sepia 50ml,Ink,2,18,0,36,Consumer,Online,C. Nakamura,false
SO-104970,2024-08-27,NA,United States,Gel Pen 5-pack,Writing,2,9.9,0,19.8,Small Business,Online,H. Silva,false
SO-105639,2024-08-27,MEA,South Africa,Calligraphy Starter Kit,Writing,2,58,0,116,Small Business,Online,H. Silva,false
SO-105819,2024-08-27,APAC,Australia,Ink Bottle Sepia 50ml,Ink,2,18,0,36,Consumer,Online,A. Okafor,true
SO-100590,2024-08-28,EU,Germany,Monitor Riser Oak,Desk,3,64,0.1,172.8,Consumer,Retail,A. Okafor,false
SO-100649,2024-08-28,LATAM,Argentina,Monitor Riser Oak,Desk,1,64,0,64,Enterprise,Online,C. Nakamura,false
SO-100967,2024-08-28,APAC,Japan,Fountain Pen Classic,Writing,2,48,0,96,Small Business,Retail,C. Nakamura,false
SO-101761,2024-08-28,NA,Mexico,Pen Case Canvas,Accessories,1,22,0,22,Small Business,Online,C. Nakamura,false
SO-102213,2024-08-28,MEA,United Arab Emirates,Quill Notebook A5,Stationery,10,12.5,0,125,Consumer,Online,D. Rossi,false
SO-102940,2024-08-28,EU,United Kingdom,Fountain Pen Classic,Writing,1,48,0,48,Small Business,Online,D. Rossi,false
SO-103906,2024-08-28,NA,Mexico,Leather Journal Cover,Accessories,10,42,0,420,Small Business,Online,E. Haddad,false
SO-104702,2024-08-28,NA,Canada,Ink Cartridge Midnight,Ink,2,6.5,0.05,12.35,Small Business,Online,A. Okafor,false
SO-105063,2024-08-28,EU,United Kingdom,Ink Bottle Sepia 50ml,Ink,3,18,0.1,48.6,Consumer,Retail,F. Moreau,false
SO-105622,2024-08-28,APAC,India,Leather Journal Cover,Accessories,1,42,0,42,Small Business,Retail,H. Silva,false
SO-100211,2024-08-29,MEA,South Africa,Sticky Notes Pastel,Stationery,1,5.5,0.05,5.23,Consumer,Online,H. Silva,false
SO-102749,2024-08-29,MEA,South Africa,Pen Case Canvas,Accessories,1,22,0,22,Small Business,Online,B. Lindqvist,false
SO-104047,2024-08-29,LATAM,Argentina,Quill Notebook A5,Stationery,3,12.5,0.1,33.75,Small Business,Online,E. Haddad,false
SO-104332,2024-08-29,NA,Mexico,Leather Journal Cover,Accessories,2,42,0,84,Small Business,Online,F. Moreau,false
SO-104347,2024-08-29,NA,United States,Ink Bottle Sepia 50ml,Ink,1,18,0.05,17.1,Consumer,Online,G. Patel,false
SO-105599,2024-08-29,MEA,Kenya,Pen Stand Walnut,Desk,2,29,0.1,52.2,Consumer,Retail,F. Moreau,false
SO-105780,2024-08-29,MEA,Kenya,Planner 2024,Stationery,1,24,0,24,Consumer,Retail,F. Moreau,false
SO-100694,2024-08-30,LATAM,Argentina,Sticky Notes Pastel,Stationery,1,5.5,0,5.5,Consumer,Online,B. Lindqvist,false
SO-100719,2024-08-30,APAC,Australia,Gel Pen 5-pack,Writing,3,9.9,0,29.7,Small Business,Online,H. Silva,false
SO-101515,2024-08-30,LATAM,Brazil,Quill Notebook A5,Stationery,1,12.5,0,12.5,Small Business,Online,D. Rossi,false
SO-101779,2024-08-30,EU,United Kingdom,Fountain Pen Brass,Writing,2,79,0,158,Consumer,Online,C. Nakamura,false
SO-102333,2024-08-30,APAC,Japan,Fountain Pen Classic,Writing,1,48,0.05,45.6,Consumer,Wholesale,C. Nakamura,false
SO-102645,2024-08-30,APAC,Japan,Planner 2024,Stationery,1,24,0,24,Consumer,Online,H. Silva,false
SO-103671,2024-08-30,NA,Mexico,Ink Cartridge Midnight,Ink,2,6.5,0,13,Small Business,Wholesale,C. Nakamura,false
SO-103932,2024-08-30,EU,Netherlands,Fountain Pen Classic,Writing,1,48,0,48,Consumer,Online,E. Haddad,true
SO-104649,2024-08-30,EU,France,Fountain Pen Classic,Writing,2,48,0,96,Consumer,Online,A. Okafor,false
SO-104882,2024-08-30,MEA,South Africa,Pen Stand Walnut,Desk,3,29,0.05,82.65,Enterprise,Online,H. Silva,false
SO-100070,2024-08-31,APAC,Australia,Pen Stand Walnut,Desk,5,29,0,145,Consumer,Online,G. Patel,false
SO-101350,2024-08-31,LATAM,Brazil,Desk Mat Linen,Desk,3,34,0,102,Small Business,Online,A. Okafor,false
SO-101422,2024-08-31,APAC,Australia,Leather Journal Cover,Accessories,2,42,0,84,Small Business,Online,C. Nakamura,false
SO-102186,2024-08-31,NA,Mexico,Gel Pen 5-pack,Writing,1,9.9,0,9.9,Consumer,Online,F. Moreau,false
SO-103263,2024-08-31,NA,Mexico,Monitor Riser Oak,Desk,5,64,0,320,Consumer,Online,A. Okafor,false
SO-103534,2024-08-31,APAC,Australia,Monitor Riser Oak,Desk,3,64,0,192,Small Business,Online,H. Silva,false
SO-100482,2024-09-01,MEA,South Africa,Fountain Pen Classic,Writing,1,48,0.1,43.2,Consumer,Retail,E. Haddad,false
SO-101023,2024-09-01,NA,Mexico,Ink Bottle Sepia 50ml,Ink,1,18,0.05,17.1,Enterprise,Online,B. Lindqvist,true
SO-101316,2024-09-01,NA,Canada,Ink Cartridge Midnight,Ink,3,6.5,0.05,18.52,Consumer,Wholesale,E. Haddad,false
SO-102994,2024-09-01,APAC,India,Sticky Notes Pastel,Stationery,5,5.5,0,27.5,Consumer,Online,H. Silva,false
SO-103183,2024-09-01,LATAM,Chile,Quill Notebook A5,Stationery,1,12.5,0,12.5,Small Business,Online,G. Patel,false
SO-103331,2024-09-01,NA,Mexico,Gel Pen 5-pack,Writing,3,9.9,0,29.7,Small Business,Retail,B. Lindqvist,false
SO-103783,2024-09-01,NA,United States,Sticky Notes Pastel,Stationery,10,5.5,0,55,Consumer,Online,H. Silva,false
SO-104209,2024-09-01,MEA,South Africa,Pen Stand Walnut,Desk,1,29,0.05,27.55,Small Business,Online,G. Patel,false
SO-104565,2024-09-01,NA,Mexico,Gel Pen 5-pack,Writing,1,9.9,0.2,7.92,Consumer,Retail,G. Patel,false
SO-105187,2024-09-01,NA,Canada,Quill Notebook A5,Stationery,3,12.5,0,37.5,Small Business,Retail,B. Lindqvist,false
SO-105388,2024-09-01,APAC,Singapore,Gel Pen 5-pack,Writing,3,9.9,0,29.7,Small Business,Online,C. Nakamura,false
SO-105442,2024-09-01,EU,Germany,Leather Journal Cover,Accessories,1,42,0.1,37.8,Consumer,Retail,B. Lindqvist,false
SO-105962,2024-09-01,MEA,United Arab Emirates,Desk Mat Linen,Desk,3,34,0,102,Small Business,Retail,B. Lindqvist,false
SO-101188,2024-09-02,APAC,Japan,Fountain Pen Classic,Writing,3,48,0,144,Consumer,Retail,B. Lindqvist,false
SO-101497,2024-09-02,NA,Canada,Quill Notebook A5,Stationery,2,12.5,0.05,23.75,Small Business,Retail,H. Silva,false
SO-101626,2024-09-02,EU,Germany,Quill Notebook A4,Stationery,2,16,0,32,Consumer,Retail,G. Patel,false
SO-101651,2024-09-02,LATAM,Brazil,Pen Stand Walnut,Desk,1,29,0,29,Consumer,Retail,E. Haddad,false
SO-103928,2024-09-02,EU,Germany,Desk Mat Linen,Desk,1,34,0,34,Consumer,Online,F. Moreau,false
SO-104268,2024-09-02,EU,France,Ink Cartridge Midnight,Ink,2,6.5,0,13,Small Business,Online,E. Haddad,false
SO-104550,2024-09-02,LATAM,Argentina,Gel Pen 5-pack,Writing,2,9.9,0,19.8,Consumer,Retail,H. Silva,false
SO-100927,2024-09-03,LATAM,Argentina,Leather Journal Cover,Accessories,3,42,0.05,119.7,Consumer,Online,E. Haddad,false
SO-102783,2024-09-03,LATAM,Argentina,Ink Cartridge Midnight,Ink,1,6.5,0,6.5,Small Business,Online,E. Haddad,false
SO-103994,2024-09-03,APAC,Australia,Sticky Notes Pastel,Stationery,2,5.5,0.1,9.9,Small Business,Retail,F. Moreau,false
SO-104197,2024-09-03,MEA,United Arab Emirates,Ink Bottle Sepia 50ml,Ink,5,18,0,90,Small Business,Wholesale,G. Patel,false
SO-104330,2024-09-03,APAC,Japan,Planner 2024,Stationery,1,24,0,24,Small Business,Retail,F. Moreau,false
SO-104924,2024-09-03,APAC,Australia,Gel Pen 5-pack,Writing,1,9.9,0.05,9.4,Small Business,Online,C. Nakamura,false
SO-105234,2024-09-03,NA,Canada,Gel Pen 5-pack,Writing,2,9.9,0,19.8,Consumer,Retail,H. Silva,false
SO-105843,2024-09-03,NA,United States,Pen Stand Walnut,Desk,3,29,0,87,Small Business,Retail,C. Nakamura,false
SO-100619,2024-09-04,LATAM,Argentina,Planner 2024,Stationery,2,24,0,48,Small Business,Online,E. Haddad,false
SO-101035,2024-09-04,MEA,South Africa,Ink Cartridge Midnight,Ink,1,6.5,0,6.5,Consumer,Wholesale,H. Silva,false
SO-102287,2024-09-04,MEA,South Africa,Fountain Pen Classic,Writing,1,48,0.05,45.6,Consumer,Wholesale,H. Silva,false
SO-103984,2024-09-04,APAC,India,Sticky Notes Pastel,Stationery,2,5.5,0.05,10.45,Consumer,Online,C. Nakamura,false
SO-104617,2024-09-04,EU,Spain,Calligraphy Starter Kit,Writing,2,58,0.05,110.2,Enterprise,Online,A. Okafor,false
SO-105396,2024-09-04,LATAM,Brazil,Calligraphy Starter Kit,Writing,2,58,0,116,Enterprise,Wholesale,C. Nakamura,false
SO-105535,2024-09-04,NA,Canada,Quill Notebook A4,Stationery,1,16,0.05,15.2,Consumer,Online,B. Lindqvist,false
SO-105778,2024-09-04,APAC,Japan,Calligraphy Starter Kit,Writing,1,58,0,58,Consumer,Online,G. Patel,false
SO-100466,2024-09-05,LATAM,Brazil,Planner 2024,Stationery,3,24,0.2,57.6,Small Business,Online,H. Silva,false
SO-101494,2024-09-05,EU,Germany,Fountain Pen Classic,Writing,1,48,0.1,43.2,Consumer,Online,E. Haddad,false
SO-101672,2024-09-05,APAC,Australia,Fountain Pen Classic,Writing,2,48,0,96,Enterprise,Online,F. Moreau,false
SO-102151,2024-09-05,MEA,South Africa,Gel Pen 5-pack,Writing,1,9.9,0,9.9,Consumer,Online,F. Moreau,false
SO-104862,2024-09-05,NA,Mexico,Sticky Notes Pastel,Stationery,1,5.5,0,5.5,Consumer,Online,D. Rossi,false
SO-102104,2024-09-06,LATAM,Argentina,Monitor Riser Oak,Desk,5,64,0,320,Small Business,Wholesale,A. Okafor,false
SO-102916,2024-09-06,LATAM,Argentina,Fountain Pen Brass,Writing,2,79,0,158,Consumer,Retail,A. Okafor,false
SO-102969,2024-09-06,MEA,South Africa,Calligraphy Starter Kit,Writing,2,58,0,116,Consumer,Retail,C. Nakamura,false
SO-104344,2024-09-06,APAC,Singapore,Pen Stand Walnut,Desk,5,29,0,145,Small Business,Retail,H. Silva,false
SO-104574,2024-09-06,NA,United States,Fountain Pen Classic,Writing,3,48,0,144,Consumer,Online,H. Silva,false
SO-105296,2024-09-06,EU,United Kingdom,Quill Notebook A5,Stationery,3,12.5,0,37.5,Enterprise,Retail,A. Okafor,true
SO-105764,2024-09-06,NA,Mexico,Leather Journal Cover,Accessories,2,42,0.05,79.8,Consumer,Retail,A. Okafor,false
SO-101478,2024-09-07,LATAM,Argentina,Calligraphy Starter Kit,Writing,2,58,0.1,104.4,Consumer,Online,A. Okafor,false
SO-102620,2024-09-07,MEA,Kenya,Calligraphy Starter Kit,Writing,1,58,0,58,Small Business,Online,B. Lindqvist,false
SO-103288,2024-09-07,NA,Canada,Desk Mat Linen,Desk,3,34,0,102,Consumer,Online,B. Lindqvist,false
SO-103484,2024-09-07,EU,France,Pen Case Canvas,Accessories,1,22,0,22,Enterprise,Online,G. Patel,false
SO-103843,2024-09-07,APAC,Australia,Pen Case Canvas,Accessories,2,22,0.05,41.8,Consumer,Wholesale,C. Nakamura,false
SO-104962,2024-09-07,LATAM,Brazil,Pen Stand Walnut,Desk,1,29,0,29,Consumer,Retail,H. Silva,false
SO-100238,2024-09-08,NA,United States,Ink Bottle Sepia 50ml,Ink,1,18,0,18,Small Business,Retail,H. Silva,false
SO-100503,2024-09-08,APAC,Japan,Monitor Riser Oak,Desk,3,64,0,192,Consumer,Online,C. Nakamura,false
SO-102018,2024-09-08,NA,United States,Leather Journal Cover,Accessories,2,42,0,84,Small Business,Online,D. Rossi,false
SO-102532,2024-09-08,MEA,Kenya,Leather Journal Cover,Accessories,3,42,0,126,Consumer,Wholesale,H. Silva,false
SO-102548,2024-09-08,NA,Canada,Ink Cartridge Midnight,Ink,1,6.5,0.05,6.18,Consumer,Retail,A. Okafor,false
SO-102646,2024-09-08,APAC,Japan,Ink Cartridge Midnight,Ink,3,6.5,0,19.5,Consumer,Retail,D. Rossi,false
SO-102748,2024-09-08,EU,United Kingdom,Ink Bottle Sepia 50ml,Ink,2,18,0.05,34.2,Consumer,Online,G. Patel,false
SO-102770,2024-09-08,MEA,Kenya,Pen Stand Walnut,Desk,3,29,0.05,82.65,Consumer,Online,B. Lindqvist,false
SO-102795,2024-09-08,NA,United States,Ink Bottle Sepia 50ml,Ink,1,18,0.05,17.1,Enterprise,Online,C. Nakamura,false
SO-103161,2024-09-08,EU,United Kingdom,Leather Journal Cover,Accessories,2,42,0.1,75.6,Consumer,Retail,F. Moreau,false
SO-100540,2024-09-09,LATAM,Chile,Monitor Riser Oak,Desk,2,64,0.2,102.4,Enterprise,Retail,A. Okafor,false
SO-101897,2024-09-09,LATAM,Chile,Ink Bottle Sepia 50ml,Ink,1,18,0,18,Consumer,Online,H. Silva,false
SO-102307,2024-09-09,MEA,Kenya,Planner 2024,Stationery,2,24,0,48,Enterprise,Online,D. Rossi,false
SO-102664,2024-09-09,EU,Spain,Pen Stand Walnut,Desk,3,29,0,87,Consumer,Wholesale,G. Patel,false
SO-102998,2024-09-09,NA,Canada,Ink Cartridge Midnight,Ink,3,6.5,0,19.5,Small Business,Online,G. Patel,false
SO-105327,2024-09-09,LATAM,Chile,Pen Stand Walnut,Desk,5,29,0,145,Small Business,Online,C. Nakamura,true
SO-101057,2024-09-10,EU,France,Desk Mat Linen,Desk,5,34,0.05,161.5,Consumer,Retail,E. Haddad,false
SO-101242,2024-09-10,NA,United States,Calligraphy Starter Kit,Writing,1,58,0.05,55.1,Small Business,Online,C. Nakamura,false
SO-101667,2024-09-10,EU,Germany,Fountain Pen Classic,Writing,3,48,0,144,Consumer,Wholesale,B. Lindqvist,false
SO-101840,2024-09-10,LATAM,Brazil,Pen Stand Walnut,Desk,2,29,0,58,Consumer,Online,H. Silva,false
SO-101936,2024-09-10,NA,United States,Fountain Pen Classic,Writing,2,48,0,96,Enterprise,Retail,G. Patel,false
SO-102356,2024-09-10,LATAM,Argentina,Calligraphy Starter Kit,Writing,1,58,0,58,Consumer,Retail,A. Okafor,false
SO-102521,2024-09-10,EU,Germany,Calligraphy Starter Kit,Writing,3,58,0,174,Consumer,Online,B. Lindqvist,false
SO-102543,2024-09-10,NA,Mexico,Fountain Pen Brass,Writing,2,79,0,158,Consumer,Wholesale,F. Moreau,false
SO-102968,2024-09-10,NA,United States,Gel Pen 5-pack,Writing,1,9.9,0.05,9.4,Consumer,Online,H. Silva,false
SO-103013,2024-09-10,EU,United Kingdom,Quill Notebook A4,Stationery,2,16,0,32,Consumer,Online,A. Okafor,false
SO-103346,2024-09-10,APAC,Australia,Quill Notebook A5,Stationery,3,12.5,0,37.5,Consumer,Online,D. Rossi,false
SO-103365,2024-09-10,MEA,Kenya,Monitor Riser Oak,Desk,1,64,0,64,Consumer,Online,H. Silva,false
SO-103736,2024-09-10,LATAM,Argentina,Pen Stand Walnut,Desk,3,29,0.1,78.3,Small Business,Online,F. Moreau,false
SO-105312,2024-09-10,APAC,India,Calligraphy Starter Kit,Writing,1,58,0,58,Consumer,Online,H. Silva,false
SO-101274,2024-09-11,EU,France,Pen Stand Walnut,Desk,1,29,0,29,Consumer,Retail,D. Rossi,false
SO-101875,2024-09-11,NA,Mexico,Fountain Pen Brass,Writing,1,79,0,79,Consumer,Retail,A. Okafor,false
SO-102911,2024-09-11,LATAM,Argentina,Sticky Notes Pastel,Stationery,3,5.5,0.1,14.85,Consumer,Online,E. Haddad,false
SO-104196,2024-09-11,APAC,Singapore,Ink Bottle Sepia 50ml,Ink,2,18,0,36,Small Business,Online,A. Okafor,false
SO-104302,2024-09-11,MEA,United Arab Emirates,Quill Notebook A5,Stationery,1,12.5,0,12.5,Small Business,Online,F. Moreau,false
SO-104710,2024-09-11,EU,Germany,Gel Pen 5-pack,Writing,1,9.9,0,9.9,Small Business,Retail,H. Silva,false
SO-105831,2024-09-11,NA,United States,Pen Case Canvas,Accessories,2,22,0,44,Consumer,Retail,E. Haddad,false
SO-105903,2024-09-11,EU,United Kingdom,Fountain Pen Classic,Writing,2,48,0,96,Enterprise,Online,B. Lindqvist,false
SO-100634,2024-09-12,APAC,India,Monitor Riser Oak,Desk,3,64,0,192,Consumer,Retail,C. Nakamura,false
SO-102092,2024-09-12,NA,United States,Pen Stand Walnut,Desk,3,29,0,87,Consumer,Online,A. Okafor,false
SO-103774,2024-09-12,EU,France,Monitor Riser Oak,Desk,10,64,0,640,Small Business,Online,B. Lindqvist,false
SO-104936,2024-09-12,APAC,Singapore,Sticky Notes Pastel,Stationery,1,5.5,0,5.5,Enterprise,Online,D. Rossi,false
SO-100978,2024-09-13,NA,Mexico,Gel Pen 5-pack,Writing,3,9.9,0,29.7,Enterprise,Online,B. Lindqvist,false
SO-102960,2024-09-13,APAC,Australia,Pen Stand Walnut,Desk,3,29,0,87,Consumer,Online,B. Lindqvist,false
SO-104171,2024-09-13,APAC,Japan,Gel Pen 5-pack,Writing,2,9.9,0,19.8,Small Business,Wholesale,E. Haddad,false
SO-104288,2024-09-13,EU,France,Leather Journal Cover,Accessories,1,42,0,42,Consumer,Online,H. Silva,false
SO-105207,2024-09-13,MEA,United Arab Emirates,Quill Notebook A4,Stationery,3,16,0,48,Consumer,Online,E. Haddad,false
SO-105758,2024-09-13,LATAM,Brazil,Ink Bottle Sepia 50ml,Ink,2,18,0.05,34.2,Small Business,Retail,B. Lindqvist,false
SO-100124,2024-09-14,APAC,Singapore,Pen Case Canvas,Accessories,1,22,0,22,Small Business,Online,H. Silva,false
SO-101549,2024-09-14,APAC,Japan,Sticky Notes Pastel,Stationery,1,5.5,0,5.5,Enterprise,Online,C. Nakamura,false
SO-102556,2024-09-14,EU,France,Sticky Notes Pastel,Stationery,1,5.5,0,5.5,Consumer,Online,E. Haddad,false
SO-104239,2024-09-14,NA,Canada,Pen Stand Walnut,Desk,1,29,0.2,23.2,Enterprise,Wholesale,F. Moreau,false
SO-104474,2024-09-14,LATAM,Argentina,Gel Pen 5-pack,Writing,1,9.9,0,9.9,Consumer,Wholesale,E. Haddad,false
SO-104944,2024-09-14,NA,United States,Fountain Pen Classic,Writing,1,48,0,48,Consumer,Online,F. Moreau,false
SO-105157,2024-09-14,LATAM,Argentina,Pen Stand Walnut,Desk,3,29,0,87,Consumer,Online,A. Okafor,false
SO-101006,2024-09-15,EU,France,Fountain Pen Classic,Writing,5,48,0.05,228,Small Business,Retail,F. Moreau,false
SO-101772,2024-09-15,APAC,India,Planner 2024,Stationery,2,24,0,48,Consumer,Online,D. Rossi,false
SO-102188,2024-09-15,NA,Mexico,Leather Journal Cover,Accessories,1,42,0.2,33.6,Consumer,Online,C. Nakamura,false
SO-102578,2024-09-15,APAC,Japan,Calligraphy Starter Kit,Writing,10,58,0.2,464,Small Business,Online,A. Okafor,false
SO-104280,2024-09-15,APAC,Japan,Leather Journal Cover,Accessories,1,42,0,42,Consumer,Wholesale,F. Moreau,false
SO-104608,2024-09-15,NA,Canada,Quill Notebook A5,Stationery,1,12.5,0.05,11.88,Enterprise,Retail,E. Haddad,false
SO-105548,2024-09-15,MEA,United Arab Emirates,Monitor Riser Oak,Desk,2,64,0,128,Consumer,Wholesale,A. Okafor,false
SO-100099,2024-09-16,MEA,South Africa,Leather Journal Cover,Accessories,1,42,0,42,Consumer,Retail,E. Haddad,false
SO-100443,2024-09-16,NA,United States,Fountain Pen Brass,Writing,1,79,0,79,Enterprise,Retail,A. Okafor,false
SO-101924,2024-09-16,NA,Mexico,Monitor Riser Oak,Desk,1,64,0,64,Small Business,Retail,C. Nakamura,false
SO-102181,2024-09-16,MEA,South Africa,Quill Notebook A5,Stationery,1,12.5,0,12.5,Consumer,Online,H. Silva,false
SO-102463,2024-09-16,MEA,United Arab Emirates,Pen Stand Walnut,Desk,3,29,0.1,78.3,Consumer,Online,C. Nakamura,false
SO-103306,2024-09-16,NA,Mexico,Sticky Notes Pastel,Stationery,1,5.5,0,5.5,Small Business,Online,C. Nakamura,false
SO-103405,2024-09-16,EU,France,Monitor Riser Oak,Desk,2,64,0,128,Consumer,Online,D. Rossi,false
SO-103597,2024-09-16,APAC,India,Fountain Pen Brass,Writing,1,79,0.05,75.05,Consumer,Retail,H. Silva,false
SO-104264,2024-09-16,MEA,South Africa,Pen Stand Walnut,Desk,5,29,0.1,130.5,Consumer,Retail,F. Moreau,false
SO-104471,2024-09-16,APAC,Singapore,Quill Notebook A5,Stationery,3,12.5,0,37.5,Consumer,Wholesale,E. Haddad,true
SO-101273,2024-09-17,MEA,South Africa,Quill Notebook A4,Stationery,2,16,0.05,30.4,Small Business,Retail,F. Moreau,false
SO-101645,2024-09-17,APAC,Japan,Quill Notebook A4,Stationery,2,16,0,32,Consumer,Online,B. Lindqvist,false
SO-101846,2024-09-17,LATAM,Brazil,Fountain Pen Brass,Writing,1,79,0,79,Consumer,Online,H. Silva,false
SO-101927,2024-09-17,NA,Mexico,Fountain Pen Classic,Writing,3,48,0,144,Consumer,Online,F. Moreau,false
SO-101957,2024-09-17,EU,Germany,Gel Pen 5-pack,Writing,1,9.9,0.2,7.92,Consumer,Retail,G. Patel,false
SO-102495,2024-09-17,EU,Netherlands,Ink Cartridge Midnight,Ink,3,6.5,0,19.5,Consumer,Online,F. Moreau,false
SO-102773,2024-09-17,MEA,United Arab Emirates,Desk Mat Linen,Desk,3,34,0,102,Small Business,Retail,F. Moreau,false
SO-103213,2024-09-17,EU,France,Monitor Riser Oak,Desk,2,64,0.05,121.6,Consumer,Retail,B. Lindqvist,false
SO-105448,2024-09-17,NA,United States,Leather Journal Cover,Accessories,2,42,0,84,Enterprise,Online,D. Rossi,false
SO-100022,2024-09-18,LATAM,Argentina,Quill Notebook A4,Stationery,2,16,0,32,Consumer,Online,F. Moreau,false
SO-100469,2024-09-18,LATAM,Chile,Ink Cartridge Midnight,Ink,1,6.5,0.05,6.18,Consumer,Online,A. Okafor,false
SO-101683,2024-09-18,NA,United States,Planner 2024,Stationery,1,24,0,24,Enterprise,Retail,B. Lindqvist,false
SO-102141,2024-09-18,NA,United States,Monitor Riser Oak,Desk,2,64,0,128,Enterprise,Online,H. Silva,true
SO-105886,2024-09-18,MEA,South Africa,Desk Mat Linen,Desk,3,34,0,102,Small Business,Retail,A. Okafor,false
SO-101366,2024-09-19,LATAM,Argentina,Fountain Pen Classic,Writing,1,48,0,48,Consumer,Online,F. Moreau,false
SO-101472,2024-09-19,LATAM,Argentina,Quill Notebook A4,Stationery,1,16,0,16,Consumer,Online,B. Lindqvist,true
SO-102461,2024-09-19,APAC,India,Quill Notebook A5,Stationery,1,12.5,0,12.5,Small Business,Online,B. Lindqvist,false
SO-102903,2024-09-19,EU,United Kingdom,Planner 2024,Stationery,2,24,0,48,Consumer,Online,B. Lindqvist,false
SO-104499,2024-09-19,MEA,United Arab Emirates,Quill Notebook A4,Stationery,2,16,0,32,Consumer,Retail,B. Lindqvist,false
SO-104689,2024-09-19,LATAM,Chile,Sticky Notes Pastel,Stationery,1,5.5,0.05,5.23,Consumer,Wholesale,C. Nakamura,false
SO-105669,2024-09-19,MEA,Kenya,Monitor Riser Oak,Desk,2,64,0,128,Small Business,Online,C. Nakamura,false
SO-105989,2024-09-19,LATAM,Argentina,Planner 2024,Stationery,1,24,0.05,22.8,Enterprise,Retail,G. Patel,false
SO-100669,2024-09-20,LATAM,Argentina,Pen Case Canvas,Accessories,2,22,0.05,41.8,Small Business,Retail,H. Silva,false
SO-101238,2024-09-20,LATAM,Chile,Leather Journal Cover,Accessories,3,42,0,126,Consumer,Online,E. Haddad,false
SO-101692,2024-09-20,EU,Germany,Monitor Riser Oak,Desk,1,64,0,64,Consumer,Retail,A. Okafor,false
SO-101747,2024-09-20,LATAM,Brazil,Quill Notebook A5,Stationery,1,12.5,0.1,11.25,Consumer,Retail,C. Nakamura,false
SO-102166,2024-09-20,MEA,United Arab Emirates,Calligraphy Starter Kit,Writing,1,58,0.2,46.4,Small Business,Retail,B. Lindqvist,false
SO-102291,2024-09-20,LATAM,Brazil,Pen Case Canvas,Accessories,2,22,0.1,39.6,Small Business,Online,D. Rossi,false
SO-102304,2024-09-20,APAC,Japan,Sticky Notes Pastel,Stationery,10,5.5,0,55,Enterprise,Wholesale,D. Rossi,false
SO-102597,2024-09-20,APAC,Australia,Quill Notebook A4,Stationery,5,16,0.1,72,Consumer,Retail,G. Patel,false
SO-103675,2024-09-20,NA,Canada,Calligraphy Starter Kit,Writing,1,58,0,58,Small Business,Online,F. Moreau,false
SO-103893,2024-09-20,LATAM,Argentina,Quill Notebook A4,Stationery,3,16,0,48,Consumer,Online,A. Okafor,false
SO-104217,2024-09-20,MEA,United Arab Emirates,Desk Mat Linen,Desk,3,34,0.1,91.8,Enterprise,Online,D. Rossi,false
SO-104773,2024-09-20,NA,Mexico,Pen Case Canvas,Accessories,2,22,0,44,Small Business,Online,B. Lindqvist,false
SO-100332,2024-09-21,EU,France,Fountain Pen Brass,Writing,1,79,0.1,71.1,Small Business,Retail,C. Nakamura,false
SO-100479,2024-09-21,EU,United Kingdom,Fountain Pen Classic,Writing,1,48,0,48,Consumer,Online,H. Silva,false
SO-101213,2024-09-21,EU,France,Calligraphy Starter Kit,Writing,1,58,0,58,Consumer,Online,G. Patel,true
SO-101401,2024-09-21,MEA,United Arab Emirates,Gel Pen 5-pack,Writing,1,9.9,0.1,8.91,Enterprise,Online,C. Nakamura,false
SO-101524,2024-09-21,APAC,India,Quill Notebook A5,Stationery,1,12.5,0,12.5,Consumer,Online,F. Moreau,false
SO-102083,2024-09-21,EU,Germany,Gel Pen 5-pack,Writing,1,9.9,0,9.9,Consumer,Online,G. Patel,false
SO-102127,2024-09-21,EU,Netherlands,Leather Journal Cover,Accessories,1,42,0,42,Enterprise,Wholesale,F. Moreau,false
SO-102477,2024-09-21,EU,France,Ink Cartridge Midnight,Ink,2,6.5,0,13,Consumer,Online,E. Haddad,false
SO-103813,2024-09-21,LATAM,Chile,Planner 2024,Stationery,1,24,0,24,Small Business,Retail,G. Patel,false
SO-103858,2024-09-21,LATAM,Argentina,Calligraphy Starter Kit,Writing,10,58,0.05,551,Consumer,Online,C. Nakamura,false
SO-105724,2024-09-21,APAC,India,Fountain Pen Classic,Writing,1,48,0,48,Consumer,Online,C. Nakamura,false
SO-100757,2024-09-22,APAC,Australia,Desk Mat Linen,Desk,1,34,0,34,Small Business,Online,F. Moreau,false
SO-100940,2024-09-22,EU,France,Fountain Pen Classic,Writing,1,48,0,48,Small Business,Retail,C. Nakamura,false
SO-100947,2024-09-22,MEA,United Arab Emirates,Sticky Notes Pastel,Stationery,2,5.5,0.05,10.45,Enterprise,Retail,A. Okafor,false
SO-101262,2024-09-22,NA,United States,Quill Notebook A5,Stationery,2,12.5,0,25,Consumer,Wholesale,H. Silva,false
SO-101839,2024-09-22,EU,Spain,Fountain Pen Classic,Writing,1,48,0.1,43.2,Consumer,Online,G. Patel,false
SO-102895,2024-09-22,EU,Netherlands,Quill Notebook A4,Stationery,5,16,0,80,Consumer,Retail,F. Moreau,false
SO-103151,2024-09-22,APAC,Japan,Quill Notebook A5,Stationery,3,12.5,0.05,35.63,Consumer,Online,D. Rossi,false
SO-103533,2024-09-22,MEA,United Arab Emirates,Pen Case Canvas,Accessories,3,22,0,66,Small Business,Online,D. Rossi,false
SO-103680,2024-09-22,LATAM,Brazil,Ink Bottle Sepia 50ml,Ink,2,18,0,36,Consumer,Online,E. Haddad,false
SO-103803,2024-09-22,LATAM,Chile,Pen Case Canvas,Accessories,1,22,0,22,Small Business,Online,F. Moreau,false
SO-104149,2024-09-22,EU,France,Pen Stand Walnut,Desk,2,29,0.05,55.1,Consumer,Online,D. Rossi,false
SO-101167,2024-09-23,EU,United Kingdom,Pen Stand Walnut,Desk,2,29,0,58,Consumer,Online,D. Rossi,false
SO-101281,2024-09-23,APAC,Singapore,Desk Mat Linen,Desk,2,34,0,68,Consumer,Wholesale,G. Patel,false
SO-101679,2024-09-23,MEA,Kenya,Pen Stand Walnut,Desk,1,29,0,29,Small Business,Wholesale,F. Moreau,false
SO-105464,2024-09-23,MEA,United Arab Emirates,Quill Notebook A5,Stationery,5,12.5,0,62.5,Small Business,Retail,H. Silva,false
SO-100826,2024-09-24,LATAM,Chile,Fountain Pen Brass,Writing,1,79,0.2,63.2,Small Business,Online,G. Patel,false
SO-100835,2024-09-24,EU,Germany,Fountain Pen Brass,Writing,2,79,0,158,Small Business,Retail,A. Okafor,false
SO-101113,2024-09-24,EU,Netherlands,Ink Bottle Sepia 50ml,Ink,2,18,0.05,34.2,Small Business,Online,E. Haddad,false
SO-101541,2024-09-24,LATAM,Brazil,Gel Pen 5-pack,Writing,10,9.9,0.2,79.2,Small Business,Retail,E. Haddad,false
SO-102096,2024-09-24,NA,United States,Fountain Pen Classic,Writing,10,48,0,480,Consumer,Online,H. Silva,false
SO-102603,2024-09-24,NA,Mexico,Monitor Riser Oak,Desk,1,64,0,64,Small Business,Online,H. Silva,false
SO-103081,2024-09-24,MEA,Kenya,Ink Cartridge Midnight,Ink,3,6.5,0,19.5,Consumer,Online,A. Okafor,false
SO-104709,2024-09-24,NA,United States,Gel Pen 5-pack,Writing,1,9.9,0,9.9,Small Business,Online,E. Haddad,false
SO-105033,2024-09-24,EU,France,Fountain Pen Brass,Writing,5,79,0,395,Consumer,Online,C. Nakamura,false
SO-105539,2024-09-24,APAC,Japan,Planner 2024,Stationery,2,24,0,48,Consumer,Online,H. Silva,false
SO-101705,2024-09-25,EU,United Kingdom,Calligraphy Starter Kit,Writing,1,58,0,58,Consumer,Online,E. Haddad,false
SO-101793,2024-09-25,APAC,Singapore,Calligraphy Starter Kit,Writing,1,58,0,58,Small Business,Retail,C. Nakamura,false
SO-102407,2024-09-25,APAC,Singapore,Calligraphy Starter Kit,Writing,1,58,0,58,Consumer,Retail,G. Patel,false
SO-102847,2024-09-25,MEA,Kenya,Pen Stand Walnut,Desk,2,29,0,58,Consumer,Online,C. Nakamura,false
SO-103394,2024-09-25,LATAM,Argentina,Pen Case Canvas,Accessories,3,22,0,66,Small Business,Online,H. Silva,false
SO-104603,2024-09-25,NA,United States,Quill Notebook A4,Stationery,2,16,0,32,Consumer,Online,H. Silva,false
SO-105330,2024-09-25,EU,Germany,Quill Notebook A4,Stationery,1,16,0,16,Consumer,Retail,A. Okafor,false
SO-100044,2024-09-26,MEA,United Arab Emirates,Planner 2024,Stationery,2,24,0.1,43.2,Consumer,Online,A. Okafor,false
SO-100447,2024-09-26,APAC,Japan,Ink Bottle Sepia 50ml,Ink,2,18,0.05,34.2,Enterprise,Wholesale,D. Rossi,false
SO-101283,2024-09-26,EU,Germany,Leather Journal Cover,Accessories,1,42,0,42,Consumer,Online,A. Okafor,false
SO-101537,2024-09-26,LATAM,Brazil,Monitor Riser Oak,Desk,5,64,0,320,Consumer,Retail,C. Nakamura,false
SO-101606,2024-09-26,MEA,Kenya,Fountain Pen Brass,Writing,1,79,0.05,75.05,Consumer,Retail,C. Nakamura,false
SO-101694,2024-09-26,NA,United States,Fountain Pen Brass,Writing,2,79,0.1,142.2,Small Business,Retail,A. Okafor,false
SO-102128,2024-09-26,NA,Mexico,Quill Notebook A4,Stationery,5,16,0.05,76,Enterprise,Online,A. Okafor,false
SO-102601,2024-09-26,APAC,Japan,Monitor Riser Oak,Desk,3,64,0.05,182.4,Consumer,Online,D. Rossi,false
SO-103238,2024-09-26,MEA,United Arab Emirates,Leather Journal Cover,Accessories,2,42,0,84,Small Business,Online,C. Nakamura,false
SO-103320,2024-09-26,APAC,India,Monitor Riser Oak,Desk,3,64,0,192,Consumer,Wholesale,D. Rossi,false
SO-103867,2024-09-26,EU,Germany,Monitor Riser Oak,Desk,2,64,0,128,Consumer,Retail,F. Moreau,false
SO-104726,2024-09-26,APAC,Japan,Fountain Pen Brass,Writing,3,79,0.1,213.3,Consumer,Wholesale,C. Nakamura,false
SO-105079,2024-09-26,NA,United States,Desk Mat Linen,Desk,3,34,0.05,96.9,Consumer,Retail,E. Haddad,false
SO-105574,2024-09-26,MEA,South Africa,Quill Notebook A4,Stationery,1,16,0,16,Small Business,Online,B. Lindqvist,false
SO-100150,2024-09-27,EU,United Kingdom,Leather Journal Cover,Accessories,1,42,0,42,Small Business,Online,H. Silva,false
SO-100537,2024-09-27,LATAM,Argentina,Gel Pen 5-pack,Writing,1,9.9,0,9.9,Consumer,Retail,F. Moreau,false
SO-101467,2024-09-27,LATAM,Argentina,Sticky Notes Pastel,Stationery,2,5.5,0,11,Consumer,Online,B. Lindqvist,false
SO-101671,2024-09-27,MEA,South Africa,Pen Case Canvas,Accessories,1,22,0,22,Consumer,Retail,A. Okafor,false
SO-103546,2024-09-27,MEA,United Arab Emirates,Gel Pen 5-pack,Writing,3,9.9,0,29.7,Small Business,Online,A. Okafor,false
SO-104029,2024-09-27,APAC,India,Desk Mat Linen,Desk,2,34,0,68,Enterprise,Wholesale,D. Rossi,false
SO-104658,2024-09-27,APAC,India,Calligraphy Starter Kit,Writing,2,58,0,116,Small Business,Retail,B. Lindqvist,false
SO-104933,2024-09-27,EU,Germany,Ink Bottle Sepia 50ml,Ink,2,18,0,36,Small Business,Online,G. Patel,false
SO-105379,2024-09-27,NA,United States,Pen Case Canvas,Accessories,2,22,0,44,Consumer,Online,F. Moreau,false
SO-101330,2024-09-28,LATAM,Argentina,Quill Notebook A5,Stationery,1,12.5,0.05,11.88,Small Business,Retail,B. Lindqvist,false
SO-101591,2024-09-28,APAC,Singapore,Monitor Riser Oak,Desk,2,64,0,128,Small Business,Online,E. Haddad,false
SO-104533,2024-09-28,NA,Canada,Quill Notebook A4,Stationery,1,16,0,16,Consumer,Online,B. Lindqvist,false
SO-104668,2024-09-28,LATAM,Chile,Quill Notebook A4,Stationery,1,16,0,16,Small Business,Online,E. Haddad,false
SO-105662,2024-09-28,MEA,Kenya,Monitor Riser Oak,Desk,5,64,0,320,Small Business,Retail,A. Okafor,false
SO-105948,2024-09-28,EU,Netherlands,Quill Notebook A5,Stationery,1,12.5,0.2,10,Small Business,Online,F. Moreau,false
SO-100081,2024-09-29,LATAM,Argentina,Ink Bottle Sepia 50ml,Ink,1,18,0.05,17.1,Small Business,Retail,B. Lindqvist,false
SO-100310,2024-09-29,NA,Mexico,Desk Mat Linen,Desk,2,34,0,68,Consumer,Online,A. Okafor,false
SO-100371,2024-09-29,MEA,United Arab Emirates,Gel Pen 5-pack,Writing,2,9.9,0,19.8,Small Business,Wholesale,G. Patel,false
SO-101953,2024-09-29,NA,United States,Monitor Riser Oak,Desk,2,64,0.05,121.6,Small Business,Retail,H. Silva,false
SO-103231,2024-09-29,EU,Spain,Ink Cartridge Midnight,Ink,3,6.5,0,19.5,Enterprise,Retail,D. Rossi,false
SO-104606,2024-09-29,LATAM,Argentina,Calligraphy Starter Kit,Writing,2,58,0,116,Consumer,Online,D. Rossi,false
SO-105169,2024-09-29,LATAM,Chile,Quill Notebook A4,Stationery,3,16,0.2,38.4,Small Business,Online,A. Okafor,false
SO-100624,2024-09-30,LATAM,Chile,Monitor Riser Oak,Desk,5,64,0.05,304,Small Business,Online,G. Patel,false
SO-102011,2024-09-30,MEA,United Arab Emirates,Ink Bottle Sepia 50ml,Ink,5,18,0,90,Consumer,Online,F. Moreau,false
SO-104485,2024-09-30,EU,Netherlands,Monitor Riser Oak,Desk,2,64,0.1,115.2,Small Business,Retail,C. Nakamura,false
SO-104534,2024-09-30,MEA,United Arab Emirates,Gel Pen 5-pack,Writing,2,9.9,0,19.8,Enterprise,Online,H. Silva,false
SO-105595,2024-09-30,LATAM,Brazil,Calligraphy Starter Kit,Writing,1,58,0,58,Small Business,Online,D. Rossi,false
SO-105877,2024-09-30,LATAM,Chile,Ink Cartridge Midnight,Ink,10,6.5,0.05,61.75,Consumer,Retail,A. Okafor,false
SO-100308,2024-10-01,LATAM,Argentina,Quill Notebook A4,Stationery,1,16,0.05,20.52,Consumer,Online,F. Moreau,false
SO-100543,2024-10-01,LATAM,Brazil,Ink Bottle Sepia 50ml,Ink,1,18,0,24.3,Consumer,Online,H. Silva,false
SO-101219,2024-10-01,APAC,Japan,Sticky Notes Pastel,Stationery,5,5.5,0,37.13,Small Business,Online,C. Nakamura,false
SO-101578,2024-10-01,MEA,Kenya,Planner 2024,Stationery,2,24,0,64.8,Enterprise,Online,A. Okafor,false
SO-102089,2024-10-01,LATAM,Argentina,Desk Mat Linen,Desk,1,34,0,45.9,Consumer,Online,F. Moreau,false
SO-102266,2024-10-01,APAC,Australia,Ink Cartridge Midnight,Ink,1,6.5,0.05,8.34,Small Business,Retail,F. Moreau,false
SO-102270,2024-10-01,NA,Canada,Ink Cartridge Midnight,Ink,1,6.5,0.05,8.34,Consumer,Online,B. Lindqvist,false
SO-102494,2024-10-01,NA,Canada,Quill Notebook A4,Stationery,2,16,0,43.2,Enterprise,Online,B. Lindqvist,false
SO-102643,2024-10-01,LATAM,Brazil,Ink Bottle Sepia 50ml,Ink,2,18,0,48.6,Small Business,Retail,D. Rossi,false
SO-103872,2024-10-01,NA,Canada,Monitor Riser Oak,Desk,1,64,0,86.4,Enterprise,Online,G. Patel,false
SO-104204,2024-10-01,MEA,Kenya,Pen Case Canvas,Accessories,10,22,0,297,Consumer,Online,F. Moreau,false
SO-102424,2024-10-02,NA,Mexico,Ink Cartridge Midnight,Ink,2,6.5,0,17.55,Consumer,Wholesale,C. Nakamura,false
SO-103154,2024-10-02,LATAM,Chile,Gel Pen 5-pack,Writing,3,9.9,0.05,38.09,Consumer,Retail,B. Lindqvist,false
SO-104193,2024-10-02,NA,Canada,Pen Case Canvas,Accessories,2,22,0,59.4,Consumer,Online,A. Okafor,false
SO-104362,2024-10-02,EU,Spain,Monitor Riser Oak,Desk,10,64,0.2,691.2,Consumer,Retail,H. Silva,false
SO-105564,2024-10-02,NA,United States,Leather Journal Cover,Accessories,2,42,0.05,107.73,Consumer,Online,F. Moreau,false
SO-100128,2024-10-03,NA,Mexico,Desk Mat Linen,Desk,3,34,0,137.7,Enterprise,Online,A. Okafor,false
SO-100204,2024-10-03,NA,United States,Quill Notebook A5,Stationery,1,12.5,0,16.88,Consumer,Online,G. Patel,false
SO-100617,2024-10-03,MEA,Kenya,Ink Cartridge Midnight,Ink,1,6.5,0,8.78,Small Business,Online,G. Patel,false
SO-101049,2024-10-03,APAC,Singapore,Ink Bottle Sepia 50ml,Ink,5,18,0,121.5,Consumer,Wholesale,G. Patel,false
SO-101322,2024-10-03,MEA,South Africa,Leather Journal Cover,Accessories,1,42,0,56.7,Enterprise,Online,G. Patel,false
SO-103248,2024-10-03,APAC,Singapore,Monitor Riser Oak,Desk,2,64,0,172.8,Consumer,Online,H. Silva,false
SO-103383,2024-10-03,LATAM,Chile,Pen Stand Walnut,Desk,2,29,0,78.3,Small Business,Online,D. Rossi,true
SO-103826,2024-10-03,MEA,United Arab Emirates,Ink Bottle Sepia 50ml,Ink,2,18,0,48.6,Consumer,Online,C. Nakamura,false
SO-100021,2024-10-04,NA,United States,Pen Stand Walnut,Desk,1,29,0.1,35.24,Consumer,Retail,F. Moreau,false
SO-100140,2024-10-04,LATAM,Argentina,Planner 2024,Stationery,5,24,0,162,Consumer,Online,A. Okafor,false
SO-100574,2024-10-04,MEA,South Africa,Quill Notebook A5,Stationery,1,12.5,0,16.88,Consumer,Online,F. Moreau,false
SO-101407,2024-10-04,APAC,Australia,Fountain Pen Classic,Writing,2,48,0,129.6,Consumer,Online,B. Lindqvist,false
SO-102174,2024-10-04,LATAM,Chile,Gel Pen 5-pack,Writing,3,9.9,0,40.1,Consumer,Online,B. Lindqvist,false
SO-102506,2024-10-04,NA,Mexico,Ink Bottle Sepia 50ml,Ink,1,18,0.2,19.44,Small Business,Online,F. Moreau,false
SO-104500,2024-10-04,LATAM,Brazil,Gel Pen 5-pack,Writing,1,9.9,0.1,12.03,Small Business,Online,H. Silva,false
SO-105034,2024-10-04,NA,United States,Monitor Riser Oak,Desk,2,64,0.05,164.16,Small Business,Retail,C. Nakamura,false
SO-105102,2024-10-04,EU,Germany,Fountain Pen Brass,Writing,1,79,0.05,101.32,Consumer,Online,D. Rossi,false
SO-100085,2024-10-05,EU,France,Desk Mat Linen,Desk,2,34,0.05,87.21,Small Business,Retail,A. Okafor,false
SO-101459,2024-10-05,MEA,United Arab Emirates,Pen Case Canvas,Accessories,1,22,0.05,28.22,Consumer,Online,E. Haddad,false
SO-102054,2024-10-05,LATAM,Chile,Quill Notebook A5,Stationery,1,12.5,0,16.88,Consumer,Online,B. Lindqvist,false
SO-102325,2024-10-05,APAC,Singapore,Pen Stand Walnut,Desk,2,29,0,78.3,Consumer,Online,D. Rossi,false
SO-102891,2024-10-05,EU,Germany,Pen Stand Walnut,Desk,3,29,0.1,105.71,Consumer,Online,H. Silva,false
SO-103171,2024-10-05,MEA,South Africa,Fountain Pen Classic,Writing,2,48,0.05,123.12,Consumer,Online,F. Moreau,true
SO-104060,2024-10-05,MEA,United Arab Emirates,Quill Notebook A5,Stationery,3,12.5,0,50.63,Consumer,Online,A. Okafor,false
SO-105328,2024-10-05,APAC,Australia,Calligraphy Starter Kit,Writing,2,58,0.05,148.77,Consumer,Online,E. Haddad,false
SO-105356,2024-10-05,EU,Netherlands,Gel Pen 5-pack,Writing,1,9.9,0.1,12.03,Small Business,Online,D. Rossi,false
SO-101161,2024-10-06,EU,Netherlands,Gel Pen 5-pack,Writing,1,9.9,0,13.37,Consumer,Retail,G. Patel,false
SO-101424,2024-10-06,NA,Mexico,Monitor Riser Oak,Desk,10,64,0.1,777.6,Consumer,Online,F. Moreau,false
SO-101903,2024-10-06,LATAM,Chile,Sticky Notes Pastel,Stationery,2,5.5,0,14.85,Small Business,Wholesale,E. Haddad,false
SO-103842,2024-10-06,LATAM,Brazil,Pen Stand Walnut,Desk,3,29,0.05,111.58,Consumer,Retail,F. Moreau,false
SO-104223,2024-10-06,APAC,Australia,Fountain Pen Brass,Writing,1,79,0,106.65,Small Business,Online,D. Rossi,false
SO-100057,2024-10-07,APAC,Japan,Calligraphy Starter Kit,Writing,2,58,0.05,148.77,Consumer,Online,C. Nakamura,false
SO-101523,2024-10-07,EU,Germany,Leather Journal Cover,Accessories,2,42,0,113.4,Small Business,Online,C. Nakamura,false
SO-102584,2024-10-07,EU,Germany,Pen Stand Walnut,Desk,3,29,0,117.45,Enterprise,Online,F. Moreau,false
SO-102788,2024-10-07,MEA,Kenya,Quill Notebook A5,Stationery,1,12.5,0,16.88,Small Business,Online,G. Patel,false
SO-104976,2024-10-07,APAC,India,Fountain Pen Brass,Writing,1,79,0,106.65,Small Business,Online,D. Rossi,false
SO-105301,2024-10-07,NA,Mexico,Gel Pen 5-pack,Writing,2,9.9,0,26.73,Small Business,Online,G. Patel,false
SO-105707,2024-10-07,NA,Canada,Desk Mat Linen,Desk,3,34,0.05,130.82,Consumer,Online,D. Rossi,false
SO-100572,2024-10-08,NA,Canada,Ink Cartridge Midnight,Ink,1,6.5,0,8.78,Consumer,Online,A. Okafor,false
SO-101139,2024-10-08,EU,United Kingdom,Ink Bottle Sepia 50ml,Ink,1,18,0,24.3,Small Business,Online,B. Lindqvist,true
SO-101573,2024-10-08,EU,Germany,Monitor Riser Oak,Desk,2,64,0,172.8,Small Business,Online,H. Silva,false
SO-103750,2024-10-08,LATAM,Chile,Leather Journal Cover,Accessories,3,42,0.1,153.09,Consumer,Online,E. Haddad,false
SO-104201,2024-10-08,APAC,Japan,Quill Notebook A4,Stationery,1,16,0,21.6,Small Business,Retail,G. Patel,false
SO-104480,2024-10-08,APAC,Australia,Pen Stand Walnut,Desk,3,29,0.1,105.71,Small Business,Retail,H. Silva,false
SO-100389,2024-10-09,APAC,Japan,Quill Notebook A5,Stationery,2,12.5,0.2,27,Consumer,Online,F. Moreau,false
SO-101708,2024-10-09,MEA,South Africa,Fountain Pen Classic,Writing,5,48,0,324,Consumer,Online,D. Rossi,false
SO-101867,2024-10-09,LATAM,Argentina,Quill Notebook A4,Stationery,1,16,0,21.6,Small Business,Retail,B. Lindqvist,false
SO-102453,2024-10-09,EU,Spain,Ink Bottle Sepia 50ml,Ink,2,18,0,48.6,Enterprise,Online,C. Nakamura,false
SO-104739,2024-10-09,EU,United Kingdom,Pen Case Canvas,Accessories,1,22,0,29.7,Small Business,Online,F. Moreau,false
SO-104874,2024-10-09,LATAM,Chile,Quill Notebook A5,Stationery,2,12.5,0.05,32.06,Consumer,Online,G. Patel,false
SO-105727,2024-10-09,APAC,Singapore,Gel Pen 5-pack,Writing,1,9.9,0,13.37,Small Business,Wholesale,A. Okafor,false
SO-105872,2024-10-09,APAC,Japan,Leather Journal Cover,Accessories,1,42,0,56.7,Enterprise,Retail,F. Moreau,false
SO-101289,2024-10-10,MEA,Kenya,Desk Mat Linen,Desk,3,34,0,137.7,Consumer,Online,G. Patel,false
SO-102962,2024-10-10,LATAM,Argentina,Sticky Notes Pastel,Stationery,1,5.5,0.05,7.05,Consumer,Online,D. Rossi,false
SO-103027,2024-10-10,LATAM,Chile,Quill Notebook A5,Stationery,1,12.5,0,16.88,Enterprise,Retail,F. Moreau,false
SO-104501,2024-10-10,NA,United States,Fountain Pen Brass,Writing,1,79,0.1,95.99,Consumer,Online,G. Patel,true
SO-104646,2024-10-10,NA,Mexico,Sticky Notes Pastel,Stationery,1,5.5,0,7.43,Consumer,Retail,H. Silva,false
SO-100922,2024-10-11,MEA,United Arab Emirates,Fountain Pen Brass,Writing,1,79,0,106.65,Consumer,Online,D. Rossi,false
SO-102417,2024-10-11,MEA,South Africa,Ink Cartridge Midnight,Ink,2,6.5,0,17.55,Small Business,Retail,F. Moreau,false
SO-102614,2024-10-11,APAC,Singapore,Planner 2024,Stationery,1,24,0,32.4,Small Business,Retail,F. Moreau,false
SO-103131,2024-10-11,LATAM,Argentina,Quill Notebook A5,Stationery,2,12.5,0.1,30.38,Small Business,Retail,B. Lindqvist,false
SO-103758,2024-10-11,MEA,South Africa,Monitor Riser Oak,Desk,1,64,0,86.4,Small Business,Online,D. Rossi,false
SO-104863,2024-10-11,LATAM,Brazil,Quill Notebook A5,Stationery,1,12.5,0,16.88,Consumer,Online,A. Okafor,false
SO-101505,2024-10-12,EU,France,Monitor Riser Oak,Desk,1,64,0,86.4,Consumer,Retail,C. Nakamura,false
SO-101941,2024-10-12,NA,United States,Pen Case Canvas,Accessories,1,22,0.05,28.22,Consumer,Online,F. Moreau,false
SO-103100,2024-10-12,MEA,South Africa,Ink Bottle Sepia 50ml,Ink,2,18,0,48.6,Consumer,Online,D. Rossi,false
SO-103642,2024-10-12,MEA,United Arab Emirates,Quill Notebook A4,Stationery,1,16,0,21.6,Small Business,Retail,F. Moreau,false
SO-104118,2024-10-12,APAC,Australia,Pen Stand Walnut,Desk,2,29,0.2,62.64,Enterprise,Online,C. Nakamura,false
SO-105653,2024-10-12,NA,Mexico,Planner 2024,Stationery,2,24,0,64.8,Consumer,Retail,F. Moreau,false
SO-105663,2024-10-12,EU,Germany,Pen Stand Walnut,Desk,2,29,0.05,74.38,Enterprise,Online,B. Lindqvist,false
SO-102006,2024-10-13,EU,Germany,Desk Mat Linen,Desk,2,34,0.2,73.44,Small Business,Wholesale,H. Silva,false
SO-102200,2024-10-13,LATAM,Brazil,Gel Pen 5-pack,Writing,1,9.9,0,13.37,Consumer,Retail,C. Nakamura,false
SO-102559,2024-10-13,NA,Canada,Calligraphy Starter Kit,Writing,3,58,0,234.9,Consumer,Online,A. Okafor,true
SO-102567,2024-10-13,NA,Mexico,Gel Pen 5-pack,Writing,3,9.9,0.1,36.09,Small Business,Online,H. Silva,false
SO-103728,2024-10-13,EU,Netherlands,Sticky Notes Pastel,Stationery,1,5.5,0,7.43,Small Business,Retail,G. Patel,false
SO-103888,2024-10-13,EU,Spain,Quill Notebook A4,Stationery,1,16,0.1,19.44,Small Business,Retail,B. Lindqvist,false
SO-103927,2024-10-13,MEA,Kenya,Fountain Pen Brass,Writing,1,79,0.05,101.32,Consumer,Wholesale,A. Okafor,false
SO-100378,2024-10-14,APAC,India,Leather Journal Cover,Accessories,1,42,0.05,53.87,Consumer,Online,B. Lindqvist,false
SO-100463,2024-10-14,APAC,Japan,Sticky Notes Pastel,Stationery,1,5.5,0,7.43,Consumer,Retail,F. Moreau,false
SO-100722,2024-10-14,NA,Canada,Desk Mat Linen,Desk,1,34,0,45.9,Small Business,Online,G. Patel,false
SO-103017,2024-10-14,APAC,Australia,Quill Notebook A5,Stationery,3,12.5,0,50.63,Consumer,Online,B. Lindqvist,false
SO-100404,2024-10-15,NA,Mexico,Leather Journal Cover,Accessories,3,42,0,170.1,Enterprise,Online,C. Nakamura,false
SO-100511,2024-10-15,NA,Mexico,Fountain Pen Classic,Writing,3,48,0.05,184.68,Consumer,Wholesale,E. Haddad,false
SO-100914,2024-10-15,APAC,Japan,Monitor Riser Oak,Desk,1,64,0,86.4,Consumer,Retail,D. Rossi,false
SO-101760,2024-10-15,LATAM,Brazil,Desk Mat Linen,Desk,1,34,0.2,36.72,Small Business,Online,F. Moreau,false
SO-101842,2024-10-15,MEA,Kenya,Fountain Pen Classic,Writing,3,48,0,194.4,Small Business,Online,G. Patel,false
SO-102253,2024-10-15,MEA,Kenya,Monitor Riser Oak,Desk,2,64,0.1,155.52,Small Business,Online,A. Okafor,false
SO-103056,2024-10-15,APAC,Singapore,Sticky Notes Pastel,Stationery,3,5.5,0.1,20.05,Consumer,Retail,G. Patel,false
SO-103094,2024-10-15,LATAM,Argentina,Gel Pen 5-pack,Writing,1,9.9,0,13.37,Small Business,Online,G. Patel,false
SO-103314,2024-10-15,LATAM,Brazil,Quill Notebook A4,Stationery,2,16,0.05,41.04,Consumer,Online,F. Moreau,false
SO-104121,2024-10-15,APAC,Japan,Quill Notebook A4,Stationery,3,16,0.05,61.56,Small Business,Online,C. Nakamura,true
SO-101582,2024-10-16,EU,United Kingdom,Planner 2024,Stationery,1,24,0,32.4,Small Business,Online,H. Silva,false
SO-102474,2024-10-16,APAC,India,Leather Journal Cover,Accessories,1,42,0,56.7,Small Business,Online,H. Silva,false
SO-102899,2024-10-16,MEA,Kenya,Quill Notebook A4,Stationery,1,16,0.2,17.28,Small Business,Online,H. Silva,false
SO-103316,2024-10-16,NA,Canada,Quill Notebook A5,Stationery,1,12.5,0,16.88,Small Business,Retail,D. Rossi,false
SO-105032,2024-10-16,NA,Mexico,Sticky Notes Pastel,Stationery,1,5.5,0,7.43,Consumer,Online,C. Nakamura,false
SO-105722,2024-10-16,APAC,India,Calligraphy Starter Kit,Writing,1,58,0,78.3,Small Business,Retail,C. Nakamura,false
SO-105869,2024-10-16,MEA,United Arab Emirates,Desk Mat Linen,Desk,10,34,0.1,413.1,Small Business,Retail,B. Lindqvist,false
SO-100264,2024-10-17,MEA,South Africa,Pen Stand Walnut,Desk,2,29,0,78.3,Enterprise,Online,C. Nakamura,true
SO-100861,2024-10-17,NA,United States,Desk Mat Linen,Desk,10,34,0,459,Consumer,Wholesale,H. Silva,false
SO-100906,2024-10-17,MEA,United Arab Emirates,Quill Notebook A4,Stationery,3,16,0,64.8,Small Business,Retail,E. Haddad,false
SO-101094,2024-10-17,MEA,South Africa,Quill Notebook A4,Stationery,5,16,0,108,Consumer,Retail,A. Okafor,false
SO-101564,2024-10-17,NA,Canada,Fountain Pen Classic,Writing,1,48,0.05,61.56,Consumer,Retail,C. Nakamura,false
SO-101824,2024-10-17,EU,Netherlands,Ink Cartridge Midnight,Ink,2,6.5,0.05,16.67,Consumer,Retail,F. Moreau,false
SO-102201,2024-10-17,EU,Germany,Quill Notebook A5,Stationery,2,12.5,0.05,32.06,Small Business,Online,C. Nakamura,false
SO-103862,2024-10-17,MEA,Kenya,Pen Case Canvas,Accessories,1,22,0,29.7,Consumer,Online,F. Moreau,true
SO-104033,2024-10-17,EU,France,Pen Stand Walnut,Desk,5,29,0,195.75,Small Business,Wholesale,D. Rossi,false
SO-104145,2024-10-17,NA,Mexico,Pen Case Canvas,Accessories,1,22,0,29.7,Small Business,Retail,C. Nakamura,false
SO-104211,2024-10-17,LATAM,Chile,Desk Mat Linen,Desk,1,34,0,45.9,Enterprise,Online,B. Lindqvist,false
SO-104422,2024-10-17,MEA,Kenya,Sticky Notes Pastel,Stationery,5,5.5,0,37.13,Consumer,Retail,D. Rossi,false
SO-105404,2024-10-17,NA,United States,Quill Notebook A5,Stationery,3,12.5,0,50.63,Consumer,Retail,E. Haddad,false
SO-105885,2024-10-17,MEA,South Africa,Gel Pen 5-pack,Writing,1,9.9,0.1,12.03,Enterprise,Retail,G. Patel,false
SO-100695,2024-10-18,MEA,South Africa,Planner 2024,Stationery,2,24,0.05,61.56,Small Business,Wholesale,G. Patel,false
SO-101932,2024-10-18,LATAM,Argentina,Quill Notebook A4,Stationery,1,16,0.1,19.44,Consumer,Online,D. Rossi,false
SO-102279,2024-10-18,MEA,United Arab Emirates,Ink Cartridge Midnight,Ink,2,6.5,0,17.55,Consumer,Wholesale,D. Rossi,false
SO-102562,2024-10-18,MEA,United Arab Emirates,Gel Pen 5-pack,Writing,1,9.9,0.2,10.69,Consumer,Online,G. Patel,false
SO-102800,2024-10-18,APAC,Australia,Ink Cartridge Midnight,Ink,1,6.5,0,8.78,Enterprise,Online,F. Moreau,false
SO-103098,2024-10-18,LATAM,Argentina,Pen Stand Walnut,Desk,2,29,0,78.3,Consumer,Online,C. Nakamura,false
SO-104166,2024-10-18,EU,Germany,Fountain Pen Classic,Writing,3,48,0,194.4,Enterprise,Online,B. Lindqvist,false
SO-105864,2024-10-18,EU,Netherlands,Calligraphy Starter Kit,Writing,2,58,0,156.6,Enterprise,Retail,H. Silva,false
SO-100227,2024-10-19,EU,United Kingdom,Gel Pen 5-pack,Writing,1,9.9,0.2,10.69,Consumer,Online,D. Rossi,false
SO-100300,2024-10-19,LATAM,Chile,Pen Stand Walnut,Desk,3,29,0,117.45,Consumer,Retail,A. Okafor,false
SO-100313,2024-10-19,NA,Canada,Pen Case Canvas,Accessories,1,22,0.05,28.22,Enterprise,Wholesale,F. Moreau,false
SO-101189,2024-10-19,NA,Mexico,Gel Pen 5-pack,Writing,1,9.9,0,13.37,Consumer,Online,A. Okafor,false
SO-101351,2024-10-19,EU,Germany,Fountain Pen Classic,Writing,1,48,0,64.8,Consumer,Online,A. Okafor,false
SO-101552,2024-10-19,APAC,Japan,Ink Bottle Sepia 50ml,Ink,2,18,0,48.6,Small Business,Online,A. Okafor,false
SO-102425,2024-10-19,NA,Canada,Calligraphy Starter Kit,Writing,1,58,0.05,74.38,Consumer,Wholesale,D. Rossi,false
SO-103029,2024-10-19,APAC,Australia,Fountain Pen Classic,Writing,1,48,0.05,61.56,Consumer,Retail,D. Rossi,false
SO-103286,2024-10-19,NA,United States,Pen Case Canvas,Accessories,10,22,0.1,267.3,Consumer,Online,F. Moreau,true
SO-103809,2024-10-19,NA,Canada,Quill Notebook A4,Stationery,1,16,0.05,20.52,Enterprise,Wholesale,D. Rossi,false
SO-104105,2024-10-19,LATAM,Brazil,Sticky Notes Pastel,Stationery,3,5.5,0,22.28,Consumer,Wholesale,D. Rossi,false
SO-104568,2024-10-19,NA,Mexico,Fountain Pen Brass,Writing,1,79,0.2,85.32,Consumer,Online,D. Rossi,false
SO-100082,2024-10-20,APAC,Australia,Fountain Pen Classic,Writing,1,48,0.1,58.32,Consumer,Online,F. Moreau,false
SO-100143,2024-10-20,MEA,Kenya,Pen Case Canvas,Accessories,2,22,0.05,56.43,Small Business,Retail,F. Moreau,false
SO-100190,2024-10-20,APAC,India,Calligraphy Starter Kit,Writing,1,58,0,78.3,Small Business,Online,E. Haddad,false
SO-100298,2024-10-20,MEA,Kenya,Fountain Pen Classic,Writing,2,48,0,129.6,Small Business,Online,A. Okafor,false
SO-100690,2024-10-20,APAC,Singapore,Gel Pen 5-pack,Writing,3,9.9,0.05,38.09,Consumer,Online,H. Silva,true
SO-100726,2024-10-20,APAC,Singapore,Quill Notebook A5,Stationery,3,12.5,0,50.63,Small Business,Online,F. Moreau,false
SO-100736,2024-10-20,EU,Germany,Sticky Notes Pastel,Stationery,1,5.5,0,7.43,Consumer,Online,C. Nakamura,false
SO-101019,2024-10-20,APAC,Japan,Sticky Notes Pastel,Stationery,1,5.5,0,7.43,Consumer,Online,E. Haddad,false
SO-101435,2024-10-20,EU,Spain,Calligraphy Starter Kit,Writing,1,58,0.05,74.38,Consumer,Online,F. Moreau,false
SO-102368,2024-10-20,APAC,Japan,Fountain Pen Classic,Writing,1,48,0,64.8,Consumer,Online,B. Lindqvist,false
SO-103033,2024-10-20,NA,Canada,Quill Notebook A5,Stationery,5,12.5,0,84.38,Consumer,Wholesale,D. Rossi,false
SO-103845,2024-10-20,APAC,India,Pen Stand Walnut,Desk,10,29,0.2,313.2,Consumer,Online,D. Rossi,false
SO-104716,2024-10-20,LATAM,Brazil,Fountain Pen Classic,Writing,2,48,0.05,123.12,Small Business,Retail,H. Silva,false
SO-104934,2024-10-20,EU,Netherlands,Quill Notebook A4,Stationery,2,16,0.05,41.04,Small Business,Online,D. Rossi,false
SO-101367,2024-10-21,MEA,South Africa,Sticky Notes Pastel,Stationery,3,5.5,0.05,21.16,Small Business,Wholesale,H. Silva,false
SO-101828,2024-10-21,NA,United States,Ink Bottle Sepia 50ml,Ink,1,18,0,24.3,Small Business,Online,A. Okafor,false
SO-102173,2024-10-21,LATAM,Argentina,Ink Bottle Sepia 50ml,Ink,1,18,0,24.3,Consumer,Retail,G. Patel,true
SO-102707,2024-10-21,LATAM,Brazil,Monitor Riser Oak,Desk,1,64,0,86.4,Consumer,Online,H. Silva,false
SO-103560,2024-10-21,EU,France,Gel Pen 5-pack,Writing,1,9.9,0.05,12.7,Consumer,Online,H. Silva,false
SO-104878,2024-10-21,EU,Spain,Calligraphy Starter Kit,Writing,2,58,0.1,140.94,Small Business,Wholesale,C. Nakamura,false
SO-105711,2024-10-21,MEA,South Africa,Leather Journal Cover,Accessories,1,42,0.2,45.36,Small Business,Retail,C. Nakamura,false
SO-100012,2024-10-22,NA,Mexico,Monitor Riser Oak,Desk,3,64,0,259.2,Small Business,Wholesale,A. Okafor,false
SO-100452,2024-10-22,MEA,Kenya,Quill Notebook A5,Stationery,1,12.5,0,16.88,Small Business,Online,B. Lindqvist,false
SO-101590,2024-10-22,MEA,South Africa,Planner 2024,Stationery,2,24,0.1,58.32,Small Business,Retail,A. Okafor,false
SO-102107,2024-10-22,APAC,Singapore,Planner 2024,Stationery,2,24,0.2,51.84,Enterprise,Wholesale,D. Rossi,false
SO-102500,2024-10-22,MEA,South Africa,Pen Stand Walnut,Desk,5,29,0,195.75,Consumer,Online,E. Haddad,false
SO-102604,2024-10-22,LATAM,Brazil,Desk Mat Linen,Desk,2,34,0.2,73.44,Consumer,Retail,D. Rossi,false
SO-100517,2024-10-23,NA,United States,Monitor Riser Oak,Desk,2,64,0,172.8,Enterprise,Online,A. Okafor,false
SO-100885,2024-10-23,APAC,Australia,Fountain Pen Classic,Writing,1,48,0.1,58.32,Enterprise,Retail,D. Rossi,false
SO-101185,2024-10-23,NA,Canada,Calligraphy Starter Kit,Writing,1,58,0.1,70.47,Consumer,Online,C. Nakamura,false
SO-101859,2024-10-23,NA,United States,Calligraphy Starter Kit,Writing,10,58,0.1,704.7,Small Business,Online,D. Rossi,false
SO-102507,2024-10-23,NA,Canada,Sticky Notes Pastel,Stationery,2,5.5,0.1,13.37,Consumer,Online,H. Silva,false
SO-102939,2024-10-23,MEA,Kenya,Sticky Notes Pastel,Stationery,5,5.5,0.1,33.41,Consumer,Online,F. Moreau,false
SO-103224,2024-10-23,MEA,South Africa,Leather Journal Cover,Accessories,5,42,0.05,269.33,Consumer,Online,C. Nakamura,false
SO-100459,2024-10-24,NA,United States,Gel Pen 5-pack,Writing,1,9.9,0,13.37,Consumer,Online,D. Rossi,false
SO-100744,2024-10-24,EU,France,Ink Bottle Sepia 50ml,Ink,1,18,0,24.3,Consumer,Online,C. Nakamura,false
SO-101390,2024-10-24,APAC,India,Pen Stand Walnut,Desk,1,29,0,39.15,Consumer,Online,A. Okafor,false
SO-101446,2024-10-24,NA,United States,Gel Pen 5-pack,Writing,3,9.9,0,40.1,Consumer,Retail,C. Nakamura,false
SO-101908,2024-10-24,APAC,Australia,Planner 2024,Stationery,2,24,0.05,61.56,Small Business,Online,A. Okafor,false
SO-103325,2024-10-24,APAC,Australia,Quill Notebook A4,Stationery,1,16,0,21.6,Small Business,Retail,B. Lindqvist,false
SO-103880,2024-10-24,EU,France,Fountain Pen Classic,Writing,1,48,0.1,58.32,Consumer,Online,D. Rossi,false
SO-105412,2024-10-24,APAC,Japan,Fountain Pen Classic,Writing,1,48,0,64.8,Consumer,Retail,A. Okafor,false
SO-100114,2024-10-25,MEA,Kenya,Calligraphy Starter Kit,Writing,5,58,0.1,352.35,Consumer,Online,D. Rossi,false
SO-100217,2024-10-25,NA,Canada,Gel Pen 5-pack,Writing,1,9.9,0,13.37,Small Business,Online,A. Okafor,false
SO-100252,2024-10-25,LATAM,Chile,Ink Bottle Sepia 50ml,Ink,1,18,0.05,23.08,Consumer,Online,H. Silva,false
SO-101174,2024-10-25,EU,Spain,Ink Bottle Sepia 50ml,Ink,1,18,0.05,23.08,Enterprise,Online,D. Rossi,false
SO-101569,2024-10-25,EU,United Kingdom,Pen Case Canvas,Accessories,1,22,0,29.7,Consumer,Online,A. Okafor,false
SO-101816,2024-10-25,EU,Netherlands,Gel Pen 5-pack,Writing,1,9.9,0,13.37,Small Business,Retail,D. Rossi,false
SO-103476,2024-10-25,NA,Mexico,Fountain Pen Brass,Writing,1,79,0,106.65,Small Business,Online,B. Lindqvist,false
SO-103844,2024-10-25,MEA,United Arab Emirates,Ink Cartridge Midnight,Ink,2,6.5,0.05,16.67,Small Business,Online,H. Silva,false
SO-104502,2024-10-25,EU,France,Planner 2024,Stationery,10,24,0,324,Consumer,Online,E. Haddad,false
SO-105919,2024-10-25,MEA,South Africa,Calligraphy Starter Kit,Writing,2,58,0,156.6,Enterprise,Online,G. Patel,false
SO-100529,2024-10-26,EU,France,Planner 2024,Stationery,1,24,0.05,30.78,Small Business,Online,D. Rossi,false
SO-101623,2024-10-26,MEA,Kenya,Leather Journal Cover,Accessories,1,42,0,56.7,Consumer,Online,B. Lindqvist,false
SO-103667,2024-10-26,NA,Canada,Pen Stand Walnut,Desk,1,29,0.1,35.24,Consumer,Online,E. Haddad,false
SO-103792,2024-10-26,EU,Netherlands,Ink Cartridge Midnight,Ink,2,6.5,0,17.55,Small Business,Online,B. Lindqvist,false
SO-104030,2024-10-26,MEA,Kenya,Monitor Riser Oak,Desk,1,64,0,86.4,Consumer,Retail,A. Okafor,false
SO-104255,2024-10-26,LATAM,Argentina,Sticky Notes Pastel,Stationery,2,5.5,0.05,14.11,Small Business,Retail,F. Moreau,false
SO-104983,2024-10-26,EU,United Kingdom,Monitor Riser Oak,Desk,2,64,0,172.8,Consumer,Retail,A. Okafor,true
SO-105468,2024-10-26,APAC,Australia,Calligraphy Starter Kit,Writing,3,58,0.1,211.41,Consumer,Retail,F. Moreau,false
SO-100258,2024-10-27,MEA,United Arab Emirates,Quill Notebook A5,Stationery,2,12.5,0,33.75,Consumer,Wholesale,A. Okafor,false
SO-100637,2024-10-27,NA,Canada,Planner 2024,Stationery,2,24,0,64.8,Consumer,Online,B. Lindqvist,false
SO-100846,2024-10-27,MEA,Kenya,Quill Notebook A4,Stationery,1,16,0,21.6,Consumer,Online,C. Nakamura,false
SO-102209,2024-10-27,APAC,Japan,Quill Notebook A5,Stationery,1,12.5,0.1,15.19,Small Business,Online,G. Patel,false
SO-102841,2024-10-27,MEA,South Africa,Pen Case Canvas,Accessories,3,22,0.05,84.65,Consumer,Online,H. Silva,false
SO-103668,2024-10-27,APAC,Australia,Pen Case Canvas,Accessories,2,22,0.2,47.52,Small Business,Retail,E. Haddad,false
SO-104080,2024-10-27,LATAM,Chile,Fountain Pen Classic,Writing,2,48,0.05,123.12,Consumer,Online,F. Moreau,false
SO-104661,2024-10-27,EU,France,Monitor Riser Oak,Desk,1,64,0.1,77.76,Consumer,Online,F. Moreau,false
SO-104857,2024-10-27,MEA,Kenya,Ink Bottle Sepia 50ml,Ink,2,18,0,48.6,Small Business,Retail,C. Nakamura,false
SO-105547,2024-10-27,MEA,South Africa,Quill Notebook A5,Stationery,1,12.5,0,16.88,Small Business,Online,D. Rossi,false
SO-105753,2024-10-27,MEA,United Arab Emirates,Fountain Pen Classic,Writing,3,48,0.05,184.68,Consumer,Online,C. Nakamura,false
SO-105982,2024-10-27,APAC,Singapore,Ink Cartridge Midnight,Ink,2,6.5,0,17.55,Consumer,Online,F. Moreau,false
SO-100917,2024-10-28,MEA,Kenya,Leather Journal Cover,Accessories,1,42,0.2,45.36,Consumer,Online,H. Silva,false
SO-101190,2024-10-28,NA,Mexico,Sticky Notes Pastel,Stationery,1,5.5,0,7.43,Small Business,Online,C. Nakamura,false
SO-101314,2024-10-28,NA,Canada,Sticky Notes Pastel,Stationery,5,5.5,0.2,29.7,Consumer,Wholesale,F. Moreau,false
SO-101542,2024-10-28,LATAM,Argentina,Monitor Riser Oak,Desk,1,64,0,86.4,Consumer,Online,E. Haddad,false
SO-103049,2024-10-28,APAC,India,Desk Mat Linen,Desk,1,34,0,45.9,Consumer,Retail,F. Moreau,false
SO-104613,2024-10-28,EU,France,Fountain Pen Classic,Writing,1,48,0,64.8,Consumer,Online,H. Silva,false
SO-105275,2024-10-28,LATAM,Brazil,Quill Notebook A4,Stationery,2,16,0,43.2,Consumer,Online,A. Okafor,false
SO-100151,2024-10-29,EU,France,Calligraphy Starter Kit,Writing,1,58,0.05,74.38,Small Business,Wholesale,H. Silva,false
SO-101420,2024-10-29,APAC,Australia,Planner 2024,Stationery,1,24,0.05,30.78,Consumer,Online,A. Okafor,false
SO-101989,2024-10-29,EU,Spain,Pen Case Canvas,Accessories,3,22,0,89.1,Consumer,Wholesale,F. Moreau,false
SO-102525,2024-10-29,LATAM,Argentina,Gel Pen 5-pack,Writing,3,9.9,0,40.1,Small Business,Online,B. Lindqvist,false
SO-104991,2024-10-29,NA,United States,Monitor Riser Oak,Desk,1,64,0,86.4,Small Business,Online,C. Nakamura,false
SO-105413,2024-10-29,EU,United Kingdom,Monitor Riser Oak,Desk,1,64,0.1,77.76,Small Business,Retail,B. Lindqvist,false
SO-105454,2024-10-29,LATAM,Chile,Quill Notebook A4,Stationery,1,16,0.1,19.44,Consumer,Online,H. Silva,false
SO-105461,2024-10-29,APAC,Singapore,Leather Journal Cover,Accessories,5,42,0,283.5,Enterprise,Retail,C. Nakamura,true
SO-105584,2024-10-29,APAC,India,Fountain Pen Classic,Writing,3,48,0.1,174.96,Small Business,Online,C. Nakamura,false
SO-105748,2024-10-29,EU,France,Quill Notebook A5,Stationery,10,12.5,0.05,160.31,Consumer,Retail,G. Patel,false
SO-100473,2024-10-30,NA,Canada,Ink Cartridge Midnight,Ink,3,6.5,0.1,23.69,Consumer,Online,D. Rossi,false
SO-102146,2024-10-30,NA,United States,Sticky Notes Pastel,Stationery,3,5.5,0,22.28,Consumer,Retail,F. Moreau,false
SO-102615,2024-10-30,NA,United States,Quill Notebook A5,Stationery,5,12.5,0.05,80.16,Consumer,Retail,E. Haddad,false
SO-102627,2024-10-30,APAC,Singapore,Monitor Riser Oak,Desk,3,64,0,259.2,Small Business,Online,B. Lindqvist,false
SO-102784,2024-10-30,APAC,Singapore,Calligraphy Starter Kit,Writing,1,58,0,78.3,Consumer,Retail,A. Okafor,false
SO-103243,2024-10-30,APAC,Australia,Ink Cartridge Midnight,Ink,1,6.5,0,8.78,Consumer,Online,G. Patel,false
SO-103698,2024-10-30,MEA,South Africa,Calligraphy Starter Kit,Writing,1,58,0,78.3,Small Business,Online,A. Okafor,false
SO-104212,2024-10-30,NA,Canada,Monitor Riser Oak,Desk,1,64,0,86.4,Small Business,Online,H. Silva,false
SO-100276,2024-10-31,MEA,United Arab Emirates,Pen Stand Walnut,Desk,1,29,0,39.15,Consumer,Online,F. Moreau,false
SO-100471,2024-10-31,MEA,South Africa,Fountain Pen Classic,Writing,2,48,0,129.6,Enterprise,Retail,G. Patel,false
SO-103689,2024-10-31,NA,Canada,Pen Case Canvas,Accessories,1,22,0.05,28.22,Consumer,Online,D. Rossi,false
SO-104421,2024-10-31,NA,Mexico,Sticky Notes Pastel,Stationery,1,5.5,0.2,5.94,Enterprise,Online,H. Silva,false
SO-100034,2024-11-01,NA,Mexico,Fountain Pen Classic,Writing,2,48,0,129.6,Consumer,Retail,C. Nakamura,false
SO-101123,2024-11-01,APAC,Japan,Calligraphy Starter Kit,Writing,1,58,0.05,74.38,Enterprise,Online,H. Silva,false
SO-101248,2024-11-01,MEA,Kenya,Ink Bottle Sepia 50ml,Ink,1,18,0,24.3,Consumer,Online,E. Haddad,false
SO-101929,2024-11-01,APAC,India,Planner 2024,Stationery,3,24,0,97.2,Consumer,Wholesale,E. Haddad,false
SO-101998,2024-11-01,LATAM,Brazil,Calligraphy Starter Kit,Writing,3,58,0,234.9,Small Business,Online,B. Lindqvist,false
SO-104486,2024-11-01,LATAM,Brazil,Pen Case Canvas,Accessories,1,22,0.05,28.22,Consumer,Retail,E. Haddad,false
SO-104520,2024-11-01,LATAM,Chile,Ink Bottle Sepia 50ml,Ink,1,18,0,24.3,Consumer,Online,F. Moreau,false
SO-105044,2024-11-01,APAC,Singapore,Pen Stand Walnut,Desk,2,29,0,78.3,Small Business,Retail,C. Nakamura,false
SO-105149,2024-11-01,APAC,Singapore,Planner 2024,Stationery,2,24,0,64.8,Consumer,Wholesale,D. Rossi,false
SO-100216,2024-11-02,APAC,Singapore,Quill Notebook A4,Stationery,5,16,0,108,Small Business,Online,D. Rossi,false
SO-100588,2024-11-02,EU,United Kingdom,Sticky Notes Pastel,Stationery,1,5.5,0,7.43,Consumer,Online,H. Silva,false
SO-100684,2024-11-02,EU,Germany,Pen Case Canvas,Accessories,10,22,0.05,282.15,Small Business,Retail,D. Rossi,false
SO-101091,2024-11-02,APAC,Japan,Planner 2024,Stationery,1,24,0.05,30.78,Small Business,Wholesale,G. Patel,false
SO-101732,2024-11-02,LATAM,Brazil,Calligraphy Starter Kit,Writing,2,58,0.1,140.94,Consumer,Wholesale,H. Silva,false
SO-103277,2024-11-02,NA,United States,Planner 2024,Stationery,1,24,0.05,30.78,Consumer,Wholesale,A. Okafor,false
SO-104946,2024-11-02,EU,France,Pen Case Canvas,Accessories,1,22,0.05,28.22,Consumer,Online,C. Nakamura,false
SO-105081,2024-11-02,LATAM,Argentina,Ink Bottle Sepia 50ml,Ink,1,18,0.2,19.44,Consumer,Online,H. Silva,false
SO-105874,2024-11-02,MEA,Kenya,Desk Mat Linen,Desk,1,34,0.05,43.61,Small Business,Retail,E. Haddad,false
SO-100256,2024-11-03,MEA,Kenya,Leather Journal Cover,Accessories,3,42,0,170.1,Small Business,Online,H. Silva,false
SO-103236,2024-11-03,EU,Netherlands,Pen Stand Walnut,Desk,1,29,0.1,35.24,Small Business,Retail,G. Patel,false
SO-104049,2024-11-03,EU,Germany,Fountain Pen Brass,Writing,1,79,0,106.65,Small Business,Retail,D. Rossi,false
SO-105052,2024-11-03,EU,Spain,Ink Cartridge Midnight,Ink,2,6.5,0.05,16.67,Consumer,Online,H. Silva,false
SO-105581,2024-11-03,APAC,Singapore,Leather Journal Cover,Accessories,3,42,0,170.1,Enterprise,Retail,F. Moreau,true
SO-100214,2024-11-04,APAC,Singapore,Calligraphy Starter Kit,Writing,1,58,0.05,74.38,Small Business,Retail,B. Lindqvist,false
SO-100780,2024-11-04,NA,Canada,Ink Bottle Sepia 50ml,Ink,1,18,0,24.3,Consumer,Retail,A. Okafor,false
SO-102310,2024-11-04,MEA,South Africa,Quill Notebook A5,Stationery,1,12.5,0.05,16.03,Enterprise,Wholesale,A. Okafor,false
SO-102347,2024-11-04,MEA,South Africa,Pen Case Canvas,Accessories,5,22,0.1,133.65,Enterprise,Online,C. Nakamura,false
SO-102693,2024-11-04,LATAM,Argentina,Monitor Riser Oak,Desk,5,64,0.1,388.8,Small Business,Retail,H. Silva,false
SO-102844,2024-11-04,EU,Germany,Sticky Notes Pastel,Stationery,1,5.5,0,7.43,Small Business,Online,E. Haddad,false
SO-103114,2024-11-04,LATAM,Brazil,Calligraphy Starter Kit,Writing,1,58,0,78.3,Consumer,Wholesale,E. Haddad,false
SO-103883,2024-11-04,MEA,South Africa,Fountain Pen Classic,Writing,3,48,0.05,184.68,Small Business,Online,G. Patel,false
SO-103930,2024-11-04,MEA,South Africa,Ink Cartridge Midnight,Ink,1,6.5,0.1,7.9,Small Business,Online,D. Rossi,false
SO-104316,2024-11-04,APAC,Australia,Leather Journal Cover,Accessories,2,42,0.2,90.72,Consumer,Retail,B. Lindqvist,false
SO-104810,2024-11-04,APAC,Singapore,Quill Notebook A4,Stationery,3,16,0.2,51.84,Consumer,Retail,D. Rossi,false
SO-105638,2024-11-04,NA,Mexico,Fountain Pen Brass,Writing,5,79,0,533.25,Consumer,Wholesale,C. Nakamura,false
SO-100376,2024-11-05,MEA,Kenya,Monitor Riser Oak,Desk,1,64,0,86.4,Consumer,Retail,E. Haddad,false
SO-101266,2024-11-05,LATAM,Brazil,Desk Mat Linen,Desk,2,34,0.1,82.62,Consumer,Online,F. Moreau,false
SO-102957,2024-11-05,NA,United States,Pen Case Canvas,Accessories,2,22,0,59.4,Small Business,Online,E. Haddad,false
SO-100278,2024-11-06,MEA,Kenya,Pen Case Canvas,Accessories,1,22,0.05,28.22,Consumer,Online,E. Haddad,false
SO-100856,2024-11-06,APAC,Singapore,Fountain Pen Classic,Writing,10,48,0.05,615.6,Small Business,Retail,E. Haddad,false
SO-101056,2024-11-06,APAC,Singapore,Ink Bottle Sepia 50ml,Ink,2,18,0.1,43.74,Enterprise,Online,G. Patel,false
SO-101186,2024-11-06,APAC,Japan,Fountain Pen Brass,Writing,1,79,0,106.65,Consumer,Retail,G. Patel,false
SO-101240,2024-11-06,APAC,Japan,Desk Mat Linen,Desk,2,34,0.05,87.21,Small Business,Online,C. Nakamura,false
SO-102569,2024-11-06,APAC,Singapore,Leather Journal Cover,Accessories,1,42,0,56.7,Small Business,Online,D. Rossi,false
SO-102810,2024-11-06,MEA,South Africa,Planner 2024,Stationery,1,24,0,32.4,Small Business,Online,G. Patel,false
SO-102835,2024-11-06,APAC,Australia,Pen Case Canvas,Accessories,3,22,0,89.1,Enterprise,Retail,C. Nakamura,false
SO-103221,2024-11-06,APAC,Singapore,Gel Pen 5-pack,Writing,1,9.9,0,13.37,Consumer,Online,D. Rossi,false
SO-104076,2024-11-06,EU,Spain,Calligraphy Starter Kit,Writing,3,58,0,234.9,Consumer,Online,C. Nakamura,false
SO-104087,2024-11-06,EU,Germany,Pen Case Canvas,Accessories,1,22,0,29.7,Consumer,Retail,E. Haddad,false
SO-104160,2024-11-06,APAC,Australia,Gel Pen 5-pack,Writing,3,9.9,0,40.1,Small Business,Online,C. Nakamura,false
SO-104317,2024-11-06,LATAM,Brazil,Fountain Pen Brass,Writing,1,79,0,106.65,Small Business,Wholesale,B. Lindqvist,false
SO-105173,2024-11-06,NA,Mexico,Quill Notebook A4,Stationery,1,16,0,21.6,Enterprise,Online,A. Okafor,false
SO-101163,2024-11-07,MEA,United Arab Emirates,Leather Journal Cover,Accessories,2,42,0.2,90.72,Small Business,Retail,C. Nakamura,false
SO-102374,2024-11-07,MEA,United Arab Emirates,Pen Case Canvas,Accessories,3,22,0,89.1,Small Business,Retail,A. Okafor,false
SO-103542,2024-11-07,NA,United States,Ink Cartridge Midnight,Ink,1,6.5,0,8.78,Consumer,Online,A. Okafor,false
SO-103851,2024-11-07,MEA,United Arab Emirates,Fountain Pen Classic,Writing,3,48,0,194.4,Consumer,Retail,B. Lindqvist,false
SO-104640,2024-11-07,EU,France,Quill Notebook A4,Stationery,1,16,0,21.6,Small Business,Online,A. Okafor,false
SO-105042,2024-11-07,NA,United States,Quill Notebook A5,Stationery,1,12.5,0.05,16.03,Consumer,Online,D. Rossi,false
SO-105357,2024-11-07,LATAM,Brazil,Leather Journal Cover,Accessories,2,42,0,113.4,Small Business,Online,G. Patel,false
SO-105927,2024-11-07,LATAM,Brazil,Quill Notebook A5,Stationery,1,12.5,0.05,16.03,Consumer,Retail,G. Patel,false
SO-100703,2024-11-08,APAC,Japan,Gel Pen 5-pack,Writing,2,9.9,0.1,24.06,Small Business,Retail,H. Silva,false
SO-101510,2024-11-08,LATAM,Argentina,Pen Case Canvas,Accessories,2,22,0,59.4,Enterprise,Online,E. Haddad,false
SO-101755,2024-11-08,MEA,United Arab Emirates,Quill Notebook A5,Stationery,5,12.5,0,84.38,Small Business,Online,D. Rossi,false
SO-103021,2024-11-08,LATAM,Argentina,Fountain Pen Classic,Writing,3,48,0,194.4,Consumer,Online,H. Silva,false
SO-103766,2024-11-08,NA,Mexico,Desk Mat Linen,Desk,1,34,0,45.9,Consumer,Online,H. Silva,false
SO-104259,2024-11-08,NA,Canada,Quill Notebook A4,Stationery,1,16,0.1,19.44,Small Business,Wholesale,A. Okafor,false
SO-104314,2024-11-08,NA,United States,Fountain Pen Brass,Writing,2,79,0,213.3,Small Business,Online,D. Rossi,false
SO-100294,2024-11-09,LATAM,Argentina,Leather Journal Cover,Accessories,5,42,0.1,255.15,Small Business,Online,B. Lindqvist,false
SO-101376,2024-11-09,EU,Spain,Ink Bottle Sepia 50ml,Ink,2,18,0,48.6,Consumer,Online,H. Silva,false
SO-102221,2024-11-09,APAC,Singapore,Desk Mat Linen,Desk,5,34,0,229.5,Small Business,Retail,C. Nakamura,false
SO-104262,2024-11-09,EU,Germany,Sticky Notes Pastel,Stationery,2,5.5,0,14.85,Consumer,Online,D. Rossi,false
SO-104350,2024-11-09,EU,France,Pen Stand Walnut,Desk,2,29,0.2,62.64,Consumer,Online,B. Lindqvist,false
SO-104735,2024-11-09,EU,United Kingdom,Ink Bottle Sepia 50ml,Ink,5,18,0,121.5,Small Business,Wholesale,A. Okafor,false
SO-105313,2024-11-09,NA,Mexico,Calligraphy Starter Kit,Writing,1,58,0,78.3,Consumer,Retail,E. Haddad,false
SO-105983,2024-11-09,EU,Germany,Fountain Pen Brass,Writing,10,79,0,1066.5,Consumer,Wholesale,F. Moreau,false
SO-100472,2024-11-10,NA,Mexico,Planner 2024,Stationery,2,24,0,64.8,Consumer,Retail,D. Rossi,false
SO-100494,2024-11-10,LATAM,Chile,Sticky Notes Pastel,Stationery,1,5.5,0.05,7.05,Consumer,Online,C. Nakamura,false
SO-100768,2024-11-10,NA,Mexico,Gel Pen 5-pack,Writing,1,9.9,0,13.37,Small Business,Online,A. Okafor,false
SO-100907,2024-11-10,APAC,Singapore,Gel Pen 5-pack,Writing,5,9.9,0.1,60.14,Consumer,Online,A. Okafor,false
SO-101104,2024-11-10,LATAM,Chile,Ink Cartridge Midnight,Ink,1,6.5,0,8.78,Small Business,Retail,H. Silva,false
SO-102072,2024-11-10,LATAM,Brazil,Leather Journal Cover,Accessories,2,42,0,113.4,Enterprise,Online,B. Lindqvist,false
SO-102218,2024-11-10,NA,Mexico,Calligraphy Starter Kit,Writing,2,58,0.2,125.28,Consumer,Online,F. Moreau,false
SO-102710,2024-11-10,APAC,Singapore,Fountain Pen Brass,Writing,1,79,0.1,95.99,Consumer,Online,G. Patel,false
SO-103696,2024-11-10,LATAM,Chile,Desk Mat Linen,Desk,1,34,0,45.9,Small Business,Retail,F. Moreau,false
SO-104758,2024-11-10,NA,Mexico,Quill Notebook A4,Stationery,5,16,0,108,Consumer,Retail,H. Silva,false
SO-105525,2024-11-10,NA,Mexico,Gel Pen 5-pack,Writing,1,9.9,0,13.37,Consumer,Online,B. Lindqvist,false
SO-100514,2024-11-11,NA,Mexico,Pen Case Canvas,Accessories,2,22,0.1,53.46,Small Business,Online,G. Patel,false
SO-102157,2024-11-11,EU,Netherlands,Leather Journal Cover,Accessories,1,42,0.1,51.03,Consumer,Wholesale,H. Silva,false
SO-102365,2024-11-11,NA,Mexico,Ink Bottle Sepia 50ml,Ink,1,18,0,24.3,Consumer,Retail,H. Silva,false
SO-103060,2024-11-11,LATAM,Chile,Fountain Pen Classic,Writing,5,48,0,324,Small Business,Retail,E. Haddad,false
SO-104477,2024-11-11,EU,Germany,Quill Notebook A4,Stationery,1,16,0,21.6,Enterprise,Retail,H. Silva,false
SO-105343,2024-11-11,EU,United Kingdom,Quill Notebook A5,Stationery,3,12.5,0,50.63,Small Business,Online,H. Silva,false
SO-105700,2024-11-11,APAC,Japan,Sticky Notes Pastel,Stationery,2,5.5,0,14.85,Consumer,Online,G. Patel,false
SO-100387,2024-11-12,EU,France,Pen Case Canvas,Accessories,2,22,0,59.4,Consumer,Online,D. Rossi,false
SO-100674,2024-11-12,LATAM,Chile,Pen Case Canvas,Accessories,1,22,0.1,26.73,Enterprise,Online,G. Patel,false
SO-100711,2024-11-12,LATAM,Chile,Pen Stand Walnut,Desk,1,29,0.2,31.32,Consumer,Wholesale,D. Rossi,false
SO-100794,2024-11-12,APAC,India,Calligraphy Starter Kit,Writing,5,58,0,391.5,Consumer,Online,A. Okafor,false
SO-101577,2024-11-12,EU,Germany,Gel Pen 5-pack,Writing,2,9.9,0,26.73,Consumer,Wholesale,H. Silva,false
SO-101639,2024-11-12,NA,Mexico,Quill Notebook A5,Stationery,3,12.5,0,50.63,Consumer,Online,A. Okafor,false
SO-101778,2024-11-12,NA,Canada,Planner 2024,Stationery,1,24,0.1,29.16,Consumer,Retail,C. Nakamura,false
SO-101934,2024-11-12,NA,Mexico,Leather Journal Cover,Accessories,3,42,0,170.1,Consumer,Retail,G. Patel,false
SO-102117,2024-11-12,NA,Canada,Ink Cartridge Midnight,Ink,1,6.5,0.05,8.34,Enterprise,Online,E. Haddad,false
SO-102419,2024-11-12,NA,Mexico,Quill Notebook A4,Stationery,1,16,0,21.6,Consumer,Online,A. Okafor,false
SO-103126,2024-11-12,LATAM,Chile,Desk Mat Linen,Desk,5,34,0.05,218.03,Small Business,Online,C. Nakamura,false
SO-103498,2024-11-12,NA,United States,Pen Stand Walnut,Desk,1,29,0,39.15,Enterprise,Retail,A. Okafor,false
SO-103841,2024-11-12,MEA,South Africa,Monitor Riser Oak,Desk,2,64,0,172.8,Consumer,Online,F. Moreau,false
SO-104151,2024-11-12,LATAM,Chile,Pen Stand Walnut,Desk,3,29,0,117.45,Consumer,Online,H. Silva,false
SO-105628,2024-11-12,NA,Canada,Fountain Pen Brass,Writing,1,79,0,106.65,Consumer,Online,C. Nakamura,false
SO-100283,2024-11-13,NA,Canada,Pen Case Canvas,Accessories,1,22,0,29.7,Consumer,Retail,D. Rossi,false
SO-102342,2024-11-13,APAC,India,Sticky Notes Pastel,Stationery,2,5.5,0.05,14.11,Consumer,Online,F. Moreau,false
SO-102868,2024-11-13,APAC,India,Desk Mat Linen,Desk,1,34,0,45.9,Small Business,Retail,A. Okafor,false
SO-103449,2024-11-13,NA,Canada,Leather Journal Cover,Accessories,1,42,0,56.7,Enterprise,Wholesale,C. Nakamura,false
SO-103779,2024-11-13,MEA,United Arab Emirates,Quill Notebook A4,Stationery,5,16,0,108,Small Business,Online,B. Lindqvist,false
SO-104576,2024-11-13,APAC,India,Quill Notebook A4,Stationery,3,16,0,64.8,Enterprise,Online,G. Patel,false
SO-104652,2024-11-13,MEA,United Arab Emirates,Leather Journal Cover,Accessories,1,42,0,56.7,Small Business,Online,E. Haddad,false
SO-104741,2024-11-13,APAC,Australia,Desk Mat Linen,Desk,3,34,0,137.7,Small Business,Online,F. Moreau,false
SO-105434,2024-11-13,NA,Canada,Pen Stand Walnut,Desk,1,29,0.1,35.24,Small Business,Online,H. Silva,false
SO-100304,2024-11-14,NA,United States,Pen Case Canvas,Accessories,5,22,0,148.5,Consumer,Online,C. Nakamura,false
SO-100406,2024-11-14,EU,Germany,Planner 2024,Stationery,3,24,0.1,87.48,Small Business,Online,A. Okafor,false
SO-100485,2024-11-14,LATAM,Chile,Planner 2024,Stationery,10,24,0,324,Enterprise,Online,H. Silva,false
SO-100587,2024-11-14,APAC,Singapore,Fountain Pen Classic,Writing,2,48,0,129.6,Consumer,Online,A. Okafor,false
SO-100747,2024-11-14,EU,France,Fountain Pen Brass,Writing,1,79,0,106.65,Small Business,Retail,D. Rossi,false
SO-101312,2024-11-14,NA,United States,Sticky Notes Pastel,Stationery,1,5.5,0,7.43,Consumer,Wholesale,F. Moreau,false
SO-103147,2024-11-14,LATAM,Chile,Ink Bottle Sepia 50ml,Ink,1,18,0,24.3,Consumer,Retail,F. Moreau,false
SO-103450,2024-11-14,MEA,United Arab Emirates,Ink Cartridge Midnight,Ink,3,6.5,0,26.33,Consumer,Retail,A. Okafor,false
SO-104402,2024-11-14,NA,Canada,Ink Bottle Sepia 50ml,Ink,2,18,0,48.6,Small Business,Online,B. Lindqvist,true
SO-105541,2024-11-14,MEA,South Africa,Planner 2024,Stationery,1,24,0,32.4,Consumer,Online,C. Nakamura,true
SO-105813,2024-11-14,MEA,South Africa,Fountain Pen Brass,Writing,2,79,0.05,202.64,Consumer,Online,B. Lindqvist,false
SO-100322,2024-11-15,EU,Netherlands,Calligraphy Starter Kit,Writing,1,58,0,78.3,Consumer,Online,A. Okafor,false
SO-100949,2024-11-15,EU,United Kingdom,Ink Cartridge Midnight,Ink,2,6.5,0.1,15.8,Small Business,Online,F. Moreau,false
SO-101926,2024-11-15,NA,United States,Planner 2024,Stationery,2,24,0.1,58.32,Small Business,Online,E. Haddad,false
SO-102452,2024-11-15,LATAM,Brazil,Pen Case Canvas,Accessories,5,22,0,148.5,Enterprise,Retail,E. Haddad,false
SO-102703,2024-11-15,EU,Germany,Ink Bottle Sepia 50ml,Ink,2,18,0,48.6,Small Business,Retail,F. Moreau,false
SO-103163,2024-11-15,EU,United Kingdom,Pen Case Canvas,Accessories,2,22,0.05,56.43,Consumer,Retail,G. Patel,false
SO-103184,2024-11-15,EU,Germany,Quill Notebook A5,Stationery,3,12.5,0,50.63,Consumer,Online,A. Okafor,false
SO-103778,2024-11-15,NA,United States,Quill Notebook A5,Stationery,2,12.5,0,33.75,Small Business,Online,A. Okafor,false
SO-104266,2024-11-15,EU,Spain,Fountain Pen Classic,Writing,1,48,0.1,58.32,Consumer,Retail,A. Okafor,false
SO-105656,2024-11-15,MEA,South Africa,Sticky Notes Pastel,Stationery,1,5.5,0,7.43,Consumer,Retail,E. Haddad,true
SO-100653,2024-11-16,MEA,United Arab Emirates,Leather Journal Cover,Accessories,1,42,0,56.7,Consumer,Online,E. Haddad,false
SO-101233,2024-11-16,NA,United States,Ink Bottle Sepia 50ml,Ink,1,18,0,24.3,Small Business,Online,H. Silva,false
SO-101337,2024-11-16,LATAM,Argentina,Calligraphy Starter Kit,Writing,2,58,0,156.6,Consumer,Online,G. Patel,true
SO-104234,2024-11-16,EU,Spain,Quill Notebook A5,Stationery,1,12.5,0.1,15.19,Consumer,Online,H. Silva,false
SO-101383,2024-11-17,NA,Canada,Ink Bottle Sepia 50ml,Ink,1,18,0.2,19.44,Consumer,Online,B. Lindqvist,false
SO-101702,2024-11-17,EU,Germany,Ink Cartridge Midnight,Ink,1,6.5,0.2,7.02,Consumer,Retail,C. Nakamura,false
SO-101868,2024-11-17,LATAM,Chile,Calligraphy Starter Kit,Writing,2,58,0,156.6,Consumer,Online,E. Haddad,false
SO-102105,2024-11-17,APAC,India,Leather Journal Cover,Accessories,5,42,0,283.5,Consumer,Online,A. Okafor,false
SO-102273,2024-11-17,NA,Mexico,Fountain Pen Classic,Writing,1,48,0,64.8,Consumer,Online,C. Nakamura,false
SO-103941,2024-11-17,NA,United States,Pen Case Canvas,Accessories,2,22,0,59.4,Consumer,Retail,F. Moreau,false
SO-104157,2024-11-17,NA,Canada,Sticky Notes Pastel,Stationery,2,5.5,0,14.85,Consumer,Retail,F. Moreau,false
SO-104775,2024-11-17,MEA,United Arab Emirates,Ink Bottle Sepia 50ml,Ink,3,18,0,72.9,Small Business,Retail,A. Okafor,false
SO-105605,2024-11-17,EU,United Kingdom,Desk Mat Linen,Desk,1,34,0,45.9,Consumer,Online,G. Patel,false
SO-105287,2024-11-18,APAC,Australia,Fountain Pen Brass,Writing,1,79,0.05,101.32,Small Business,Online,H. Silva,false
SO-102830,2024-11-19,LATAM,Brazil,Gel Pen 5-pack,Writing,1,9.9,0.05,12.7,Enterprise,Online,A. Okafor,false
SO-103416,2024-11-19,EU,Spain,Ink Cartridge Midnight,Ink,3,6.5,0,26.33,Consumer,Online,F. Moreau,false
SO-103657,2024-11-19,APAC,Australia,Pen Case Canvas,Accessories,3,22,0,89.1,Small Business,Retail,B. Lindqvist,false
SO-104110,2024-11-19,APAC,Japan,Sticky Notes Pastel,Stationery,1,5.5,0,7.43,Consumer,Online,G. Patel,false
SO-104545,2024-11-19,EU,Germany,Monitor Riser Oak,Desk,10,64,0,864,Small Business,Retail,B. Lindqvist,true
SO-105249,2024-11-19,APAC,Japan,Planner 2024,Stationery,1,24,0,32.4,Consumer,Online,B. Lindqvist,false
SO-105430,2024-11-19,LATAM,Brazil,Quill Notebook A4,Stationery,1,16,0.05,20.52,Consumer,Online,E. Haddad,false
SO-100601,2024-11-20,NA,Mexico,Pen Stand Walnut,Desk,1,29,0.05,37.19,Small Business,Online,B. Lindqvist,false
SO-101050,2024-11-20,MEA,Kenya,Fountain Pen Brass,Writing,1,79,0.1,95.99,Enterprise,Online,E. Haddad,false
SO-101257,2024-11-20,APAC,India,Fountain Pen Classic,Writing,1,48,0.2,51.84,Consumer,Online,H. Silva,false
SO-101769,2024-11-20,EU,United Kingdom,Fountain Pen Classic,Writing,1,48,0,64.8,Consumer,Online,E. Haddad,false
SO-102780,2024-11-20,EU,Germany,Monitor Riser Oak,Desk,1,64,0.05,82.08,Consumer,Retail,D. Rossi,false
SO-105155,2024-11-20,NA,Mexico,Quill Notebook A5,Stationery,3,12.5,0,50.63,Consumer,Online,B. Lindqvist,false
SO-105326,2024-11-20,APAC,Japan,Calligraphy Starter Kit,Writing,10,58,0.1,704.7,Small Business,Wholesale,B. Lindqvist,false
SO-100007,2024-11-21,EU,Germany,Desk Mat Linen,Desk,1,34,0,45.9,Consumer,Retail,H. Silva,false
SO-101498,2024-11-21,LATAM,Chile,Quill Notebook A4,Stationery,3,16,0,64.8,Small Business,Wholesale,D. Rossi,false
SO-102813,2024-11-21,NA,Mexico,Leather Journal Cover,Accessories,1,42,0,56.7,Small Business,Online,F. Moreau,false
SO-103164,2024-11-21,EU,France,Pen Case Canvas,Accessories,1,22,0.1,26.73,Consumer,Retail,H. Silva,false
SO-103909,2024-11-21,APAC,Australia,Fountain Pen Brass,Writing,1,79,0.05,101.32,Consumer,Retail,G. Patel,false
SO-105214,2024-11-21,NA,Mexico,Calligraphy Starter Kit,Writing,3,58,0,234.9,Consumer,Online,D. Rossi,false
SO-105462,2024-11-21,APAC,India,Quill Notebook A4,Stationery,1,16,0.2,17.28,Consumer,Online,E. Haddad,false
SO-103042,2024-11-22,NA,Mexico,Pen Stand Walnut,Desk,1,29,0.2,31.32,Consumer,Online,A. Okafor,true
SO-103520,2024-11-22,APAC,India,Sticky Notes Pastel,Stationery,1,5.5,0,7.43,Consumer,Retail,G. Patel,true
SO-103554,2024-11-22,EU,France,Sticky Notes Pastel,Stationery,2,5.5,0.05,14.11,Small Business,Online,A. Okafor,false
SO-103606,2024-11-22,LATAM,Brazil,Planner 2024,Stationery,3,24,0,97.2,Consumer,Online,E. Haddad,false
SO-103877,2024-11-22,LATAM,Chile,Monitor Riser Oak,Desk,5,64,0.1,388.8,Small Business,Online,E. Haddad,false
SO-104129,2024-11-22,MEA,Kenya,Sticky Notes Pastel,Stationery,1,5.5,0,7.43,Small Business,Online,E. Haddad,false
SO-104377,2024-11-22,LATAM,Brazil,Desk Mat Linen,Desk,1,34,0,45.9,Consumer,Online,E. Haddad,false
SO-105069,2024-11-22,NA,Mexico,Fountain Pen Classic,Writing,1,48,0.1,58.32,Consumer,Online,E. Haddad,false
SO-100526,2024-11-23,MEA,United Arab Emirates,Desk Mat Linen,Desk,1,34,0,45.9,Consumer,Online,B. Lindqvist,false
SO-100622,2024-11-23,NA,United States,Pen Case Canvas,Accessories,1,22,0,29.7,Small Business,Retail,G. Patel,false
SO-101802,2024-11-23,MEA,United Arab Emirates,Monitor Riser Oak,Desk,1,64,0,86.4,Small Business,Online,F. Moreau,false
SO-102901,2024-11-23,APAC,Singapore,Gel Pen 5-pack,Writing,1,9.9,0,13.37,Enterprise,Retail,D. Rossi,false
SO-103470,2024-11-23,EU,United Kingdom,Fountain Pen Classic,Writing,1,48,0,64.8,Consumer,Retail,B. Lindqvist,false
SO-105592,2024-11-23,EU,Spain,Quill Notebook A4,Stationery,1,16,0,21.6,Enterprise,Online,F. Moreau,false
SO-105840,2024-11-23,MEA,Kenya,Quill Notebook A4,Stationery,2,16,0.05,41.04,Enterprise,Online,H. Silva,true
SO-101122,2024-11-24,LATAM,Brazil,Gel Pen 5-pack,Writing,1,9.9,0,13.37,Small Business,Wholesale,E. Haddad,false
SO-101411,2024-11-24,LATAM,Argentina,Gel Pen 5-pack,Writing,5,9.9,0,66.83,Consumer,Online,H. Silva,false
SO-101480,2024-11-24,EU,Netherlands,Pen Stand Walnut,Desk,1,29,0.1,35.24,Consumer,Online,F. Moreau,false
SO-102392,2024-11-24,EU,Germany,Gel Pen 5-pack,Writing,1,9.9,0.1,12.03,Enterprise,Online,B. Lindqvist,false
SO-102486,2024-11-24,EU,Germany,Ink Cartridge Midnight,Ink,1,6.5,0,8.78,Consumer,Retail,E. Haddad,false
SO-103005,2024-11-24,LATAM,Argentina,Fountain Pen Classic,Writing,3,48,0.05,184.68,Consumer,Online,G. Patel,false
SO-103272,2024-11-24,LATAM,Brazil,Desk Mat Linen,Desk,1,34,0,45.9,Consumer,Wholesale,A. Okafor,false
SO-104531,2024-11-24,APAC,Singapore,Gel Pen 5-pack,Writing,3,9.9,0,40.1,Enterprise,Retail,A. Okafor,false
SO-105443,2024-11-24,APAC,Japan,Sticky Notes Pastel,Stationery,3,5.5,0.1,20.05,Consumer,Online,E. Haddad,false
SO-100616,2024-11-25,LATAM,Argentina,Ink Bottle Sepia 50ml,Ink,1,18,0.05,23.08,Enterprise,Online,E. Haddad,false
SO-101535,2024-11-25,LATAM,Brazil,Quill Notebook A5,Stationery,1,12.5,0,16.88,Consumer,Online,E. Haddad,false
SO-101594,2024-11-25,NA,Canada,Planner 2024,Stationery,2,24,0,64.8,Enterprise,Online,A. Okafor,false
SO-102757,2024-11-25,MEA,Kenya,Sticky Notes Pastel,Stationery,1,5.5,0.1,6.68,Consumer,Online,A. Okafor,false
SO-104619,2024-11-25,MEA,South Africa,Monitor Riser Oak,Desk,3,64,0,259.2,Consumer,Online,H. Silva,false
SO-104755,2024-11-25,APAC,Australia,Fountain Pen Brass,Writing,1,79,0,106.65,Consumer,Online,H. Silva,false
SO-105250,2024-11-25,EU,Spain,Fountain Pen Brass,Writing,1,79,0,106.65,Consumer,Retail,A. Okafor,false
SO-105602,2024-11-25,NA,Canada,Ink Bottle Sepia 50ml,Ink,2,18,0,48.6,Consumer,Retail,G. Patel,false
SO-105671,2024-11-25,NA,United States,Quill Notebook A4,Stationery,1,16,0.2,17.28,Small Business,Online,B. Lindqvist,false
SO-102189,2024-11-26,NA,United States,Ink Cartridge Midnight,Ink,1,6.5,0.05,8.34,Small Business,Online,G. Patel,false
SO-102327,2024-11-26,NA,Canada,Desk Mat Linen,Desk,2,34,0,91.8,Consumer,Online,C. Nakamura,false
SO-102489,2024-11-26,APAC,India,Sticky Notes Pastel,Stationery,1,5.5,0.05,7.05,Small Business,Online,A. Okafor,false
SO-102948,2024-11-26,APAC,Singapore,Pen Stand Walnut,Desk,2,29,0,78.3,Consumer,Retail,C. Nakamura,false
SO-104097,2024-11-26,NA,Canada,Monitor Riser Oak,Desk,1,64,0,86.4,Small Business,Wholesale,E. Haddad,false
SO-105099,2024-11-26,MEA,United Arab Emirates,Ink Bottle Sepia 50ml,Ink,10,18,0,243,Consumer,Online,D. Rossi,false
SO-105732,2024-11-26,EU,United Kingdom,Quill Notebook A5,Stationery,3,12.5,0.05,48.09,Enterprise,Retail,D. Rossi,false
SO-100098,2024-11-27,NA,Mexico,Monitor Riser Oak,Desk,3,64,0,259.2,Consumer,Online,D. Rossi,false
SO-100242,2024-11-27,APAC,Singapore,Calligraphy Starter Kit,Writing,1,58,0,78.3,Small Business,Retail,F. Moreau,false
SO-101236,2024-11-27,NA,Canada,Ink Cartridge Midnight,Ink,1,6.5,0.05,8.34,Consumer,Online,H. Silva,false
SO-101744,2024-11-27,MEA,United Arab Emirates,Sticky Notes Pastel,Stationery,3,5.5,0,22.28,Consumer,Online,C. Nakamura,false
SO-101809,2024-11-27,APAC,India,Ink Cartridge Midnight,Ink,1,6.5,0.1,7.9,Consumer,Retail,G. Patel,false
SO-102116,2024-11-27,APAC,Singapore,Fountain Pen Classic,Writing,2,48,0.05,123.12,Enterprise,Retail,G. Patel,false
SO-102871,2024-11-27,LATAM,Chile,Planner 2024,Stationery,5,24,0,162,Small Business,Wholesale,D. Rossi,false
SO-103443,2024-11-27,LATAM,Chile,Pen Case Canvas,Accessories,3,22,0,89.1,Enterprise,Retail,C. Nakamura,false
SO-103899,2024-11-27,APAC,Singapore,Ink Cartridge Midnight,Ink,1,6.5,0,8.78,Small Business,Retail,A. Okafor,false
SO-104615,2024-11-27,APAC,India,Fountain Pen Classic,Writing,2,48,0.1,116.64,Consumer,Retail,B. Lindqvist,false
SO-105925,2024-11-27,APAC,Japan,Ink Bottle Sepia 50ml,Ink,2,18,0,48.6,Small Business,Wholesale,B. Lindqvist,false
SO-100207,2024-11-28,EU,Spain,Ink Bottle Sepia 50ml,Ink,1,18,0,24.3,Small Business,Online,C. Nakamura,false
SO-100496,2024-11-28,EU,Germany,Pen Case Canvas,Accessories,1,22,0,29.7,Consumer,Online,C. Nakamura,false
SO-103574,2024-11-28,MEA,United Arab Emirates,Monitor Riser Oak,Desk,3,64,0,259.2,Consumer,Online,D. Rossi,false
SO-104915,2024-11-28,MEA,Kenya,Monitor Riser Oak,Desk,3,64,0.05,246.24,Consumer,Retail,C. Nakamura,false
SO-105381,2024-11-28,EU,Spain,Quill Notebook A4,Stationery,3,16,0,64.8,Consumer,Retail,H. Silva,false
SO-105930,2024-11-28,APAC,Japan,Gel Pen 5-pack,Writing,5,9.9,0.05,63.48,Consumer,Online,A. Okafor,true
SO-100581,2024-11-29,NA,Mexico,Fountain Pen Classic,Writing,1,48,0,64.8,Small Business,Online,C. Nakamura,false
SO-100685,2024-11-29,MEA,South Africa,Planner 2024,Stationery,1,24,0.2,25.92,Small Business,Online,C. Nakamura,false
SO-101753,2024-11-29,EU,France,Sticky Notes Pastel,Stationery,3,5.5,0.05,21.16,Small Business,Online,E. Haddad,false
SO-102685,2024-11-29,LATAM,Chile,Planner 2024,Stationery,1,24,0.2,25.92,Small Business,Online,B. Lindqvist,false
SO-102849,2024-11-29,EU,Netherlands,Fountain Pen Classic,Writing,2,48,0.05,123.12,Consumer,Retail,C. Nakamura,false
SO-104704,2024-11-29,NA,Canada,Quill Notebook A5,Stationery,1,12.5,0.1,15.19,Enterprise,Retail,C. Nakamura,false
SO-105113,2024-11-29,EU,United Kingdom,Desk Mat Linen,Desk,5,34,0.1,206.55,Small Business,Online,H. Silva,false
SO-105867,2024-11-29,LATAM,Argentina,Fountain Pen Classic,Writing,1,48,0.05,61.56,Consumer,Retail,D. Rossi,false
SO-100148,2024-11-30,MEA,Kenya,Fountain Pen Brass,Writing,3,79,0,319.95,Consumer,Online,F. Moreau,false
SO-100839,2024-11-30,LATAM,Chile,Pen Case Canvas,Accessories,1,22,0.05,28.22,Small Business,Retail,H. Silva,false
SO-100883,2024-11-30,MEA,South Africa,Calligraphy Starter Kit,Writing,3,58,0,234.9,Small Business,Wholesale,C. Nakamura,false
SO-100970,2024-11-30,EU,France,Monitor Riser Oak,Desk,2,64,0.1,155.52,Small Business,Wholesale,B. Lindqvist,false
SO-102122,2024-11-30,EU,Spain,Ink Cartridge Midnight,Ink,10,6.5,0,87.75,Consumer,Online,H. Silva,false
SO-102600,2024-11-30,NA,Canada,Pen Stand Walnut,Desk,10,29,0.1,352.35,Consumer,Online,E. Haddad,false
SO-103409,2024-11-30,MEA,United Arab Emirates,Fountain Pen Classic,Writing,1,48,0.05,61.56,Consumer,Online,D. Rossi,false
SO-104025,2024-11-30,APAC,India,Ink Cartridge Midnight,Ink,1,6.5,0.05,8.34,Small Business,Wholesale,H. Silva,false
SO-104973,2024-11-30,APAC,Japan,Ink Bottle Sepia 50ml,Ink,5,18,0.1,109.35,Consumer,Online,A. Okafor,false
SO-100119,2024-12-01,LATAM,Brazil,Pen Case Canvas,Accessories,1,22,0,29.7,Consumer,Online,H. Silva,false
SO-100374,2024-12-01,MEA,United Arab Emirates,Sticky Notes Pastel,Stationery,1,5.5,0,7.43,Small Business,Retail,A. Okafor,false
SO-100521,2024-12-01,APAC,India,Ink Bottle Sepia 50ml,Ink,3,18,0.1,65.61,Consumer,Online,G. Patel,false
SO-100843,2024-12-01,EU,France,Monitor Riser Oak,Desk,10,64,0,864,Consumer,Online,E. Haddad,false
SO-100890,2024-12-01,LATAM,Chile,Pen Stand Walnut,Desk,5,29,0.05,185.96,Small Business,Online,C. Nakamura,false
SO-101558,2024-12-01,EU,France,Desk Mat Linen,Desk,2,34,0,91.8,Small Business,Online,A. Okafor,true
SO-102557,2024-12-01,EU,Spain,Gel Pen 5-pack,Writing,1,9.9,0,13.37,Enterprise,Online,H. Silva,false
SO-102843,2024-12-01,LATAM,Chile,Pen Case Canvas,Accessories,1,22,0,29.7,Small Business,Online,G. Patel,false
SO-103344,2024-12-01,MEA,South Africa,Monitor Riser Oak,Desk,10,64,0,864,Small Business,Retail,H. Silva,false
SO-103532,2024-12-01,LATAM,Chile,Quill Notebook A4,Stationery,2,16,0.05,41.04,Consumer,Retail,E. Haddad,false
SO-104894,2024-12-01,MEA,United Arab Emirates,Pen Stand Walnut,Desk,1,29,0,39.15,Small Business,Wholesale,D. Rossi,false
SO-105111,2024-12-01,LATAM,Argentina,Quill Notebook A5,Stationery,2,12.5,0,33.75,Consumer,Retail,F. Moreau,false
SO-100823,2024-12-02,LATAM,Argentina,Calligraphy Starter Kit,Writing,3,58,0.2,187.92,Consumer,Online,C. Nakamura,false
SO-100172,2024-12-03,LATAM,Argentina,Fountain Pen Brass,Writing,2,79,0.2,170.64,Consumer,Online,F. Moreau,false
SO-100569,2024-12-03,LATAM,Argentina,Sticky Notes Pastel,Stationery,2,5.5,0.1,13.37,Enterprise,Online,F. Moreau,false
SO-101232,2024-12-03,LATAM,Brazil,Planner 2024,Stationery,1,24,0,32.4,Small Business,Online,D. Rossi,false
SO-102988,2024-12-03,APAC,Australia,Quill Notebook A5,Stationery,1,12.5,0.1,15.19,Small Business,Online,E. Haddad,false
SO-103417,2024-12-03,NA,United States,Ink Cartridge Midnight,Ink,1,6.5,0,8.78,Consumer,Retail,H. Silva,false
SO-103570,2024-12-03,APAC,India,Quill Notebook A4,Stationery,2,16,0.1,38.88,Consumer,Wholesale,D. Rossi,false
SO-103571,2024-12-03,LATAM,Argentina,Quill Notebook A5,Stationery,1,12.5,0,16.88,Consumer,Retail,D. Rossi,false
SO-104022,2024-12-03,MEA,United Arab Emirates,Planner 2024,Stationery,1,24,0,32.4,Enterprise,Online,B. Lindqvist,false
SO-104742,2024-12-03,NA,Canada,Quill Notebook A4,Stationery,3,16,0,64.8,Small Business,Retail,B. Lindqvist,false
SO-100137,2024-12-04,EU,Spain,Planner 2024,Stationery,1,24,0,32.4,Consumer,Online,E. Haddad,false
SO-100188,2024-12-04,EU,France,Pen Stand Walnut,Desk,2,29,0.05,74.38,Small Business,Online,C. Nakamura,false
SO-101235,2024-12-04,MEA,South Africa,Planner 2024,Stationery,3,24,0.1,87.48,Small Business,Retail,A. Okafor,false
SO-102679,2024-12-04,LATAM,Brazil,Planner 2024,Stationery,1,24,0.05,30.78,Small Business,Wholesale,G. Patel,false
SO-103245,2024-12-04,APAC,Australia,Fountain Pen Classic,Writing,2,48,0.1,116.64,Small Business,Online,C. Nakamura,false
SO-103386,2024-12-04,NA,United States,Desk Mat Linen,Desk,2,34,0,91.8,Consumer,Online,D. Rossi,false
SO-103645,2024-12-04,EU,Spain,Pen Stand Walnut,Desk,1,29,0,39.15,Enterprise,Retail,F. Moreau,false
SO-104081,2024-12-04,MEA,United Arab Emirates,Sticky Notes Pastel,Stationery,2,5.5,0,14.85,Small Business,Online,C. Nakamura,true
SO-104286,2024-12-04,MEA,Kenya,Pen Case Canvas,Accessories,1,22,0.1,26.73,Consumer,Retail,B. Lindqvist,false
SO-105985,2024-12-04,APAC,Australia,Quill Notebook A5,Stationery,2,12.5,0,33.75,Consumer,Online,F. Moreau,false
SO-100506,2024-12-05,LATAM,Argentina,Pen Stand Walnut,Desk,1,29,0,39.15,Small Business,Online,C. Nakamura,false
SO-102238,2024-12-05,EU,Netherlands,Ink Cartridge Midnight,Ink,1,6.5,0,8.78,Small Business,Retail,E. Haddad,false
SO-102457,2024-12-05,LATAM,Argentina,Pen Case Canvas,Accessories,5,22,0,148.5,Small Business,Wholesale,F. Moreau,false
SO-103261,2024-12-05,MEA,South Africa,Calligraphy Starter Kit,Writing,2,58,0,156.6,Small Business,Online,E. Haddad,false
SO-103369,2024-12-05,NA,Canada,Desk Mat Linen,Desk,5,34,0.05,218.03,Small Business,Online,D. Rossi,false
SO-104032,2024-12-05,EU,France,Pen Stand Walnut,Desk,5,29,0.05,185.96,Small Business,Retail,D. Rossi,false
SO-104430,2024-12-05,LATAM,Brazil,Ink Cartridge Midnight,Ink,1,6.5,0.2,7.02,Small Business,Retail,B. Lindqvist,false
SO-104789,2024-12-05,NA,Canada,Ink Cartridge Midnight,Ink,1,6.5,0,8.78,Enterprise,Online,B. Lindqvist,false
SO-105667,2024-12-05,LATAM,Brazil,Quill Notebook A4,Stationery,1,16,0.05,20.52,Consumer,Online,D. Rossi,false
SO-105761,2024-12-05,EU,France,Quill Notebook A4,Stationery,2,16,0,43.2,Small Business,Retail,F. Moreau,false
SO-100240,2024-12-06,NA,United States,Sticky Notes Pastel,Stationery,1,5.5,0,7.43,Small Business,Online,H. Silva,false
SO-100918,2024-12-06,EU,United Kingdom,Ink Bottle Sepia 50ml,Ink,1,18,0,24.3,Consumer,Wholesale,G. Patel,false
SO-103580,2024-12-06,MEA,Kenya,Quill Notebook A5,Stationery,2,12.5,0.2,27,Enterprise,Retail,H. Silva,false
SO-104191,2024-12-06,LATAM,Chile,Monitor Riser Oak,Desk,3,64,0.05,246.24,Small Business,Retail,F. Moreau,false
SO-104231,2024-12-06,NA,Canada,Ink Bottle Sepia 50ml,Ink,1,18,0.2,19.44,Small Business,Retail,C. Nakamura,false
SO-104891,2024-12-06,LATAM,Brazil,Monitor Riser Oak,Desk,1,64,0,86.4,Consumer,Online,D. Rossi,false
SO-105024,2024-12-06,EU,Germany,Quill Notebook A5,Stationery,10,12.5,0,168.75,Small Business,Retail,E. Haddad,false
SO-105906,2024-12-06,LATAM,Argentina,Pen Case Canvas,Accessories,1,22,0,29.7,Small Business,Wholesale,B. Lindqvist,false
SO-101292,2024-12-07,APAC,Japan,Fountain Pen Brass,Writing,1,79,0,106.65,Consumer,Online,D. Rossi,false
SO-101504,2024-12-07,MEA,South Africa,Pen Stand Walnut,Desk,3,29,0.1,105.71,Consumer,Online,B. Lindqvist,false
SO-104650,2024-12-07,MEA,Kenya,Monitor Riser Oak,Desk,3,64,0.1,233.28,Consumer,Online,C. Nakamura,false
SO-104937,2024-12-07,NA,United States,Planner 2024,Stationery,3,24,0.1,87.48,Consumer,Online,H. Silva,false
SO-105073,2024-12-07,NA,Canada,Fountain Pen Brass,Writing,2,79,0,213.3,Small Business,Wholesale,B. Lindqvist,false
SO-105741,2024-12-07,EU,Germany,Fountain Pen Classic,Writing,5,48,0,324,Consumer,Online,D. Rossi,false
SO-105996,2024-12-07,APAC,Australia,Desk Mat Linen,Desk,1,34,0.05,43.61,Small Business,Online,B. Lindqvist,false
SO-100319,2024-12-08,NA,Canada,Quill Notebook A5,Stationery,1,12.5,0,16.88,Small Business,Wholesale,D. Rossi,false
SO-100446,2024-12-08,EU,Netherlands,Planner 2024,Stationery,1,24,0,32.4,Consumer,Online,F. Moreau,false
SO-100615,2024-12-08,APAC,India,Sticky Notes Pastel,Stationery,5,5.5,0,37.13,Consumer,Retail,D. Rossi,false
SO-101225,2024-12-08,MEA,Kenya,Fountain Pen Brass,Writing,1,79,0.05,101.32,Consumer,Online,C. Nakamura,false
SO-102412,2024-12-08,LATAM,Brazil,Quill Notebook A5,Stationery,1,12.5,0,16.88,Small Business,Online,A. Okafor,true
SO-103162,2024-12-08,APAC,Singapore,Planner 2024,Stationery,1,24,0,32.4,Consumer,Online,E. Haddad,false
SO-103234,2024-12-08,NA,Mexico,Calligraphy Starter Kit,Writing,3,58,0,234.9,Consumer,Retail,H. Silva,false
SO-103408,2024-12-08,MEA,Kenya,Fountain Pen Brass,Writing,3,79,0.1,287.96,Small Business,Online,E. Haddad,false
SO-105080,2024-12-08,MEA,Kenya,Leather Journal Cover,Accessories,2,42,0,113.4,Small Business,Retail,A. Okafor,false
SO-105675,2024-12-08,NA,United States,Gel Pen 5-pack,Writing,3,9.9,0,40.1,Small Business,Online,G. Patel,false
SO-100778,2024-12-09,EU,Spain,Ink Bottle Sepia 50ml,Ink,2,18,0,48.6,Consumer,Online,B. Lindqvist,false
SO-101503,2024-12-09,NA,Canada,Gel Pen 5-pack,Writing,1,9.9,0,13.37,Small Business,Retail,B. Lindqvist,false
SO-101714,2024-12-09,LATAM,Chile,Pen Stand Walnut,Desk,2,29,0,78.3,Consumer,Online,B. Lindqvist,false
SO-101775,2024-12-09,NA,Mexico,Leather Journal Cover,Accessories,5,42,0,283.5,Small Business,Online,E. Haddad,false
SO-101904,2024-12-09,NA,Canada,Sticky Notes Pastel,Stationery,1,5.5,0.05,7.05,Small Business,Retail,G. Patel,false
SO-102520,2024-12-09,EU,Germany,Desk Mat Linen,Desk,1,34,0,45.9,Consumer,Online,B. Lindqvist,false
SO-100375,2024-12-10,NA,Mexico,Calligraphy Starter Kit,Writing,1,58,0.2,62.64,Small Business,Online,F. Moreau,false
SO-101725,2024-12-10,LATAM,Argentina,Monitor Riser Oak,Desk,1,64,0,86.4,Small Business,Retail,H. Silva,false
SO-102106,2024-12-10,LATAM,Chile,Pen Case Canvas,Accessories,1,22,0,29.7,Consumer,Wholesale,G. Patel,false
SO-104301,2024-12-10,NA,Canada,Sticky Notes Pastel,Stationery,3,5.5,0.05,21.16,Small Business,Online,C. Nakamura,true
SO-104847,2024-12-10,NA,Canada,Gel Pen 5-pack,Writing,5,9.9,0.1,60.14,Consumer,Online,H. Silva,false
SO-104885,2024-12-10,NA,United States,Ink Cartridge Midnight,Ink,1,6.5,0,8.78,Consumer,Retail,E. Haddad,false
SO-101131,2024-12-11,APAC,Singapore,Fountain Pen Classic,Writing,3,48,0,194.4,Consumer,Online,D. Rossi,true
SO-102806,2024-12-11,NA,United States,Leather Journal Cover,Accessories,1,42,0.05,53.87,Enterprise,Retail,B. Lindqvist,false
SO-103980,2024-12-11,LATAM,Chile,Fountain Pen Classic,Writing,1,48,0,64.8,Small Business,Online,G. Patel,false
SO-104109,2024-12-11,MEA,United Arab Emirates,Calligraphy Starter Kit,Writing,1,58,0.1,70.47,Consumer,Retail,B. Lindqvist,false
SO-104199,2024-12-11,NA,United States,Fountain Pen Classic,Writing,3,48,0,194.4,Consumer,Online,G. Patel,false
SO-104916,2024-12-11,LATAM,Chile,Quill Notebook A4,Stationery,3,16,0.05,61.56,Small Business,Online,G. Patel,false
SO-105097,2024-12-11,MEA,Kenya,Ink Cartridge Midnight,Ink,3,6.5,0.2,21.06,Small Business,Retail,F. Moreau,false
SO-105222,2024-12-11,LATAM,Argentina,Ink Bottle Sepia 50ml,Ink,1,18,0.05,23.08,Small Business,Retail,H. Silva,false
SO-105402,2024-12-11,EU,Netherlands,Ink Cartridge Midnight,Ink,2,6.5,0.05,16.67,Consumer,Online,D. Rossi,false
SO-105713,2024-12-11,MEA,Kenya,Sticky Notes Pastel,Stationery,3,5.5,0.2,17.82,Small Business,Retail,F. Moreau,false
SO-100153,2024-12-12,APAC,Japan,Pen Stand Walnut,Desk,1,29,0.1,35.24,Consumer,Online,H. Silva,false
SO-100429,2024-12-12,NA,Canada,Desk Mat Linen,Desk,1,34,0.2,36.72,Consumer,Retail,H. Silva,false
SO-101534,2024-12-12,MEA,Kenya,Desk Mat Linen,Desk,2,34,0.05,87.21,Consumer,Retail,F. Moreau,false
SO-102420,2024-12-12,MEA,United Arab Emirates,Monitor Riser Oak,Desk,5,64,0.05,410.4,Consumer,Online,C. Nakamura,false
SO-104324,2024-12-12,MEA,South Africa,Fountain Pen Brass,Writing,3,79,0,319.95,Small Business,Retail,C. Nakamura,false
SO-104379,2024-12-12,EU,Spain,Pen Stand Walnut,Desk,2,29,0.05,74.38,Small Business,Online,G. Patel,false
SO-104439,2024-12-12,EU,United Kingdom,Monitor Riser Oak,Desk,1,64,0,86.4,Small Business,Online,B. Lindqvist,false
SO-105695,2024-12-12,APAC,India,Pen Case Canvas,Accessories,5,22,0.05,141.08,Small Business,Online,C. Nakamura,false
SO-105969,2024-12-12,MEA,Kenya,Pen Stand Walnut,Desk,1,29,0.2,31.32,Small Business,Online,F. Moreau,false
SO-100282,2024-12-13,LATAM,Brazil,Planner 2024,Stationery,3,24,0,97.2,Consumer,Online,D. Rossi,false
SO-100550,2024-12-13,MEA,South Africa,Fountain Pen Brass,Writing,1,79,0.05,101.32,Small Business,Retail,F. Moreau,false
SO-100913,2024-12-13,EU,Spain,Pen Case Canvas,Accessories,1,22,0.05,28.22,Small Business,Online,H. Silva,false
SO-101033,2024-12-13,MEA,Kenya,Fountain Pen Brass,Writing,1,79,0,106.65,Small Business,Online,B. Lindqvist,false
SO-101485,2024-12-13,NA,United States,Planner 2024,Stationery,1,24,0,32.4,Consumer,Online,C. Nakamura,false
SO-101763,2024-12-13,EU,France,Gel Pen 5-pack,Writing,2,9.9,0,26.73,Consumer,Retail,F. Moreau,false
SO-101799,2024-12-13,LATAM,Argentina,Pen Stand Walnut,Desk,1,29,0,39.15,Consumer,Retail,D. Rossi,false
SO-102071,2024-12-13,APAC,India,Planner 2024,Stationery,2,24,0.05,61.56,Consumer,Online,B. Lindqvist,false
SO-103237,2024-12-13,EU,Germany,Fountain Pen Brass,Writing,2,79,0,213.3,Consumer,Retail,A. Okafor,false
SO-103787,2024-12-13,MEA,Kenya,Desk Mat Linen,Desk,3,34,0,137.7,Enterprise,Retail,C. Nakamura,false
SO-105163,2024-12-13,APAC,Australia,Monitor Riser Oak,Desk,2,64,0.05,164.16,Small Business,Online,H. Silva,false
SO-105390,2024-12-13,NA,United States,Monitor Riser Oak,Desk,10,64,0,864,Consumer,Online,H. Silva,false
SO-100858,2024-12-14,APAC,Japan,Ink Bottle Sepia 50ml,Ink,1,18,0.1,21.87,Consumer,Retail,D. Rossi,false
SO-101865,2024-12-14,EU,United Kingdom,Ink Bottle Sepia 50ml,Ink,3,18,0.05,69.26,Small Business,Retail,D. Rossi,false
SO-102680,2024-12-14,APAC,Singapore,Ink Bottle Sepia 50ml,Ink,2,18,0.1,43.74,Consumer,Online,B. Lindqvist,false
SO-103518,2024-12-14,MEA,Kenya,Fountain Pen Brass,Writing,1,79,0,106.65,Enterprise,Retail,C. Nakamura,false
SO-103561,2024-12-14,EU,France,Calligraphy Starter Kit,Writing,2,58,0,156.6,Small Business,Retail,A. Okafor,false
SO-103729,2024-12-14,APAC,Singapore,Sticky Notes Pastel,Stationery,3,5.5,0.05,21.16,Consumer,Wholesale,G. Patel,false
SO-104122,2024-12-14,LATAM,Chile,Pen Case Canvas,Accessories,2,22,0.1,53.46,Consumer,Online,D. Rossi,false
SO-104139,2024-12-14,NA,United States,Pen Stand Walnut,Desk,1,29,0,39.15,Consumer,Online,D. Rossi,false
SO-105123,2024-12-14,APAC,Australia,Planner 2024,Stationery,2,24,0.1,58.32,Consumer,Online,A. Okafor,false
SO-105295,2024-12-14,APAC,Australia,Fountain Pen Brass,Writing,2,79,0.05,202.64,Small Business,Online,B. Lindqvist,false
SO-105887,2024-12-14,EU,Spain,Desk Mat Linen,Desk,3,34,0.1,123.93,Consumer,Online,A. Okafor,false
SO-100028,2024-12-15,EU,Spain,Sticky Notes Pastel,Stationery,1,5.5,0,7.43,Enterprise,Online,H. Silva,false
SO-101444,2024-12-15,APAC,Japan,Calligraphy Starter Kit,Writing,2,58,0,156.6,Consumer,Retail,E. Haddad,false
SO-101837,2024-12-15,LATAM,Brazil,Quill Notebook A4,Stationery,2,16,0.05,41.04,Consumer,Wholesale,E. Haddad,false
SO-102838,2024-12-15,APAC,Japan,Fountain Pen Brass,Writing,1,79,0,106.65,Small Business,Online,A. Okafor,false
SO-103205,2024-12-15,LATAM,Argentina,Leather Journal Cover,Accessories,1,42,0,56.7,Consumer,Online,D. Rossi,false
SO-104793,2024-12-15,EU,France,Ink Cartridge Midnight,Ink,1,6.5,0,8.78,Consumer,Retail,E. Haddad,false
SO-104990,2024-12-15,LATAM,Argentina,Quill Notebook A5,Stationery,1,12.5,0,16.88,Small Business,Retail,H. Silva,false
SO-105197,2024-12-15,NA,United States,Sticky Notes Pastel,Stationery,2,5.5,0.05,14.11,Enterprise,Online,D. Rossi,false
SO-105227,2024-12-15,MEA,South Africa,Leather Journal Cover,Accessories,3,42,0.05,161.6,Enterprise,Online,A. Okafor,false
SO-105365,2024-12-15,MEA,United Arab Emirates,Gel Pen 5-pack,Writing,3,9.9,0,40.1,Consumer,Retail,B. Lindqvist,false
SO-105807,2024-12-15,MEA,United Arab Emirates,Gel Pen 5-pack,Writing,1,9.9,0,13.37,Consumer,Retail,B. Lindqvist,false
SO-100321,2024-12-16,APAC,Singapore,Fountain Pen Classic,Writing,3,48,0,194.4,Small Business,Retail,H. Silva,false
SO-100676,2024-12-16,MEA,United Arab Emirates,Desk Mat Linen,Desk,5,34,0,229.5,Consumer,Online,B. Lindqvist,false
SO-101234,2024-12-16,EU,France,Fountain Pen Classic,Writing,10,48,0.1,583.2,Small Business,Online,C. Nakamura,false
SO-102476,2024-12-16,MEA,United Arab Emirates,Fountain Pen Brass,Writing,1,79,0.05,101.32,Consumer,Retail,F. Moreau,false
SO-103526,2024-12-16,APAC,Japan,Ink Bottle Sepia 50ml,Ink,2,18,0,48.6,Small Business,Retail,B. Lindqvist,false
SO-104580,2024-12-16,APAC,India,Quill Notebook A4,Stationery,5,16,0,108,Small Business,Online,A. Okafor,false
SO-104698,2024-12-16,MEA,South Africa,Desk Mat Linen,Desk,5,34,0.2,183.6,Consumer,Online,F. Moreau,false
SO-100041,2024-12-17,NA,Mexico,Desk Mat Linen,Desk,2,34,0.1,82.62,Small Business,Online,H. Silva,false
SO-100525,2024-12-17,MEA,United Arab Emirates,Gel Pen 5-pack,Writing,1,9.9,0.05,12.7,Consumer,Retail,C. Nakamura,false
SO-100801,2024-12-17,MEA,South Africa,Leather Journal Cover,Accessories,1,42,0,56.7,Consumer,Online,G. Patel,false
SO-101381,2024-12-17,MEA,Kenya,Leather Journal Cover,Accessories,1,42,0,56.7,Consumer,Online,E. Haddad,false
SO-101462,2024-12-17,LATAM,Brazil,Ink Cartridge Midnight,Ink,1,6.5,0,8.78,Small Business,Online,F. Moreau,false
SO-101689,2024-12-17,EU,France,Calligraphy Starter Kit,Writing,1,58,0,78.3,Consumer,Retail,H. Silva,false
SO-102081,2024-12-17,NA,United States,Gel Pen 5-pack,Writing,1,9.9,0,13.37,Enterprise,Retail,G. Patel,false
SO-102702,2024-12-17,APAC,Australia,Pen Stand Walnut,Desk,2,29,0,78.3,Consumer,Online,C. Nakamura,false
SO-102724,2024-12-17,LATAM,Argentina,Leather Journal Cover,Accessories,1,42,0,56.7,Small Business,Online,F. Moreau,false
SO-102958,2024-12-17,MEA,United Arab Emirates,Planner 2024,Stationery,5,24,0.05,153.9,Small Business,Online,C. Nakamura,false
SO-105231,2024-12-17,EU,United Kingdom,Pen Stand Walnut,Desk,1,29,0.05,37.19,Consumer,Online,E. Haddad,false
SO-105851,2024-12-17,NA,United States,Gel Pen 5-pack,Writing,1,9.9,0,13.37,Consumer,Retail,C. Nakamura,false
SO-105860,2024-12-17,NA,Mexico,Quill Notebook A4,Stationery,2,16,0,43.2,Consumer,Online,E. Haddad,false
SO-100267,2024-12-18,NA,Canada,Gel Pen 5-pack,Writing,3,9.9,0,40.1,Consumer,Online,A. Okafor,false
SO-101602,2024-12-18,MEA,United Arab Emirates,Quill Notebook A5,Stationery,2,12.5,0.1,30.38,Small Business,Retail,C. Nakamura,false
SO-102471,2024-12-18,EU,United Kingdom,Monitor Riser Oak,Desk,1,64,0.1,77.76,Consumer,Retail,G. Patel,true
SO-104005,2024-12-18,APAC,Japan,Calligraphy Starter Kit,Writing,3,58,0,234.9,Consumer,Online,F. Moreau,false
SO-104007,2024-12-18,LATAM,Argentina,Ink Bottle Sepia 50ml,Ink,5,18,0,121.5,Consumer,Online,C. Nakamura,false
SO-104546,2024-12-18,EU,Spain,Ink Bottle Sepia 50ml,Ink,2,18,0,48.6,Consumer,Online,C. Nakamura,false
SO-104662,2024-12-18,EU,Netherlands,Pen Stand Walnut,Desk,2,29,0,78.3,Consumer,Online,A. Okafor,false
SO-104908,2024-12-18,LATAM,Chile,Fountain Pen Classic,Writing,1,48,0.05,61.56,Consumer,Online,H. Silva,false
SO-105408,2024-12-18,EU,Germany,Ink Bottle Sepia 50ml,Ink,1,18,0,24.3,Consumer,Wholesale,A. Okafor,false
SO-100175,2024-12-19,LATAM,Chile,Pen Stand Walnut,Desk,1,29,0,39.15,Consumer,Online,H. Silva,false
SO-100412,2024-12-19,LATAM,Brazil,Desk Mat Linen,Desk,1,34,0,45.9,Small Business,Online,E. Haddad,false
SO-100815,2024-12-19,APAC,Australia,Quill Notebook A5,Stationery,10,12.5,0,168.75,Small Business,Retail,G. Patel,true
SO-101020,2024-12-19,APAC,Singapore,Ink Cartridge Midnight,Ink,2,6.5,0.1,15.8,Consumer,Online,A. Okafor,false
SO-101271,2024-12-19,NA,Canada,Quill Notebook A4,Stationery,1,16,0,21.6,Small Business,Online,F. Moreau,false
SO-101476,2024-12-19,NA,United States,Ink Cartridge Midnight,Ink,3,6.5,0.05,25.01,Small Business,Retail,D. Rossi,false
SO-101625,2024-12-19,APAC,Australia,Quill Notebook A5,Stationery,1,12.5,0,16.88,Consumer,Online,E. Haddad,false
SO-102801,2024-12-19,NA,United States,Gel Pen 5-pack,Writing,2,9.9,0,26.73,Consumer,Retail,A. Okafor,false
SO-102927,2024-12-19,EU,Germany,Calligraphy Starter Kit,Writing,5,58,0,391.5,Consumer,Online,A. Okafor,false
SO-102967,2024-12-19,MEA,Kenya,Pen Stand Walnut,Desk,2,29,0.05,74.38,Consumer,Online,F. Moreau,false
SO-103185,2024-12-19,APAC,India,Fountain Pen Brass,Writing,1,79,0,106.65,Small Business,Online,H. Silva,false
SO-103280,2024-12-19,MEA,South Africa,Fountain Pen Brass,Writing,1,79,0,106.65,Consumer,Wholesale,B. Lindqvist,false
SO-104267,2024-12-19,MEA,United Arab Emirates,Ink Cartridge Midnight,Ink,10,6.5,0.1,78.98,Consumer,Online,G. Patel,false
SO-104611,2024-12-19,NA,Mexico,Pen Case Canvas,Accessories,1,22,0.05,28.22,Enterprise,Retail,G. Patel,false
SO-105848,2024-12-19,NA,Canada,Desk Mat Linen,Desk,1,34,0,45.9,Consumer,Online,H. Silva,false
SO-105938,2024-12-19,EU,Germany,Leather Journal Cover,Accessories,3,42,0,170.1,Consumer,Online,A. Okafor,false
SO-100065,2024-12-20,EU,Netherlands,Leather Journal Cover,Accessories,2,42,0,113.4,Small Business,Online,C. Nakamura,false
SO-100147,2024-12-20,NA,Canada,Pen Case Canvas,Accessories,5,22,0,148.5,Consumer,Retail,B. Lindqvist,false
SO-100680,2024-12-20,EU,United Kingdom,Fountain Pen Classic,Writing,5,48,0.1,291.6,Consumer,Online,G. Patel,false
SO-100706,2024-12-20,NA,Canada,Fountain Pen Brass,Writing,5,79,0,533.25,Consumer,Online,H. Silva,false
SO-100893,2024-12-20,APAC,Japan,Calligraphy Starter Kit,Writing,2,58,0,156.6,Small Business,Online,H. Silva,false
SO-101889,2024-12-20,APAC,India,Monitor Riser Oak,Desk,2,64,0,172.8,Small Business,Online,H. Silva,false
SO-102633,2024-12-20,EU,Netherlands,Fountain Pen Classic,Writing,3,48,0.05,184.68,Consumer,Online,A. Okafor,false
SO-102938,2024-12-20,NA,United States,Desk Mat Linen,Desk,10,34,0.1,413.1,Consumer,Retail,G. Patel,false
SO-105509,2024-12-20,LATAM,Argentina,Pen Case Canvas,Accessories,2,22,0.1,53.46,Consumer,Online,F. Moreau,false
SO-105776,2024-12-20,NA,Canada,Quill Notebook A4,Stationery,1,16,0,21.6,Small Business,Retail,C. Nakamura,false
SO-100048,2024-12-21,EU,Spain,Fountain Pen Brass,Writing,3,79,0,319.95,Enterprise,Wholesale,F. Moreau,false
SO-100879,2024-12-21,MEA,United Arab Emirates,Fountain Pen Classic,Writing,3,48,0,194.4,Consumer,Retail,B. Lindqvist,false
SO-101025,2024-12-21,MEA,United Arab Emirates,Desk Mat Linen,Desk,1,34,0,45.9,Enterprise,Online,A. Okafor,false
SO-101428,2024-12-21,MEA,United Arab Emirates,Fountain Pen Brass,Writing,10,79,0,1066.5,Consumer,Wholesale,E. Haddad,false
SO-102430,2024-12-21,NA,Mexico,Gel Pen 5-pack,Writing,10,9.9,0.05,126.97,Consumer,Retail,H. Silva,false
SO-103552,2024-12-21,EU,Germany,Leather Journal Cover,Accessories,1,42,0,56.7,Consumer,Wholesale,A. Okafor,false
SO-104408,2024-12-21,LATAM,Argentina,Fountain Pen Brass,Writing,10,79,0,1066.5,Enterprise,Online,C. Nakamura,false
SO-104778,2024-12-21,LATAM,Argentina,Ink Bottle Sepia 50ml,Ink,1,18,0.05,23.08,Consumer,Online,F. Moreau,false
SO-104920,2024-12-21,EU,United Kingdom,Pen Stand Walnut,Desk,1,29,0,39.15,Consumer,Online,G. Patel,false
SO-105170,2024-12-21,APAC,India,Gel Pen 5-pack,Writing,2,9.9,0,26.73,Small Business,Retail,C. Nakamura,false
SO-105410,2024-12-21,EU,United Kingdom,Ink Cartridge Midnight,Ink,2,6.5,0.2,14.04,Consumer,Online,A. Okafor,false
SO-100687,2024-12-22,NA,Canada,Fountain Pen Brass,Writing,3,79,0,319.95,Small Business,Online,G. Patel,false
SO-100800,2024-12-22,APAC,Singapore,Monitor Riser Oak,Desk,1,64,0,86.4,Consumer,Online,C. Nakamura,false
SO-101237,2024-12-22,EU,Germany,Quill Notebook A4,Stationery,1,16,0.05,20.52,Consumer,Online,G. Patel,false
SO-103023,2024-12-22,MEA,South Africa,Monitor Riser Oak,Desk,1,64,0.1,77.76,Consumer,Online,E. Haddad,false
SO-103295,2024-12-22,MEA,South Africa,Planner 2024,Stationery,1,24,0,32.4,Small Business,Online,H. Silva,false
SO-103519,2024-12-22,NA,United States,Desk Mat Linen,Desk,3,34,0,137.7,Consumer,Online,E. Haddad,false
SO-104043,2024-12-22,EU,Spain,Calligraphy Starter Kit,Writing,2,58,0,156.6,Consumer,Retail,D. Rossi,false
SO-104955,2024-12-22,LATAM,Argentina,Monitor Riser Oak,Desk,1,64,0,86.4,Small Business,Retail,E. Haddad,true
SO-105507,2024-12-22,LATAM,Brazil,Quill Notebook A5,Stationery,1,12.5,0,16.88,Consumer,Online,A. Okafor,false
SO-105572,2024-12-22,EU,Spain,Fountain Pen Classic,Writing,3,48,0,194.4,Enterprise,Online,H. Silva,false
SO-100312,2024-12-23,NA,United States,Quill Notebook A4,Stationery,1,16,0.1,19.44,Enterprise,Retail,F. Moreau,false
SO-100656,2024-12-23,MEA,Kenya,Pen Stand Walnut,Desk,5,29,0.2,156.6,Small Business,Wholesale,B. Lindqvist,false
SO-102110,2024-12-23,EU,Germany,Pen Stand Walnut,Desk,2,29,0,78.3,Consumer,Online,B. Lindqvist,false
SO-103474,2024-12-23,LATAM,Brazil,Pen Stand Walnut,Desk,3,29,0,117.45,Consumer,Retail,D. Rossi,false
SO-104494,2024-12-23,MEA,South Africa,Planner 2024,Stationery,2,24,0,64.8,Consumer,Online,D. Rossi,false
SO-104763,2024-12-23,MEA,Kenya,Sticky Notes Pastel,Stationery,2,5.5,0,14.85,Consumer,Online,B. Lindqvist,false
SO-105104,2024-12-23,LATAM,Brazil,Fountain Pen Classic,Writing,2,48,0,129.6,Enterprise,Retail,D. Rossi,true
SO-100286,2024-12-24,NA,United States,Leather Journal Cover,Accessories,2,42,0,113.4,Consumer,Online,B. Lindqvist,false
SO-100523,2024-12-24,LATAM,Brazil,Desk Mat Linen,Desk,2,34,0.1,82.62,Consumer,Online,B. Lindqvist,false
SO-101076,2024-12-24,LATAM,Brazil,Ink Bottle Sepia 50ml,Ink,3,18,0,72.9,Consumer,Retail,B. Lindqvist,false
SO-102405,2024-12-24,LATAM,Brazil,Calligraphy Starter Kit,Writing,3,58,0.1,211.41,Consumer,Retail,B. Lindqvist,false
SO-104088,2024-12-24,MEA,United Arab Emirates,Sticky Notes Pastel,Stationery,2,5.5,0.1,13.37,Small Business,Online,D. Rossi,false
SO-104242,2024-12-24,EU,Spain,Calligraphy Starter Kit,Writing,3,58,0,234.9,Consumer,Retail,A. Okafor,false
SO-105117,2024-12-24,LATAM,Argentina,Sticky Notes Pastel,Stationery,3,5.5,0,22.28,Consumer,Retail,H. Silva,false
SO-100631,2024-12-25,NA,United States,Fountain Pen Classic,Writing,1,48,0,64.8,Consumer,Retail,A. Okafor,false
SO-101528,2024-12-25,EU,France,Quill Notebook A5,Stationery,1,12.5,0,16.88,Consumer,Online,D. Rossi,false
SO-101662,2024-12-25,LATAM,Chile,Pen Case Canvas,Accessories,1,22,0.05,28.22,Consumer,Retail,A. Okafor,false
SO-102247,2024-12-25,NA,Mexico,Pen Stand Walnut,Desk,1,29,0.05,37.19,Consumer,Online,D. Rossi,false
SO-102380,2024-12-25,NA,United States,Pen Stand Walnut,Desk,2,29,0,78.3,Enterprise,Wholesale,B. Lindqvist,false
SO-104140,2024-12-25,NA,United States,Pen Case Canvas,Accessories,1,22,0.05,28.22,Consumer,Retail,B. Lindqvist,false
SO-104340,2024-12-25,LATAM,Brazil,Desk Mat Linen,Desk,2,34,0,91.8,Small Business,Online,B. Lindqvist,false
SO-105278,2024-12-25,MEA,United Arab Emirates,Monitor Riser Oak,Desk,1,64,0,86.4,Consumer,Online,F. Moreau,false
SO-105789,2024-12-25,NA,Mexico,Calligraphy Starter Kit,Writing,1,58,0,78.3,Enterprise,Retail,B. Lindqvist,false
SO-105981,2024-12-25,NA,Canada,Gel Pen 5-pack,Writing,2,9.9,0.1,24.06,Consumer,Retail,F. Moreau,false
SO-100362,2024-12-26,EU,United Kingdom,Fountain Pen Brass,Writing,1,79,0.05,101.32,Consumer,Online,B. Lindqvist,false
SO-100409,2024-12-26,APAC,Australia,Planner 2024,Stationery,2,24,0,64.8,Small Business,Wholesale,A. Okafor,false
SO-101132,2024-12-26,MEA,Kenya,Planner 2024,Stationery,1,24,0,32.4,Consumer,Retail,H. Silva,false
SO-101253,2024-12-26,EU,Netherlands,Calligraphy Starter Kit,Writing,1,58,0,78.3,Consumer,Retail,B. Lindqvist,false
SO-101487,2024-12-26,LATAM,Brazil,Planner 2024,Stationery,2,24,0,64.8,Small Business,Wholesale,C. Nakamura,false
SO-102594,2024-12-26,MEA,South Africa,Ink Cartridge Midnight,Ink,2,6.5,0,17.55,Small Business,Online,H. Silva,false
SO-102621,2024-12-26,EU,Netherlands,Ink Bottle Sepia 50ml,Ink,3,18,0,72.9,Consumer,Wholesale,E. Haddad,false
SO-104075,2024-12-26,LATAM,Chile,Ink Cartridge Midnight,Ink,2,6.5,0.2,14.04,Enterprise,Online,D. Rossi,false
SO-104515,2024-12-26,NA,Mexico,Monitor Riser Oak,Desk,10,64,0,864,Enterprise,Online,B. Lindqvist,false
SO-104683,2024-12-26,APAC,Singapore,Monitor Riser Oak,Desk,1,64,0,86.4,Consumer,Online,D. Rossi,false
SO-104895,2024-12-26,LATAM,Brazil,Leather Journal Cover,Accessories,5,42,0,283.5,Small Business,Retail,B. Lindqvist,false
SO-105064,2024-12-26,EU,United Kingdom,Calligraphy Starter Kit,Writing,2,58,0,156.6,Small Business,Online,A. Okafor,false
SO-100808,2024-12-27,EU,United Kingdom,Sticky Notes Pastel,Stationery,2,5.5,0,14.85,Consumer,Retail,A. Okafor,false
SO-102338,2024-12-27,NA,Canada,Pen Stand Walnut,Desk,1,29,0,39.15,Consumer,Wholesale,C. Nakamura,false
SO-102358,2024-12-27,APAC,Australia,Pen Case Canvas,Accessories,5,22,0.2,118.8,Consumer,Online,D. Rossi,false
SO-103949,2024-12-27,EU,Germany,Sticky Notes Pastel,Stationery,1,5.5,0,7.43,Small Business,Online,C. Nakamura,false
SO-104624,2024-12-27,APAC,Singapore,Fountain Pen Classic,Writing,1,48,0.1,58.32,Enterprise,Retail,B. Lindqvist,false
SO-100045,2024-12-28,LATAM,Argentina,Fountain Pen Brass,Writing,3,79,0,319.95,Consumer,Retail,G. Patel,false
SO-100798,2024-12-28,LATAM,Argentina,Ink Cartridge Midnight,Ink,5,6.5,0,43.88,Consumer,Online,C. Nakamura,false
SO-101650,2024-12-28,LATAM,Argentina,Quill Notebook A4,Stationery,3,16,0,64.8,Consumer,Online,E. Haddad,false
SO-102328,2024-12-28,EU,France,Pen Case Canvas,Accessories,10,22,0.1,267.3,Consumer,Online,B. Lindqvist,false
SO-103039,2024-12-28,EU,France,Quill Notebook A4,Stationery,1,16,0,21.6,Small Business,Online,E. Haddad,false
SO-103376,2024-12-28,EU,Spain,Quill Notebook A5,Stationery,2,12.5,0,33.75,Consumer,Online,D. Rossi,false
SO-105136,2024-12-28,NA,Mexico,Pen Stand Walnut,Desk,2,29,0,78.3,Small Business,Online,C. Nakamura,false
SO-105949,2024-12-28,MEA,South Africa,Leather Journal Cover,Accessories,1,42,0.1,51.03,Consumer,Retail,D. Rossi,false
SO-100339,2024-12-29,EU,United Kingdom,Ink Bottle Sepia 50ml,Ink,1,18,0,24.3,Enterprise,Online,D. Rossi,false
SO-101340,2024-12-29,MEA,Kenya,Pen Case Canvas,Accessories,2,22,0,59.4,Small Business,Online,E. Haddad,false
SO-101406,2024-12-29,EU,Germany,Pen Stand Walnut,Desk,2,29,0.05,74.38,Consumer,Online,G. Patel,false
SO-103155,2024-12-29,EU,United Kingdom,Gel Pen 5-pack,Writing,1,9.9,0,13.37,Enterprise,Retail,E. Haddad,false
SO-104870,2024-12-29,LATAM,Brazil,Ink Cartridge Midnight,Ink,3,6.5,0,26.33,Consumer,Online,F. Moreau,false
SO-105194,2024-12-29,APAC,Australia,Pen Case Canvas,Accessories,1,22,0.1,26.73,Enterprise,Retail,E. Haddad,false
SO-102552,2024-12-30,NA,Mexico,Calligraphy Starter Kit,Writing,10,58,0,783,Consumer,Online,G. Patel,false
SO-103731,2024-12-30,MEA,South Africa,Monitor Riser Oak,Desk,1,64,0,86.4,Consumer,Retail,A. Okafor,false
SO-104423,2024-12-30,MEA,South Africa,Sticky Notes Pastel,Stationery,3,5.5,0.05,21.16,Consumer,Online,F. Moreau,false
SO-104855,2024-12-30,APAC,Singapore,Leather Journal Cover,Accessories,1,42,0,56.7,Enterprise,Online,H. Silva,false
SO-105325,2024-12-30,LATAM,Argentina,Quill Notebook A4,Stationery,1,16,0,21.6,Small Business,Online,A. Okafor,false
SO-105399,2024-12-30,MEA,South Africa,Ink Bottle Sepia 50ml,Ink,5,18,0,121.5,Consumer,Retail,C. Nakamura,false
SO-105743,2024-12-30,LATAM,Argentina,Calligraphy Starter Kit,Writing,1,58,0.1,70.47,Small Business,Retail,C. Nakamura,false
